"","plot","mean.height","transect.length","mode.el","height.2","max.el","mode.2","max.can.ht","mean.max.ht","mean.vai","max.vai","deep.gaps","porosity","std.std","mean.std","rugosity","top.rugosity","rumple","clumping.index"
"1","ACSA9.csv",12.8886848054206,50,9.18367346938776,6.87557434286019,25,5.92357265813756,30,15.1224489795918,6.03877551020408,8.1,0,0.832,414.237161820887,12.7835561432422,15.8372300025434,7.8465296284972,7.1,0.953029852624475
