"","plot","mean.height","transect.length","mode.el","height.2","max.el","mode.2","max.can.ht","mean.max.ht","mean.vai","max.vai","deep.gaps","porosity","std.std","mean.std","rugosity","top.rugosity","rumple"
"1","AF_A4b_072516.CSV",6.18637455508624,40,5.6,5.53109199746678,19,1.46578861322194,21.963,11.5175,1.18218054236184,3.53766361460099,12,0.3,291.08498161598,9.22120918855117,14.3545909978989,8.96633675591726,0.224158418897931
