"","plot","mean.height","transect.length","mode.el","height.2","max.el","mode.2","max.can.ht","mean.max.ht","mean.vai","max.vai","deep.gaps","porosity","std.std","mean.std","rugosity","top.rugosity","rumple"
"1","AF_A4a_072516.CSV",7.89452540150609,40,7.925,5.11846649808311,19,1.22051059202987,22.839,13.34625,1.40960857381563,3.40743430991265,4,0.1,256.994258195925,9.91274112394412,12.5988817601243,7.09267112444156,0.177316778111039
