"","plot","mean.height","transect.length","mode.el","height.2","max.el","mode.2","max.can.ht","mean.max.ht","mean.vai","max.vai","deep.gaps","porosity","std.std","mean.std","rugosity","top.rugosity","rumple"
"1","AF_D9b_0728016.CSV",5.75965714755455,40,5.65,3.64784104389194,20,1.72298354019536,25.24,12.130625,1.96412575193473,3.80322430702942,1,0.025,183.379220070369,8.82371741445862,10.2723527519332,7.3901562479145,0.184753906197863
