"","plot","mean.height","transect.length","mode.el","height.2","max.el","mode.2","max.can.ht","mean.max.ht","mean.vai","max.vai","deep.gaps","porosity","std.std","mean.std","rugosity","top.rugosity","rumple"
"1","AF_D9_0728016.CSV",4.53200654133334,40,4.925,2.18952874096662,17,2.68329797237906,18.832,9.870775,2.1902543201489,4.77012912105093,0,0,61.0554585502515,4.59423038322505,6.32048303028363,5.24250850842394,0.131062712710599
