"","plot","mean.height","transect.length","mode.el","height.2","max.el","mode.2","max.can.ht","mean.max.ht","mean.vai","max.vai","deep.gaps","porosity","std.std","mean.std","rugosity","top.rugosity","rumple"
"1","AF_D9a_0728016.CSV",5.01214810797822,40,4.5,1.88987707680943,9,2.20986620775257,22.094,11.917075,2.2966035438461,3.74588362833999,0,0,37.8148070202422,4.26409147359618,4.43083862548012,5.14645178932746,0.128661294733186
