"","plot","mean.height","transect.length","mode.el","height.2","max.el","mode.2","max.can.ht","mean.max.ht","mean.vai","max.vai","deep.gaps","porosity","std.std","mean.std","rugosity","top.rugosity","rumple"
"1","AF_G8a_0729016.CSV",3.47755003628738,40,3.3,1.90675922785441,14,3.04694453169739,23.531,9.944125,2.20415864374997,4.94117978853637,0,0,33.5769825336474,3.50953005648715,4.61087641520142,5.89048343402632,0.147262085850658
