"","plot","mean.height","transect.length","mode.el","height.2","max.el","mode.2","max.can.ht","mean.max.ht","mean.vai","max.vai","deep.gaps","porosity","std.std","mean.std","rugosity","top.rugosity","rumple"
"1","AF_G8_0729016.CSV",4.59057963451974,40,3.975,2.03244927732189,8,2.23145152012882,16.806,11.119725,2.27772859243499,3.49374689999662,0,0,56.0423333757388,5.17059149344025,5.41362327685462,3.95989547250999,0.0989973868127498
