"","plot","mean.height","transect.length","mode.el","height.2","max.el","mode.2","max.can.ht","mean.max.ht","mean.vai","max.vai","deep.gaps","porosity","std.std","mean.std","rugosity","top.rugosity","rumple"
"1","AF_G8b_0729016.CSV",4.73008542663092,40,4.475,1.70254288824376,10,1.77666118011744,20.423,12.0308,2.20527513396796,4.5134992149834,0,0,38.4655922478315,4.6217303446719,4.13584342897195,3.94306481215063,0.0985766203037658
