"","plot","mean.height","transect.length","mode.el","height.2","max.el","mode.2","max.can.ht","mean.max.ht","mean.vai","max.vai","deep.gaps","porosity","std.std","mean.std","rugosity","top.rugosity"
"1","rice_control_one.CSV",6.56732508132111,30,5.26666666666667,3.59891722013316,16,3.67816379310233,21.504,13.7511333333333,7.53910697247528,8.06589785831961,0,0.727536231884058,155.560090153417,7.8744091286218,9.67231983696229,5.69332853818205
