"","plot","mean.height","transect.length","mode.el","height.2","max.el","mode.2","max.can.ht","mean.max.ht","mean.vai","max.vai","deep.gaps","porosity","std.std","mean.std","rugosity","top.rugosity"
"1","rice_treatment_two.CSV",9.35080907975771,30,8.43333333333333,8.40249798596643,29,8.89825201311409,29.738,13.8151333333333,5.15369452087953,8.09542743538767,5,0.813978494623656,212.478271756269,8.09498743971163,12.1222708312915,9.67382822890188
