"","plot","mean.height","transect.length","mode.el","height.2","max.el","mode.2","max.can.ht","mean.max.ht","mean.vai","max.vai","deep.gaps","porosity","std.std","mean.std","rugosity","top.rugosity"
"1","rice_treatment_one.CSV",8.62460831057935,30,7.33333333333333,3.72850738405849,20,4.30761599444003,28.74,18.2126,7.31458480364384,8.75912408759124,0,0.798888888888889,373.437587028925,12.3063176810845,14.8994003960277,7.25080307847059
