"","plot","mean.height","transect.length","mode.el","height.2","max.el","mode.2","max.can.ht","mean.max.ht","mean.vai","max.vai","deep.gaps","porosity","std.std","mean.std","rugosity","top.rugosity","rumple"
"1","AF_A4_072516.CSV",8.15581088449886,40,7.85,5.7241303792114,19,1.88788524704692,20.079,13.369275,1.56276931980531,5.40861335369811,5,0.125,216.858900739793,8.30309579989301,12.1621338949048,6.78996763704949,0.169749190926237
