"","plot","mean.height","transect.length","mode.el","height.2","max.el","mode.2","max.can.ht","mean.max.ht","mean.vai","max.vai","deep.gaps","porosity","std.std","mean.std","rugosity","top.rugosity","rumple"
"1","VDGIF-C5-06072016.csv",4.73931579213614,30,4.33333333333333,3.45640123320581,17,3.2882679571835,28.786,11.6352666666667,2.6231160233473,5.17322883040301,0,0,302.959497160134,6.62268600633112,16.0965688027505,7.99527770078336,0.266509256692779
