"","plot","mean.height","transect.length","mode.el","height.2","max.el","mode.2","max.can.ht","mean.max.ht","mean.vai","max.vai","deep.gaps","porosity","std.std","mean.std","rugosity","top.rugosity"
"1","ac_107.CSV",8.2285783510588,40,7.15,3.70160751269411,5.66899766899767,4.73048623293631,22.52,15.4499,6.45452387408601,8.05633802816901,0,0.661458333333333,377.875906253917,12.6214152662738,14.7843086727174,4.93695971948272
