"","plot","mean.height","transect.length","mode.el","height.2","max.el","mode.2","max.can.ht","mean.max.ht","mean.vai","max.vai","deep.gaps","porosity","std.std","mean.std","rugosity","top.rugosity"
"1","cp9274e.CSV",10.5296759350537,50,9.6,4.43122878206758,7.51958224543081,5.98665181883831,30.657,19.68996,7.29900803112308,8.05940594059406,0,0.72375,612.187564509473,17.8911226908192,17.0907955745638,5.6659187484179
