"","plot","mean.height","transect.length","mode.el","height.2","max.el","mode.2","max.can.ht","mean.max.ht","mean.vai","max.vai","deep.gaps","porosity","std.std","mean.std","rugosity","top.rugosity"
"1","cp9235c.CSV",9.40645324699,60,8.11666666666667,5.74798069569941,7.78231292517007,6.63599192953765,28.009,18.2958666666667,6.98059319051905,8.17349397590361,0,0.758045977011494,651.747943335217,16.0133044517242,19.8827066535622,6.61268427885011
