"","plot","mean.height","transect.length","mode.el","height.2","max.el","mode.2","max.can.ht","mean.max.ht","mean.vai","max.vai","deep.gaps","porosity","std.std","mean.std","rugosity","top.rugosity"
"1","cp9235w.CSV",9.68834270865181,60,7.76666666666667,5.70220583940309,7.07598784194529,6.55582861954832,27.358,18.60975,7.0333292287651,8.36653386454183,0,0.689880952380952,937.411505848822,21.19434925602,22.0954987602151,7.70696692439567
