"","plot","mean.height","transect.length","mode.el","height.2","max.el","mode.2","max.can.ht","mean.max.ht","mean.vai","max.vai","deep.gaps","porosity","std.std","mean.std","rugosity","top.rugosity"
"1","cp9274w.CSV",8.28475094870044,60,6.3,5.82913057372709,7.13651951325932,6.67158152164837,27.863,19.1167,7.33363976074866,8.02768166089965,0,0.735632183908046,1190.70171270881,21.1246946753479,27.2845924943391,7.15238805041567
