"","plot","mean.height","transect.length","mode.el","height.2","max.el","mode.2","max.can.ht","mean.max.ht","mean.vai","max.vai","deep.gaps","porosity","std.std","mean.std","rugosity","top.rugosity"
"1","cp9240e.CSV",10.4869195525947,50,8.72,3.39986139634625,7.96444444444444,4.69910629801029,34.259,17.93136,7.82523617137255,8.03555555555556,0,0.791428571428571,647.940748875977,14.3859249956992,20.9996645424181,6.72026268546347
