"","plot","mean.height","transect.length","mode.el","height.2","max.el","mode.2","max.can.ht","mean.max.ht","mean.vai","max.vai","deep.gaps","porosity","std.std","mean.std","rugosity","top.rugosity"
"1","cp9239c.CSV",11.714446875677,40,10.75,5.50441568952346,7.47785547785548,6.03220523523529,37.563,22.20735,7.30974105319377,8.14659685863874,0,0.825,738.629320430401,17.1677690964811,21.0688638678099,7.33704879379741
