"","plot","mean.height","transect.length","mode.el","height.2","max.el","mode.2","max.can.ht","mean.max.ht","mean.vai","max.vai","deep.gaps","porosity","std.std","mean.std","rugosity","top.rugosity"
"1","cp9240e_part2.CSV",11.7380170205246,10,12,4.03399013953029,4.55802165238714,4.60434577328853,19.505,13.6395,5.01680898953523,7.70130452150214,0,0.685714285714286,120.095013088368,8.0894774585537,7.39292685855337,4.87446401042093
