"","plot","mean.height","transect.length","mode.el","height.2","max.el","mode.2","max.can.ht","mean.max.ht","mean.vai","max.vai","deep.gaps","porosity","std.std","mean.std","rugosity","top.rugosity"
"1","cp9333w.CSV",9.54228149846591,60,7.81666666666667,5.10777767334509,7.26550868486352,5.49391077062192,28.862,20.1632833333333,7.68221121007886,8.10457516339869,0,0.715555555555556,849.23202491345,20.3631328196595,20.8464588523412,7.29057877103503
