"","plot","mean.height","transect.length","mode.el","height.2","max.el","mode.2","max.can.ht","mean.max.ht","mean.vai","max.vai","deep.gaps","porosity","std.std","mean.std","rugosity","top.rugosity"
"1","cp9452e.CSV",8.77014149109006,60,6.18333333333333,4.73601856058685,6.67249764126727,4.36841568026162,30.378,20.3635166666667,7.41226197953028,8.54828660436137,0,0.72258064516129,933.649149181934,20.6636764777653,22.5091453326017,7.35746005706065
