"","plot","mean.height","transect.length","mode.el","height.2","max.el","mode.2","max.can.ht","mean.max.ht","mean.vai","max.vai","deep.gaps","porosity","std.std","mean.std","rugosity","top.rugosity"
"1","cp9452c.CSV",6.91259480817427,50,5.22,2.9606013874585,7.94117647058824,3.28809975517775,30.801,16.89932,7.79798505488438,8.19900497512438,0,0.755,586.717886808327,13.42580079992,20.160995999434,7.58142995623019
