"","plot","mean.height","transect.length","mode.el","height.2","max.el","mode.2","max.can.ht","mean.max.ht","mean.vai","max.vai","deep.gaps","porosity","std.std","mean.std","rugosity","top.rugosity"
"1","cp9427e_lastone.CSV",15.6013146340702,10,14,6.14795486860069,5.64648536491956,8.36660026534076,25.9,24.7879,4.3541098100106,8.03470715835141,0,0.714814814814815,2748.80902029762,36.9389813663962,37.2064601367915,1.5035646865588
