"","plot","mean.height","transect.length","mode.el","height.2","max.el","mode.2","max.can.ht","mean.max.ht","mean.vai","max.vai","deep.gaps","porosity","std.std","mean.std","rugosity","top.rugosity"
"1","cp9453w.CSV",10.0793653621834,50,7.72,5.48125393592926,6.95867768595041,6.75585671843327,29.504,23.56976,7.45441473232706,8.01990049751244,0,0.647096774193548,1841.21436653068,31.9376972689922,28.6565500310992,5.85349375721152
