"","plot","mean.height","transect.length","mode.el","height.2","max.el","mode.2","max.can.ht","mean.max.ht","mean.vai","max.vai","deep.gaps","porosity","std.std","mean.std","rugosity","top.rugosity"
"1","cp9428e.CSV",13.6913154484065,60,11.9666666666667,6.96587254043516,7.87956989247312,7.75234731477434,31.037,22.15015,6.93370278192841,8.04705882352941,0,0.741145833333333,848.349743543489,19.7448585248649,21.4123867276994,8.29521724324998
