"","plot","mean.height","transect.length","mode.el","height.2","max.el","mode.2","max.can.ht","mean.max.ht","mean.vai","max.vai","deep.gaps","porosity","std.std","mean.std","rugosity","top.rugosity"
"1","faset_d3.CSV",7.82153546483661,40,6.925,3.28856473979498,5.64588528678304,4.19754392472551,18.541,13.29785,6.07024904621457,9.08505747126437,0,0.6525,78.3298024736155,6.77429168629268,5.69550477329635,3.86465796774984
