"","plot","mean.height","transect.length","mode.el","height.2","max.el","mode.2","max.can.ht","mean.max.ht","mean.vai","max.vai","deep.gaps","porosity","std.std","mean.std","rugosity","top.rugosity"
"1","faset_g3.CSV",6.74211860374144,40,5.725,4.29282714875663,5.40932642487047,4.44964886255084,22.47,10.0965,3.32209279413449,8.03094777562863,6,0.796739130434783,139.035531546311,7.11269533883002,9.40452532365652,6.44633449413358
