"","plot","mean.height","transect.length","mode.el","height.2","max.el","mode.2","max.can.ht","mean.max.ht","mean.vai","max.vai","deep.gaps","porosity","std.std","mean.std","rugosity","top.rugosity"
"1","faset_320.CSV",10.2788047338815,40,9.2,3.47116711632499,6.07476635514019,4.62168800331654,22.621,16.909375,7.19841102582791,8.03516483516484,0,0.64375,153.864176464068,9.32940087841591,8.17474499381359,2.73439306243119
