"","plot","mean.height","transect.length","mode.el","height.2","max.el","mode.2","max.can.ht","mean.max.ht","mean.vai","max.vai","deep.gaps","porosity","std.std","mean.std","rugosity","top.rugosity"
"1","ltreb_bp_36_2.CSV",8.35199237056061,40,6.975,2.87813329570268,5.20210896309315,3.60892989679766,19.113,14.47875,6.76133677480407,8.0140350877193,0,0.5825,217.657636255489,10.0805848837501,10.7721606308575,3.8461492680742
