"","plot","mean.height","transect.length","mode.el","height.2","max.el","mode.2","max.can.ht","mean.max.ht","mean.vai","max.vai","deep.gaps","porosity","std.std","mean.std","rugosity","top.rugosity"
"1","ltreb_bp_54_1.CSV",10.2423002652733,40,9.075,3.70731496202003,4.34785218216349,4.90605493242789,18.312,14.6394,4.81924060930288,8.17288801571709,0,0.657894736842105,201.613972103345,9.60192372730337,10.4602596926842,2.65403091396986
