"","plot","mean.height","transect.length","mode.el","height.2","max.el","mode.2","max.can.ht","mean.max.ht","mean.vai","max.vai","deep.gaps","porosity","std.std","mean.std","rugosity","top.rugosity"
"1","ltreb_bf_7.CSV",10.3693710395632,40,9.325,3.38258503841953,6.27118644067797,4.38968962456345,19.549,16.064375,6.64533304487114,8.41322314049587,0,0.602380952380952,188.39239395634,9.89123321429682,9.51608635189548,2.62453879403796
