"","plot","mean.height","transect.length","mode.el","height.2","max.el","mode.2","max.can.ht","mean.max.ht","mean.vai","max.vai","deep.gaps","porosity","std.std","mean.std","rugosity","top.rugosity","plot","mean.return.ht","sd.return.ht","sky.fraction","cover.fraction","max.ht","rumple","clumping.index"
"1","TH_ACSA_P1_T1.CSV",15.9293922070956,60,14.7333333333333,6.14843030837027,25,6.40017360875643,29.669,22.33925,7.32949618162314,8.0650406504065,0,0.709677419354839,174.146109911394,9.21186438697679,9.44921501646261,5.76580316079062,"TH_ACSA_P1_T1.CSV",14.9441612663581,6.93691987963262,3.2669983416252,96.7330016583748,29.669,4.58333333333333,0.898144932824711
