"","plot","mean.height","transect.length","mode.el","height.2","max.el","mode.2","max.can.ht","mean.max.ht","mean.vai","max.vai","deep.gaps","porosity","std.std","mean.std","rugosity","top.rugosity","plot","mean.return.ht","sd.return.ht","sky.fraction","cover.fraction","max.ht","rumple","clumping.index"
"1","TH_PIAB_P1_T3.CSV",15.5105437863142,60,14.9666666666667,4.36420422488258,24,5.98043105098249,29.172,23.4261666666667,6.62829576195825,8.03112840466926,0,0.547777777777778,492.486777994387,17.9707281966171,13.0207413797256,4.30988853592415,"TH_PIAB_P1_T3.CSV",14.8343949661181,6.03545011188931,3.97397164768766,96.0260283523123,29.172,3.43333333333333,0.793178792519448
