"","plot","mean.height","transect.length","mode.el","height.2","max.el","mode.2","max.can.ht","mean.max.ht","mean.vai","max.vai","deep.gaps","porosity","std.std","mean.std","rugosity","top.rugosity"
"1","TALL_59C.CSV",16.8864800105761,40,15.75,10.9975913470816,36,12.4614405266807,36.139,25.216975,4.87183573484384,8.05568445475638,1,0.775,522.177034067183,17.1108062112677,15.1458689043456,9.12398251295972
