"","plot","mean.height","transect.length","mode.el","height.2","max.el","mode.2","max.can.ht","mean.max.ht","mean.vai","max.vai","deep.gaps","porosity","std.std","mean.std","rugosity","top.rugosity"
"1","TALL_50E.CSV",6.43614403472492,40,6.15,7.13353788149909,16,6.79172290365265,18.516,7.005225,1.71843475760208,8.03137254901961,20,0.895,3.21338148464116,0.802124859858624,1.60311484112584,7.86970492551935
