"","plot","mean.height","transect.length","mode.el","height.2","max.el","mode.2","max.can.ht","mean.max.ht","mean.vai","max.vai","deep.gaps","porosity","std.std","mean.std","rugosity","top.rugosity"
"1","TALL_53C.CSV",14.2630942563688,40,13.2,5.59689341219247,26,6.2417946137309,34.242,22.363725,6.59472400173586,8.0896,0,0.766428571428571,558.837957649999,17.1012228693559,16.3213398354001,7.67919473939246
