"","plot","mean.height","transect.length","mode.el","height.2","max.el","mode.2","max.can.ht","mean.max.ht","mean.vai","max.vai","deep.gaps","porosity","std.std","mean.std","rugosity","top.rugosity"
"1","TALL_45W.CSV",10.4343353809148,40,9.675,2.99632620540825,17,3.55237596546311,19.269,14.3865,4.16904603412077,8.01626016260163,0,0.6575,29.5808066072658,4.14482540677589,3.52153786783713,2.48354974448537
