"","plot","mean.height","transect.length","mode.el","height.2","max.el","mode.2","max.can.ht","mean.max.ht","mean.vai","max.vai","deep.gaps","porosity","std.std","mean.std","rugosity","top.rugosity"
"1","TALL_50C.CSV",14.372583794271,40,14.45,5.90001954110359,21,6.01643582197966,21.943,17.048525,2.79870185121308,8.25992779783394,4,0.757608695652174,205.492235108697,8.16116415850344,11.7850598083614,6.66149093955854
