"","plot","mean.height","transect.length","mode.el","height.2","max.el","mode.2","max.can.ht","mean.max.ht","mean.vai","max.vai","deep.gaps","porosity","std.std","mean.std","rugosity","top.rugosity"
"1","TALL_45C.CSV",11.7142441252896,40,11.775,2.63619369093355,15,2.88519929987514,17.772,13.9187,3.43154610377297,8.04359673024523,1,0.613157894736842,55.7249617903337,5.09593008563098,5.45494806141128,3.1783662163332
