"","plot","mean.height","transect.length","mode.el","height.2","max.el","mode.2","max.can.ht","mean.max.ht","mean.vai","max.vai","deep.gaps","porosity","std.std","mean.std","rugosity","top.rugosity"
"1","TALL_51E.CSV",13.9054599126686,40,13.3,8.92850835476456,27,9.50578771065291,26.79,17.738075,2.85865415514808,8.2021052631579,5,0.807142857142857,850.940314713501,16.0435791084378,24.3627560859768,10.1975331642146
