"","plot","mean.height","transect.length","mode.el","height.2","max.el","mode.2","max.can.ht","mean.max.ht","mean.vai","max.vai","deep.gaps","porosity","std.std","mean.std","rugosity","top.rugosity"
"1","TALL_47E.CSV",11.0105954444018,40,10.075,3.54664867649885,19,4.33236367356205,25.755,17.5676,6.6232278762042,8.01909307875895,0,0.716666666666667,194.873888149083,10.2609503660831,9.46502962139375,4.92716558557679
