"","plot","mean.height","transect.length","mode.el","height.2","max.el","mode.2","max.can.ht","mean.max.ht","mean.vai","max.vai","deep.gaps","porosity","std.std","mean.std","rugosity","top.rugosity","plot","mean.return.ht","sd.return.ht","sky.fraction","cover.fraction","max.ht","rumple","clumping.index"
"1","rice_control_one.CSV",5.51323995246318,30,4.23333333333333,3.60695347509743,15,3.70300178533878,20.454,12.7011333333333,7.55340174228346,8.06589785831961,0,0.703174603174603,155.443704236702,7.870959446863,9.66911069450237,5.69332853818205,"rice_control_one.CSV",4.88819752120811,4.43288680437131,0.81751999045232,99.1824800095477,20.454,4.86666666666667,0.942036664727958
