"","plot","mean.height","transect.length","mode.el","height.2","max.el","mode.2","max.can.ht","mean.max.ht","mean.vai","max.vai","deep.gaps","porosity","std.std","mean.std","rugosity","top.rugosity","plot","mean.return.ht","sd.return.ht","sky.fraction","cover.fraction","max.ht","rumple","clumping.index"
"1","rice_treatment_two.CSV",8.56852293592529,30,8.13333333333333,8.29348461810803,28,9.29061653258574,28.688,12.9401333333333,5.16089380711686,8.01590457256461,5,0.811111111111111,230.246051101614,8.29412404758343,12.7064376355024,9.42015534586505,"rice_treatment_two.CSV",7.78062991230919,6.55371697408905,26.0255871223497,73.9744128776503,28.688,5.06666666666667,0.966488436209462
