"","plot","mean.height","transect.length","mode.el","height.2","max.el","mode.2","max.can.ht","mean.max.ht","mean.vai","max.vai","deep.gaps","porosity","std.std","mean.std","rugosity","top.rugosity","plot","mean.return.ht","sd.return.ht","sky.fraction","cover.fraction","max.ht","rumple","clumping.index"
"1","VDGIF-T4-06072016.CSV",12.0830328900063,30,9.93333333333333,6.02727889155636,26,7.16441825195102,31.487,24.6598333333333,7.30928677018924,8.01518026565465,0,0.676041666666667,2099.28537459162,34.3440198670942,30.3277706724425,8.63180594474969,"VDGIF-T4-06072016.CSV",11.0912648057076,8.34937265416455,2.22146969183881,97.7785303081612,31.487,6.23333333333333,0.95609586412505
