"","plot","mean.height","transect.length","mode.el","height.2","max.el","mode.2","max.can.ht","mean.max.ht","mean.vai","max.vai","deep.gaps","porosity","std.std","mean.std","rugosity","top.rugosity","plot","mean.return.ht","sd.return.ht","sky.fraction","cover.fraction","max.ht","rumple","clumping.index"
"1","VDGIF-C3-06072016.CSV",4.90848955524216,30,3.56666666666667,4.00008783540275,21,4.35647665997293,27.593,12.6716,8.17987460612768,11.4089935760171,0,0.781609195402299,425.577650193663,10.4884203264191,17.7643094222664,8.25346583667985,"VDGIF-C3-06072016.CSV",4.33035471446559,5.10111427756338,0.00740631017627225,99.9925936898237,27.593,7.3,0.844177135526627
