"","plot","mean.height","transect.length","mode.el","height.2","max.el","mode.2","max.can.ht","mean.max.ht","mean.vai","max.vai","deep.gaps","porosity","std.std","mean.std","rugosity","top.rugosity","plot","mean.return.ht","sd.return.ht","sky.fraction","cover.fraction","max.ht","rumple","clumping.index"
"1","VDGIF-T5-06072016.CSV",4.75730632811002,30,3.16666666666667,3.28157927047321,13,2.36760544761063,30.233,15.0004,7.48491130268611,8.13358070500928,0,0.826881720430108,752.733841212522,14.1411088134509,23.5109098662443,9.92243212537927,"VDGIF-T5-06072016.CSV",3.79925609594487,4.33615594686657,1.59102764736567,98.4089723526343,30.233,7.7,0.748291958503609
