"","plot","mean.height","transect.length","mode.el","height.2","max.el","mode.2","max.can.ht","mean.max.ht","mean.vai","max.vai","deep.gaps","porosity","std.std","mean.std","rugosity","top.rugosity","plot","mean.return.ht","sd.return.ht","sky.fraction","cover.fraction","max.ht","rumple","clumping.index"
"1","VDGIF-C5-06072016.CSV",4.45808791573497,30,3.6,4.69231193650875,27,5.65449673563734,27.586,10.4352666666667,7.97317116828998,8.01481481481482,0,0.783908045977011,300.662496931804,6.92883074429281,15.8950873369336,7.99527770078336,"VDGIF-C5-06072016.CSV",3.55612460063898,4.49987058114686,0.0266169816342865,99.9733830183657,27.586,6.33333333333333,0.72414555547784
