"","plot","mean.height","transect.length","mode.el","height.2","max.el","mode.2","max.can.ht","mean.max.ht","mean.vai","max.vai","deep.gaps","porosity","std.std","mean.std","rugosity","top.rugosity","plot","mean.return.ht","sd.return.ht","sky.fraction","cover.fraction","max.ht","rumple","clumping.index"
"1","VDGIF-C4-06072016.CSV",11.4072585204873,30,9.13333333333333,8.42096242030499,27,9.19685936731786,30.782,17.7113,7.82275412253373,13.3432835820896,0,0.780208333333333,1287.00549230918,21.3157710527311,28.8555609326301,9.34957285083674,"VDGIF-C4-06072016.CSV",10.6068027012987,9.11971000961256,0.568181818181823,99.4318181818182,30.782,4.8,0.925809120669242
