"","plot","mean.height","transect.length","mode.el","height.2","max.el","mode.2","max.can.ht","mean.max.ht","mean.vai","max.vai","deep.gaps","porosity","std.std","mean.std","rugosity","top.rugosity"
"1","cp9241_c.CSV",14.6998062735496,60,13.6666666666667,8.31272764474561,7.31964809384164,9.64998560735829,29.666,23.0972666666667,6.58087851679701,8.06876790830946,1,0.786021505376344,1455.78054677709,24.7920293370311,29.0023417697412,6.41435683359607
