"","plot","mean.height","transect.length","mode.el","height.2","max.el","mode.2","max.can.ht","mean.max.ht","mean.vai","max.vai","deep.gaps","porosity","std.std","mean.std","rugosity","top.rugosity"
"1","cp9237e.CSV",6.94643417116754,60,5.88333333333333,2.75647918554176,7.44329896907217,3.46454261852204,26.264,12.4659166666667,7.84337211239518,8.01951219512195,0,0.762345679012346,186.150341038446,6.38270476164234,12.0586658036515,5.22523627003446
