"","plot","mean.height","transect.length","mode.el","height.2","max.el","mode.2","max.can.ht","mean.max.ht","mean.vai","max.vai","deep.gaps","porosity","std.std","mean.std","rugosity","top.rugosity"
"1","cp9241_w.CSV",14.7269075441755,60,12.9666666666667,6.83576316089343,7.5959595959596,8.6177465474192,31.21,25.5974666666667,6.70171497160039,8.13521126760563,0,0.733854166666667,1576.23071285513,27.6350167585854,28.5050269532908,4.34978695549473
