"","plot","mean.height","transect.length","mode.el","height.2","max.el","mode.2","max.can.ht","mean.max.ht","mean.vai","max.vai","deep.gaps","porosity","std.std","mean.std","rugosity","top.rugosity"
"1","cp9235e.CSV",7.20717774937343,60,6.51666666666667,6.10033472998912,6.55889145496536,7.81129879654395,27.387,16.1960666666667,6.46084769197021,8.08888888888889,4,0.728571428571429,812.661755285238,15.2028015679693,24.1150695576477,8.01133805211781
