"","plot","mean.height","transect.length","mode.el","height.2","max.el","mode.2","max.can.ht","mean.max.ht","mean.vai","max.vai","deep.gaps","porosity","std.std","mean.std","rugosity","top.rugosity"
"1","cp9239c_last20.CSV",17.8463409018712,20,16.3,8.28939347602304,7.42325581395349,10.2327904307672,39.361,31.14445,6.87833691408609,8.01909307875895,0,0.765,5062.79985899491,47.4171306474782,53.0510657777476,3.79893665835725
