"","plot","mean.height","transect.length","mode.el","height.2","max.el","mode.2","max.can.ht","mean.max.ht","mean.vai","max.vai","deep.gaps","porosity","std.std","mean.std","rugosity","top.rugosity"
"1","cp9271c.CSV",5.9331809271274,50,4.6,2.43493696742567,7.25853658536585,3.05286750449475,28.506,14.3925,7.76926880345254,8.18274111675127,0,0.734666666666667,302.04119880655,9.23494260667427,14.7226707447386,5.4990935774425
