"","plot","mean.height","transect.length","mode.el","height.2","max.el","mode.2","max.can.ht","mean.max.ht","mean.vai","max.vai","deep.gaps","porosity","std.std","mean.std","rugosity","top.rugosity"
"1","cp9237c.CSV",7.6441043776008,60,6.23333333333333,3.18706128851167,7.61643835616438,3.8788600845552,26.917,15.1158,7.78180283571913,8.22857142857143,0,0.720238095238095,258.307819671027,10.6348775940721,12.0501949457314,5.2785280427696
