"","plot","mean.height","transect.length","mode.el","height.2","max.el","mode.2","max.can.ht","mean.max.ht","mean.vai","max.vai","deep.gaps","porosity","std.std","mean.std","rugosity","top.rugosity"
"1","cp9239w.CSV",14.2535217747138,60,13.2833333333333,6.25209697325413,7.16939890710383,7.09951093777279,37.933,23.2143166666667,7.5094865897833,8.01960784313725,0,0.794871794871795,826.404911459348,18.8639835246737,21.6922805864249,8.74832217810483
