"","plot","mean.height","transect.length","mode.el","height.2","max.el","mode.2","max.can.ht","mean.max.ht","mean.vai","max.vai","deep.gaps","porosity","std.std","mean.std","rugosity","top.rugosity"
"1","cp9241_e.CSV",11.5612512862711,50,9.54,6.43581033023286,7.76290964086034,7.45710399551998,30.261,21.71386,7.69132960129871,8.17061611374408,0,0.727096774193548,902.033955783314,21.2065183936717,21.2677580718368,7.34800388835399
