"","plot","mean.height","transect.length","mode.el","height.2","max.el","mode.2","max.can.ht","mean.max.ht","mean.vai","max.vai","deep.gaps","porosity","std.std","mean.std","rugosity","top.rugosity"
"1","cp9237w.CSV",8.35548610437287,60,7.08333333333333,2.7645969454138,8,3.26747438993619,24.792,14.8814833333333,7.80060825091208,8.41304347826087,0,0.708333333333333,230.299834854926,9.58439933708877,11.7660156468593,5.88896094110151
