"","plot","mean.height","transect.length","mode.el","height.2","max.el","mode.2","max.can.ht","mean.max.ht","mean.vai","max.vai","deep.gaps","porosity","std.std","mean.std","rugosity","top.rugosity"
"1","cp9271e.CSV",6.86907941101089,40,5.15,2.16399322081106,5.85553175043491,3.14284902596354,28.512,17.40935,7.12038625361938,8.03100775193798,0,0.6825,381.514815655649,13.8382595245236,13.784679502534,6.09063336586893
