"","plot","mean.height","transect.length","mode.el","height.2","max.el","mode.2","max.can.ht","mean.max.ht","mean.vai","max.vai","deep.gaps","porosity","std.std","mean.std","rugosity","top.rugosity"
"1","cp9274c.CSV",8.97399262756764,60,8.06666666666667,4.94567191964224,7.26224783861672,5.94661434954565,26.827,18.44065,7.54511529946616,8.28070175438596,0,0.730952380952381,472.884116886194,14.4196497678097,16.2775249181163,4.99316194045009
