"","plot","mean.height","transect.length","mode.el","height.2","max.el","mode.2","max.can.ht","mean.max.ht","mean.vai","max.vai","deep.gaps","porosity","std.std","mean.std","rugosity","top.rugosity"
"1","cp9239e.CSV",13.626343296348,60,11.9833333333333,5.67115443902125,7.49895615866388,7.53102840845053,31.014,23.254,7.44377441452042,10.2546972860125,0,0.741666666666667,1021.7341683861,23.138084121323,22.0536444058726,6.65999596121423
