"","plot","mean.height","transect.length","mode.el","height.2","max.el","mode.2","max.can.ht","mean.max.ht","mean.vai","max.vai","deep.gaps","porosity","std.std","mean.std","rugosity","top.rugosity"
"1","cp9240w.CSV",9.94059131351112,60,8.41666666666667,4.26869242406447,7.39869281045752,5.05401380642708,30.11,18.4649166666667,7.74876971912634,8.03319502074689,0,0.71989247311828,395.35753664098,14.2082561909157,13.9098164133926,6.72438850673785
