"","plot","mean.height","transect.length","mode.el","height.2","max.el","mode.2","max.can.ht","mean.max.ht","mean.vai","max.vai","deep.gaps","porosity","std.std","mean.std","rugosity","top.rugosity"
"1","cp9271w.CSV",6.72125069870067,60,5.58333333333333,2.98784051795749,6.31578947368421,4.243786307323,30.853,15.7149833333333,7.4866535208938,10.6744868035191,0,0.7703125,209.797288767642,9.65880119002476,10.793741165102,6.42472288525037
