"","plot","mean.height","transect.length","mode.el","height.2","max.el","mode.2","max.can.ht","mean.max.ht","mean.vai","max.vai","deep.gaps","porosity","std.std","mean.std","rugosity","top.rugosity"
"1","cp9333c.CSV",11.4284256701359,50,10.36,7.09223019194835,6.12021857923497,9.29249159267847,30.207,20.74988,7.32202009256124,8.04743083003953,0,0.712258064516129,1075.9467301848,22.7395108373075,23.6402490905823,7.55092957283258
