"","plot","mean.height","transect.length","mode.el","height.2","max.el","mode.2","max.can.ht","mean.max.ht","mean.vai","max.vai","deep.gaps","porosity","std.std","mean.std","rugosity","top.rugosity"
"1","cp9333e.CSV",12.5778341204228,50,10.4,7.08231092209827,7.56846473029046,8.62090482490092,29.459,24.23082,6.78249196938114,8.05206073752712,0,0.722666666666667,2468.17057501751,34.5104536690748,35.7379233108493,5.76422793630098
