"","plot","mean.height","transect.length","mode.el","height.2","max.el","mode.2","max.can.ht","mean.max.ht","mean.vai","max.vai","deep.gaps","porosity","std.std","mean.std","rugosity","top.rugosity"
"1","cp9329e.CSV",8.41836264410651,60,5.31666666666667,3.84998648651361,7.81042654028436,3.81440981309327,27.166,20.35525,7.17816155498273,8.41884816753927,0,0.692261904761905,1179.04722356164,23.8544516695086,24.6984282720322,5.04298914125477
