"","plot","mean.height","transect.length","mode.el","height.2","max.el","mode.2","max.can.ht","mean.max.ht","mean.vai","max.vai","deep.gaps","porosity","std.std","mean.std","rugosity","top.rugosity"
"1","cp9329w.CSV",8.08249386727876,60,6.38333333333333,2.82500789733091,7.11811023622047,3.86907252739235,25.821,19.01925,7.66788463206511,8.01946472019465,0,0.703703703703704,644.596592163355,18.4725743749611,17.4172497290727,4.10742939374206
