"","plot","mean.height","transect.length","mode.el","height.2","max.el","mode.2","max.can.ht","mean.max.ht","mean.vai","max.vai","deep.gaps","porosity","std.std","mean.std","rugosity","top.rugosity"
"1","cp9329c.CSV",9.7503283187259,60,7.95,4.34860461415141,7.62331838565022,5.59888381733359,27.425,20.6573166666667,7.56225016164012,8.05052631578947,0,0.650595238095238,773.035808650487,20.8148410165061,18.4330735936268,4.80682787501867
