"","plot","mean.height","transect.length","mode.el","height.2","max.el","mode.2","max.can.ht","mean.max.ht","mean.vai","max.vai","deep.gaps","porosity","std.std","mean.std","rugosity","top.rugosity"
"1","cp9453e.CSV",10.8607948196776,50,8.52,5.1100473004001,7.4703196347032,5.83862997628725,28.857,21.47282,7.10743859101529,8.41221374045801,0,0.654666666666667,1388.89909385255,27.4589254260295,25.1973512159574,7.03226317589878
