"","plot","mean.height","transect.length","mode.el","height.2","max.el","mode.2","max.can.ht","mean.max.ht","mean.vai","max.vai","deep.gaps","porosity","std.std","mean.std","rugosity","top.rugosity"
"1","cp9452w.CSV",7.77889397856635,50,6.32,3.58886315282202,6.97911832946636,4.01716317816441,30.704,17.70876,7.54237597265938,8.0253164556962,0,0.759375,348.289694893003,13.0627147873875,13.3287350216129,7.39800714632953
