"","plot","mean.height","transect.length","mode.el","height.2","max.el","mode.2","max.can.ht","mean.max.ht","mean.vai","max.vai","deep.gaps","porosity","std.std","mean.std","rugosity","top.rugosity"
"1","cp9454w.CSV",9.19777141288708,60,7.03333333333333,5.04882046465243,7.6952380952381,5.98321726906928,30.104,20.6042,7.56310142455502,8.03855421686747,0,0.712903225806452,1366.53245469735,26.131863576958,26.1468575682167,7.00066470403383
