"","plot","mean.height","transect.length","mode.el","height.2","max.el","mode.2","max.can.ht","mean.max.ht","mean.vai","max.vai","deep.gaps","porosity","std.std","mean.std","rugosity","top.rugosity"
"1","cp9428w.CSV",12.5603852339495,60,10.6,6.36577484450548,6.38580931263858,7.60745248643285,31.733,23.0386833333333,7.66354556454795,8.07476635514019,0,0.742929292929293,1030.57610573083,21.5350551054917,23.8079295054035,7.00638892094793
