"","plot","mean.height","transect.length","mode.el","height.2","max.el","mode.2","max.can.ht","mean.max.ht","mean.vai","max.vai","deep.gaps","porosity","std.std","mean.std","rugosity","top.rugosity"
"1","cp9428c.CSV",10.6506537840808,60,8.85,5.55483617448189,7.41666666666667,6.15853066891771,31.234,21.4296666666667,7.48667590306104,10.2906724511931,0,0.765104166666667,1189.3594328221,20.9381909461459,27.4034959945777,7.8056641486974
