"","plot","mean.height","transect.length","mode.el","height.2","max.el","mode.2","max.can.ht","mean.max.ht","mean.vai","max.vai","deep.gaps","porosity","std.std","mean.std","rugosity","top.rugosity"
"1","cp9454e.CSV",8.91638074446258,60,6.46666666666667,4.24754264658337,6.69315673289183,5.26455653930657,32.064,22.2890166666667,7.56941899194461,8.01818181818182,0,0.703535353535354,1754.23187675146,29.0282348180962,30.1926060501066,6.94999105106525
