"","plot","mean.height","transect.length","mode.el","height.2","max.el","mode.2","max.can.ht","mean.max.ht","mean.vai","max.vai","deep.gaps","porosity","std.std","mean.std","rugosity","top.rugosity"
"1","cp9427e.CSV",5.89720034269038,60,4.7,3.08321885039887,8,3.20052079095471,27.468,13.6786166666667,7.70289423995275,8.03265306122449,0,0.795238095238095,183.507643665718,7.82754074462999,11.0560955837436,7.21030218011222
