"","plot","mean.height","transect.length","mode.el","height.2","max.el","mode.2","max.can.ht","mean.max.ht","mean.vai","max.vai","deep.gaps","porosity","std.std","mean.std","rugosity","top.rugosity"
"1","cp9427w.CSV",10.6719340314098,60,9.33333333333333,7.800300918308,7.53086419753086,8.2334008094401,31.334,20.7175166666667,6.90793944313771,8.07476635514019,0,0.780729166666667,707.646770852823,14.9461604059497,22.0058869390089,7.90677703413433
