"","plot","mean.height","transect.length","mode.el","height.2","max.el","mode.2","max.can.ht","mean.max.ht","mean.vai","max.vai","deep.gaps","porosity","std.std","mean.std","rugosity","top.rugosity"
"1","cp9453c.CSV",8.79173727215523,50,6.84,5.28686314777269,7.06183368869936,6.70032835016315,30.502,19.19002,7.08297508173638,8.01937046004843,0,0.744375,1736.30504459568,28.2728162553769,30.6096864666298,8.23207975430416
