"","plot","mean.height","transect.length","mode.el","height.2","max.el","mode.2","max.can.ht","mean.max.ht","mean.vai","max.vai","deep.gaps","porosity","std.std","mean.std","rugosity","top.rugosity"
"1","cp9454c.CSV",9.6532175263863,60,7.1,4.84917067626914,7.67914438502674,5.43660433236287,30.353,21.5721,7.39578525697097,8.06060606060606,0,0.685483870967742,1061.4453061257,24.4478982308963,21.5347528014008,6.15104884180229
