"","plot","mean.height","transect.length","mode.el","height.2","max.el","mode.2","max.can.ht","mean.max.ht","mean.vai","max.vai","deep.gaps","porosity","std.std","mean.std","rugosity","top.rugosity"
"1","AF_A4a_072516.CSV",8.81460728400035,40,8.3,5.50035428702888,19,6.1367743970265,22.689,13.21125,3.69343368022395,8.11188811188811,4,0.778125,217.636578653847,9.37900608754491,11.3873097553216,7.06380964893663
