"","plot","mean.height","transect.length","mode.el","height.2","max.el","mode.2","max.can.ht","mean.max.ht","mean.vai","max.vai","deep.gaps","porosity","std.std","mean.std","rugosity","top.rugosity"
"1","AF_A4b_072516.CSV",6.49319854399667,40,5.275,5.67774020423611,18,5.70520595596688,21.813,11.4125,2.87272243444808,8.03252032520325,12,0.775,324.657365400123,9.86776184047475,15.0759623792245,8.90712563783655
