"","plot","mean.height","transect.length","mode.el","height.2","max.el","mode.2","max.can.ht","mean.max.ht","mean.vai","max.vai","deep.gaps","porosity","std.std","mean.std","rugosity","top.rugosity"
"1","AF_D9a_0728016.CSV",5.40612988915436,40,4.175,1.86059962358494,8,2.04801733391102,21.944,11.767075,6.48520621787998,8.02622950819672,0,0.675,42.455818245693,4.60097751735695,4.61376463752421,5.14645178932746
