"","plot","mean.height","transect.length","mode.el","height.2","max.el","mode.2","max.can.ht","mean.max.ht","mean.vai","max.vai","deep.gaps","porosity","std.std","mean.std","rugosity","top.rugosity"
"1","AF_D9b_0728016.CSV",6.10699233473802,40,4.7,3.64306138494458,15,3.28024389337134,25.09,11.984375,5.05431530021376,8.21548821548822,1,0.769230769230769,196.696630001968,9.25827413581665,10.5347515408782,7.3838783419413
