"","plot","mean.height","transect.length","mode.el","height.2","max.el","mode.2","max.can.ht","mean.max.ht","mean.vai","max.vai","deep.gaps","porosity","std.std","mean.std","rugosity","top.rugosity"
"1","AF_D9_0728016.CSV",4.94069365509702,40,3.925,2.28519226172234,14,2.70543434590455,18.682,9.720775,5.19344286578078,8.05161290322581,0,0.6975,60.3753464322085,4.80678755201449,6.10492750669548,5.24250850842394
