"","plot","mean.height","transect.length","mode.el","height.2","max.el","mode.2","max.can.ht","mean.max.ht","mean.vai","max.vai","deep.gaps","porosity","std.std","mean.std","rugosity","top.rugosity","plot","mean.return.ht","sd.return.ht","sky.fraction","cover.fraction","max.ht","rumple","clumping.index"
"1","AF_G8a_0729016.CSV",3.83855377194016,40,2.55,1.89164435327941,13,1.99937490231322,23.381,9.794125,5.08715837364698,8.22448979591837,0,0.775,48.7762960039261,4.17656473270286,5.59755330813998,5.89048343402632,"AF_G8a_0729016.CSV",3.02981969855727,2.28001244675298,18.1434320775879,81.8565679224121,23.381,5.075,0.712954088872796
