"","plot","mean.height","transect.length","mode.el","height.2","max.el","mode.2","max.can.ht","mean.max.ht","mean.vai","max.vai","deep.gaps","porosity","std.std","mean.std","rugosity","top.rugosity"
"1","AF_G8b_0729016.CSV",5.28198229608982,40,4.075,1.64511294265062,11,2.04190474802328,20.273,11.8808,6.29504675924176,8.07164179104478,0,0.613095238095238,44.5313953864747,5.29442490286121,4.06207586517507,3.94306481215063
