"","plot","mean.height","transect.length","mode.el","height.2","max.el","mode.2","max.can.ht","mean.max.ht","mean.vai","max.vai","deep.gaps","porosity","std.std","mean.std","rugosity","top.rugosity"
"1","AF_G8_0729016.CSV",5.01295631968815,40,3.4,2.257265116291,12,2.5377155080899,16.656,10.969725,5.93501504670434,8.17777777777778,0,0.613888888888889,60.6780699768678,5.64236252485985,5.37045762621074,3.95989547250999
