"","plot","mean.height","transect.length","mode.el","height.2","max.el","mode.2","max.can.ht","mean.max.ht","mean.vai","max.vai","deep.gaps","porosity","std.std","mean.std","rugosity","top.rugosity"
"1","ARNO_03_1.CSV",4.86548010337644,40,4.075,3.59345476528341,19,3.46689702760264,23.743,9.6544,6.79531465864793,8.91978609625668,0,0.802,37.8753720550722,3.67321030561505,4.93790422201521,6.22560334137203
