"","plot","mean.height","transect.length","mode.el","height.2","max.el","mode.2","max.can.ht","mean.max.ht","mean.vai","max.vai","deep.gaps","porosity","std.std","mean.std","rugosity","top.rugosity"
"1","ARNO_12_2.CSV",9.21791201055814,40,8.25,6.14634149265256,23,7.1510488741163,26.796,17.03455,7.67263856833419,8.13201320132013,0,0.766071428571429,1097.36008657845,19.7391089626125,26.6031513911521,7.95313679754805
