"","plot","mean.height","transect.length","mode.el","height.2","max.el","mode.2","max.can.ht","mean.max.ht","mean.vai","max.vai","deep.gaps","porosity","std.std","mean.std","rugosity","top.rugosity"
"1","ARNO_01_1.CSV",10.9205794128007,40,9.175,6.08638842203442,23,6.56463060651549,32.303,20.91895,7.72608874107803,8.2,0,0.771212121212121,1256.51021164947,16.7377425738047,31.2467307919167,8.21141177140004
