"","plot","mean.height","transect.length","mode.el","height.2","max.el","mode.2","max.can.ht","mean.max.ht","mean.vai","max.vai","deep.gaps","porosity","std.std","mean.std","rugosity","top.rugosity"
"1","ARNO_05_6.CSV",5.54675611054302,40,4.575,3.29777973437859,21,4.6145828630549,26.449,11.4756,7.93641669826964,8.02133333333333,0,0.763888888888889,247.341245866045,8.69927796324851,13.1020536094226,6.0642827373028
