"","plot","mean.height","transect.length","mode.el","height.2","max.el","mode.2","max.can.ht","mean.max.ht","mean.vai","max.vai","deep.gaps","porosity","std.std","mean.std","rugosity","top.rugosity"
"1","ARNO_06_4.CSV",4.33744535819318,40,3.45,1.88408096625183,15,2.88053814416681,26.217,14.634325,7.62241013615669,8.25641025641026,0,0.773148148148148,134.991041467594,7.44210698767555,8.92222422110006,8.37668581544283
