"","plot","mean.height","transect.length","mode.el","height.2","max.el","mode.2","max.can.ht","mean.max.ht","mean.vai","max.vai","deep.gaps","porosity","std.std","mean.std","rugosity","top.rugosity"
"1","ARNO_05_5.CSV",5.97393699743475,40,4.875,4.34580893882235,19,4.43952418621636,23.345,10.6111,7.39101966702246,8.27118644067797,0,0.765625,137.612944026061,5.83830116340419,10.174830885644,6.13988771633739
