"","plot","mean.height","transect.length","mode.el","height.2","max.el","mode.2","max.can.ht","mean.max.ht","mean.vai","max.vai","deep.gaps","porosity","std.std","mean.std","rugosity","top.rugosity"
"1","ARNO_05_1.CSV",5.66334193311449,50,4.94,2.80288542877227,19,3.51232116982488,25.127,10.55882,7.49689809395867,8.11940298507463,0,0.797692307692308,60.4488220282428,4.91789526051871,6.02188743126359,5.38296962534129
