"","plot","mean.height","transect.length","mode.el","height.2","max.el","mode.2","max.can.ht","mean.max.ht","mean.vai","max.vai","deep.gaps","porosity","std.std","mean.std","rugosity","top.rugosity"
"1","ARNO_01_3.CSV",7.10283340945476,40,5.725,5.12649936620059,20,4.92943962332434,31.303,15.10875,7.65702343050387,8.04395604395604,0,0.83203125,796.456123141437,12.6747007058258,25.2152351795333,9.07788786783719
