"","plot","mean.height","transect.length","mode.el","height.2","max.el","mode.2","max.can.ht","mean.max.ht","mean.vai","max.vai","deep.gaps","porosity","std.std","mean.std","rugosity","top.rugosity"
"1","ARNO_04_3.CSV",5.43412279479247,40,4.65,2.50106683254198,13,2.63201443765037,19.704,10.4796,7.85170285957309,8.97995545657016,0,0.70952380952381,32.7876969630137,4.06420400699209,4.03360170970847,4.52415321330256
