"","plot","mean.height","transect.length","mode.el","height.2","max.el","mode.2","max.can.ht","mean.max.ht","mean.vai","max.vai","deep.gaps","porosity","std.std","mean.std","rugosity","top.rugosity"
"1","ARNO_05_4.CSV",5.08593917593778,50,4.52,3.90152336910682,18,4.43729647420589,24.624,11.4412,7.64441788540927,8.07722007722008,0,0.779230769230769,67.2280211748768,4.41568819102537,6.90866984118621,7.33727589165108
