"","plot","mean.height","transect.length","mode.el","height.2","max.el","mode.2","max.can.ht","mean.max.ht","mean.vai","max.vai","deep.gaps","porosity","std.std","mean.std","rugosity","top.rugosity"
"1","ARNO_11_6.CSV",4.14783536595257,40,2.7,1.854257167251,11,1.73493515728975,24.269,11.032875,7.26037254205902,8.15351812366738,0,0.759,283.996472685875,8.66977888914889,14.4510001971885,6.59970107399007
