"","plot","mean.height","transect.length","mode.el","height.2","max.el","mode.2","max.can.ht","mean.max.ht","mean.vai","max.vai","deep.gaps","porosity","std.std","mean.std","rugosity","top.rugosity"
"1","ARNO_35_1.CSV",9.88794559249806,40,8.3,6.78219384496642,24,7.68830280361017,28.502,18.427775,7.83022485860121,8.07361963190184,0,0.766666666666667,1267.6292049909,22.2737334137758,27.7760689227785,9.33650105901563
