"","plot","mean.height","transect.length","mode.el","height.2","max.el","mode.2","max.can.ht","mean.max.ht","mean.vai","max.vai","deep.gaps","porosity","std.std","mean.std","rugosity","top.rugosity"
"1","ARNO_04_5.CSV",4.72858316987211,40,3.325,3.16907106397494,17,2.88433267845441,24.264,10.889425,7.57010592159578,9.08256880733945,0,0.774,275.422002984621,8.35304511452772,14.3404546754726,7.3172800638415
