"","plot","mean.height","transect.length","mode.el","height.2","max.el","mode.2","max.can.ht","mean.max.ht","mean.vai","max.vai","deep.gaps","porosity","std.std","mean.std","rugosity","top.rugosity"
"1","ARNO_11_5.CSV",5.20675860863713,30,4.66666666666667,3.80705576253373,23,4.93513480621913,26.589,11.2080666666667,7.72129574781771,8.15469613259669,0,0.796428571428571,407.67875270605,9.36308882036396,17.8888602333415,8.0112658388191
