"","plot","mean.height","transect.length","mode.el","height.2","max.el","mode.2","max.can.ht","mean.max.ht","mean.vai","max.vai","deep.gaps","porosity","std.std","mean.std","rugosity","top.rugosity"
"1","ARNO_01_2.CSV",15.2504569054371,40,13.15,7.69848941353031,23,8.64450692636659,32.401,23.748325,7.41064189261214,8.20942408376963,0,0.746969696969697,1411.81845454835,23.7555295377524,29.1117376830949,8.89372648783313
