"","plot","mean.height","transect.length","mode.el","height.2","max.el","mode.2","max.can.ht","mean.max.ht","mean.vai","max.vai","deep.gaps","porosity","std.std","mean.std","rugosity","top.rugosity"
"1","ARNO_12_5.CSV",5.14902752223898,40,4.625,3.36459376524984,17,4.65664847288262,27.378,12.07815,7.41242586482625,8,0,0.795535714285714,367.2301234795,10.3204671473086,16.1467669005539,7.79168880857954
