"","plot","mean.height","transect.length","mode.el","height.2","max.el","mode.2","max.can.ht","mean.max.ht","mean.vai","max.vai","deep.gaps","porosity","std.std","mean.std","rugosity","top.rugosity"
"1","ARNO_02_1.CSV",12.9770737354543,40,11.425,5.15822462657131,25,6.03277506625268,29.443,20.7672,7.45923095343498,8.02523659305994,0,0.754166666666667,610.533100013682,16.2805804211611,18.5869793447937,6.50482032389472
