"","plot","mean.height","transect.length","mode.el","height.2","max.el","mode.2","max.can.ht","mean.max.ht","mean.vai","max.vai","deep.gaps","porosity","std.std","mean.std","rugosity","top.rugosity"
"1","ARNO_01_5.CSV",17.7702023238595,40,17.1,5.52626502056874,30,6.61362230551458,32.703,24.42765,7.88529940821599,8.02919708029197,0,0.775735294117647,322.702415916046,12.0817218550857,13.294149575373,5.55640170664802
