"","plot","mean.height","transect.length","mode.el","height.2","max.el","mode.2","max.can.ht","mean.max.ht","mean.vai","max.vai","deep.gaps","porosity","std.std","mean.std","rugosity","top.rugosity"
"1","ARNO_06_6.CSV",4.83648348482092,40,3.725,3.1970436986446,19,4.21300071208159,23.981,13.0916,7.81966608575127,8.17955112219451,0,0.745,289.157560314953,10.2967831803371,13.5326943530134,7.34913006119842
