"","plot","mean.height","transect.length","mode.el","height.2","max.el","mode.2","max.can.ht","mean.max.ht","mean.vai","max.vai","deep.gaps","porosity","std.std","mean.std","rugosity","top.rugosity"
"1","ARNO_11_4.CSV",5.81708758381683,40,4.425,5.00003328983918,20,5.00443553260505,27.151,13.3421,7.60686755378338,8.12200435729848,0,0.791964285714286,171.664139552575,7.4627115701786,10.7690331772587,8.31375710309309
