"","plot","mean.height","transect.length","mode.el","height.2","max.el","mode.2","max.can.ht","mean.max.ht","mean.vai","max.vai","deep.gaps","porosity","std.std","mean.std","rugosity","top.rugosity"
"1","ARNO_03_2.CSV",4.59340838706324,40,3.325,2.82242919320605,12,2.77837632440244,21.772,9.08065,7.21160566264264,8.13597733711048,0,0.760869565217391,162.816533847333,5.96755945565488,11.2785091209148,5.54465808776848
