"","plot","mean.height","transect.length","mode.el","height.2","max.el","mode.2","max.can.ht","mean.max.ht","mean.vai","max.vai","deep.gaps","porosity","std.std","mean.std","rugosity","top.rugosity"
"1","ARNO_04_4.CSV",7.11962378158489,40,5.975,4.39361717169665,22,4.82953155078213,25.726,12.96075,6.85918475455753,12.3192488262911,0,0.806481481481481,215.813982757866,9.02657180362296,11.5902969863548,7.19021605092464
