"","plot","mean.height","transect.length","mode.el","height.2","max.el","mode.2","max.can.ht","mean.max.ht","mean.vai","max.vai","deep.gaps","porosity","std.std","mean.std","rugosity","top.rugosity"
"1","ARNO_02_3.CSV",13.3238876823016,40,12.475,5.45760202024925,23,6.2007560022952,30.054,20.647575,7.32833284803415,8.06282722513089,0,0.723387096774194,314.064710849978,11.3126580059869,13.6414251341111,7.0819879574967
