"","plot","mean.height","transect.length","mode.el","height.2","max.el","mode.2","max.can.ht","mean.max.ht","mean.vai","max.vai","deep.gaps","porosity","std.std","mean.std","rugosity","top.rugosity"
"1","ARNO_06_3.CSV",4.20921343896853,40,3.1,1.8458306705558,11,2.14242852856285,28.14,11.599975,7.48626425117269,9,0,0.791379310344828,119.046013499539,6.24635309550618,8.94589774733645,5.95720297251732
