"","plot","mean.height","transect.length","mode.el","height.2","max.el","mode.2","max.can.ht","mean.max.ht","mean.vai","max.vai","deep.gaps","porosity","std.std","mean.std","rugosity","top.rugosity"
"1","ARNO_06_2.CSV",3.97644519473595,40,3.275,1.54760951511412,11,2.10935416656379,27.117,10.239525,7.39933794360427,8.02105263157895,0,0.788392857142857,73.557535654147,4.25407380495798,7.44717340446141,6.66228075595391
