"","plot","mean.height","transect.length","mode.el","height.2","max.el","mode.2","max.can.ht","mean.max.ht","mean.vai","max.vai","deep.gaps","porosity","std.std","mean.std","rugosity","top.rugosity"
"1","ARNO_36_5.CSV",5.43212024239558,40,5.05,1.79778662210522,16,2.47941525364349,17.044,8.8125,7.98829272173334,8.86195286195286,0,0.6625,13.4956223428269,2.73298837253002,2.45487207374287,2.45361404818197
