"","plot","mean.height","transect.length","mode.el","height.2","max.el","mode.2","max.can.ht","mean.max.ht","mean.vai","max.vai","deep.gaps","porosity","std.std","mean.std","rugosity","top.rugosity"
"1","ARNO_12_1.CSV",12.7043958544358,50,11.72,6.91309036286577,24,7.47807461850977,28.561,18.48764,7.36248727487271,8.32801822323462,0,0.774,328.770719917342,10.911539540162,14.4813336672015,7.11275403121544
