"","plot","mean.height","transect.length","mode.el","height.2","max.el","mode.2","max.can.ht","mean.max.ht","mean.vai","max.vai","deep.gaps","porosity","std.std","mean.std","rugosity","top.rugosity"
"1","ARNO_35_4.CSV",7.28486658243871,50,6.3,4.89795489815624,22,6.37887137352682,26.168,15.10886,7.51331750453084,8.05194805194805,0,0.767407407407407,793.893740537519,15.7907594506056,23.3355020625361,7.86063705163589
