"","plot","mean.height","transect.length","mode.el","height.2","max.el","mode.2","max.can.ht","mean.max.ht","mean.vai","max.vai","deep.gaps","porosity","std.std","mean.std","rugosity","top.rugosity"
"1","ARNO_11_1.CSV",6.2678437346082,30,5.36666666666667,3.04629774684334,21,4.58609008003792,26.314,15.3756,7.84286174983586,8.10062893081761,0,0.765432098765432,489.115448254178,14.57421273322,16.6345355048172,7.88908682098033
