"","plot","mean.height","transect.length","mode.el","height.2","max.el","mode.2","max.can.ht","mean.max.ht","mean.vai","max.vai","deep.gaps","porosity","std.std","mean.std","rugosity","top.rugosity"
"1","ARNO_04_2.CSV",4.56065326909767,40,4.275,2.10586601053562,18,3.6673389535193,21.36,8.8367,7.57698204714531,8.0231884057971,0,0.772727272727273,198.370730405926,5.86863469586828,12.8035095662235,4.79514962842395
