"","plot","mean.height","transect.length","mode.el","height.2","max.el","mode.2","max.can.ht","mean.max.ht","mean.vai","max.vai","deep.gaps","porosity","std.std","mean.std","rugosity","top.rugosity"
"1","ARNO_36_3.CSV",4.07440626447474,40,3.05,1.37947582330505,8,1.44827483579602,20.742,8.070975,7.67008514183845,8.04887983706721,0,0.761363636363636,111.836623968948,3.68603664550857,9.91210158427143,4.48696257541838
