"","plot","mean.height","transect.length","mode.el","height.2","max.el","mode.2","max.can.ht","mean.max.ht","mean.vai","max.vai","deep.gaps","porosity","std.std","mean.std","rugosity","top.rugosity"
"1","ARNO_02_2.CSV",17.636435087658,40,17.1,7.64477985183341,28,8.8255311454892,31.452,25.4796,7.29011745128385,8.02857142857143,0,0.734375,916.567988370706,19.568773080794,23.1004568890552,6.41680372867269
