"","plot","mean.height","transect.length","mode.el","height.2","max.el","mode.2","max.can.ht","mean.max.ht","mean.vai","max.vai","deep.gaps","porosity","std.std","mean.std","rugosity","top.rugosity"
"1","ARNO_12_6.CSV",9.63594589429149,50,7.7,6.33899305483055,22,6.35059052372297,29.02,18.06678,7.51838856103753,8.03225806451613,0,0.766,599.059353525437,15.1622995602898,19.213641652989,8.33263308775216
