"","plot","mean.height","transect.length","mode.el","height.2","max.el","mode.2","max.can.ht","mean.max.ht","mean.vai","max.vai","deep.gaps","porosity","std.std","mean.std","rugosity","top.rugosity"
"1","ARNO_06_1.CSV",4.78225197444629,40,3.675,1.16772161447137,7,1.40334422006862,26.149,10.02985,7.35168973838189,8.07960199004975,0,0.784259259259259,117.989054701162,5.8738406603082,9.13712485404858,5.6281751177811
