"","plot","mean.height","transect.length","mode.el","height.2","max.el","mode.2","max.can.ht","mean.max.ht","mean.vai","max.vai","deep.gaps","porosity","std.std","mean.std","rugosity","top.rugosity"
"1","ARNO_11_3.CSV",5.16557542845975,40,3.85,2.53174339547232,18,2.72534401498233,27.17,12.54375,7.37366424176895,8.02030456852792,0,0.789285714285714,507.506215865608,11.1688089572624,19.5643533586414,8.25628666066513
