"","plot","mean.height","transect.length","mode.el","height.2","max.el","mode.2","max.can.ht","mean.max.ht","mean.vai","max.vai","deep.gaps","porosity","std.std","mean.std","rugosity","top.rugosity"
"1","ARNO_36_6.CSV",4.77662886876405,40,3.45,1.75764358196798,9,1.65755844542508,20.243,9.743575,7.81918312516351,8.16279069767442,0,0.720238095238095,53.6400698912148,4.63329089337973,5.67209708913196,4.96327609903544
