"","plot","mean.height","transect.length","mode.el","height.2","max.el","mode.2","max.can.ht","mean.max.ht","mean.vai","max.vai","deep.gaps","porosity","std.std","mean.std","rugosity","top.rugosity"
"1","ARNO_36_2.CSV",4.65626936872837,40,3.8,1.36178127477829,9,1.76351920885484,14.051,7.7962,7.87054712073239,8.03571428571428,0,0.626666666666667,11.0698123729398,2.40599166957768,2.29804622644163,2.46546571457475
