"","plot","mean.height","transect.length","mode.el","height.2","max.el","mode.2","max.can.ht","mean.max.ht","mean.vai","max.vai","deep.gaps","porosity","std.std","mean.std","rugosity","top.rugosity"
"1","ARNO_11_2.CSV",6.87537867162713,40,5.45,4.39110736306793,14,4.35287261472237,26.943,15.907625,7.69077296710778,8.04395604395604,0,0.735714285714286,246.73864431434,9.17636519930201,12.7488417530135,8.13127817462944
