"","plot","mean.height","transect.length","mode.el","height.2","max.el","mode.2","max.can.ht","mean.max.ht","mean.vai","max.vai","deep.gaps","porosity","std.std","mean.std","rugosity","top.rugosity"
"1","ARNO_11_5_2.CSV",5.53025187278813,10,4,4.55225667960967,19,5.13809303146605,24.084,13.6501,7.5381916978966,8.27027027027027,0,0.704,393.19841820265,13.0743023823591,14.908421627298,6.80016247273222
