"","plot","mean.height","transect.length","mode.el","height.2","max.el","mode.2","max.can.ht","mean.max.ht","mean.vai","max.vai","deep.gaps","porosity","std.std","mean.std","rugosity","top.rugosity"
"1","ARNO_04_1.CSV",5.74148483291268,40,5.15,2.61663850901622,11,3.03768003581681,23.279,10.49905,7.53138349643974,8.71826625386997,0,0.780208333333333,33.364613321091,3.98588852528694,4.18058679913202,4.88798047516978
