"","plot","mean.height","transect.length","mode.el","height.2","max.el","mode.2","max.can.ht","mean.max.ht","mean.vai","max.vai","deep.gaps","porosity","std.std","mean.std","rugosity","top.rugosity"
"1","ARNO_35_3.CSV",7.67406710732427,50,6.54,7.05713380333366,27,7.85674232745354,28.318,15.26138,7.30606289304729,8.25,0,0.802068965517241,1311.65877879654,18.0920528151788,31.3741359041061,10.1744936992622
