"","plot","mean.height","transect.length","mode.el","height.2","max.el","mode.2","max.can.ht","mean.max.ht","mean.vai","max.vai","deep.gaps","porosity","std.std","mean.std","rugosity","top.rugosity"
"1","ARNO_05_2.CSV",5.30453610373339,40,4.425,2.70147236029914,15,3.32330784008945,26.285,13.135225,7.32956160237089,8.02116402116402,0,0.781481481481481,144.151990398663,7.50216613232997,9.37387293073596,6.69739574142873
