"","plot","mean.height","transect.length","mode.el","height.2","max.el","mode.2","max.can.ht","mean.max.ht","mean.vai","max.vai","deep.gaps","porosity","std.std","mean.std","rugosity","top.rugosity"
"1","ARNO_02_4.CSV",11.3703320968954,40,9.425,7.52411848906661,31,7.89267856940849,31.7,18.23605,7.8968531154582,8.04432132963989,0,0.768939393939394,511.605294434638,14.0916548122727,17.6926696427189,9.11690618899714
