"","plot","mean.height","transect.length","mode.el","height.2","max.el","mode.2","max.can.ht","mean.max.ht","mean.vai","max.vai","deep.gaps","porosity","std.std","mean.std","rugosity","top.rugosity"
"1","ARNO_36_4.CSV",4.83426968983805,40,4.075,1.82730717919468,15,2.12588216982974,20.789,8.509025,7.89704763852905,8.24242424242424,0,0.751136363636364,33.6007393029432,3.05536249161815,4.92600236984882,4.52260095059617
