"","plot","mean.height","transect.length","mode.el","height.2","max.el","mode.2","max.can.ht","mean.max.ht","mean.vai","max.vai","deep.gaps","porosity","std.std","mean.std","rugosity","top.rugosity"
"1","ARNO_12_4.CSV",10.5675338403744,40,9.8,5.7466630594711,20,6.34901567173999,28.448,17.767725,7.270060757951,8.02395209580838,0,0.774137931034483,336.497508872691,12.2396685179973,13.6633825768818,8.62136173427407
