"","plot","mean.height","transect.length","mode.el","height.2","max.el","mode.2","max.can.ht","mean.max.ht","mean.vai","max.vai","deep.gaps","porosity","std.std","mean.std","rugosity","top.rugosity"
"1","ARNO_05_3.CSV",6.34508089454461,40,4.925,3.90895420560097,15,4.00866249514723,23.839,12.411675,7.4149788785147,8.60215053763441,0,0.759,217.798876052788,8.60379647556312,11.9905613821821,6.69156003192809
