"","plot","mean.height","transect.length","mode.el","height.2","max.el","mode.2","max.can.ht","mean.max.ht","mean.vai","max.vai","deep.gaps","porosity","std.std","mean.std","rugosity","top.rugosity"
"1","ARNO_02_5.CSV",14.7769175584542,40,13.6,8.36900526289626,33,9.28654941299512,32.881,23.0282,7.38202413489617,8.02088772845953,0,0.781617647058824,923.658137516538,19.4720998757822,23.3344265827147,8.06142156198272
