"","plot","mean.height","transect.length","mode.el","height.2","max.el","mode.2","max.can.ht","mean.max.ht","mean.vai","max.vai","deep.gaps","porosity","std.std","mean.std","rugosity","top.rugosity"
"1","ARNO_06_5.CSV",4.23341775792922,40,3.075,1.56926306505879,9,1.72318745352907,29.175,12.887825,7.35226677306193,8.7035175879397,0,0.780833333333333,106.189222414183,7.23012981161781,7.34264566224863,6.85613237720203
