"","plot","mean.height","transect.length","mode.el","height.2","max.el","mode.2","max.can.ht","mean.max.ht","mean.vai","max.vai","deep.gaps","porosity","std.std","mean.std","rugosity","top.rugosity"
"1","ARNO_01_4.CSV",12.919558851274,50,11.36,6.00871443031124,23,6.79340857007732,34.928,21.11864,7.76645949975325,8.06539509536785,0,0.825,886.295651739394,16.6926457085499,24.6505827717769,7.83701792192486
