"","plot","mean.height","transect.length","mode.el","height.2","max.el","mode.2","max.can.ht","mean.max.ht","mean.vai","max.vai","deep.gaps","porosity","std.std","mean.std","rugosity","top.rugosity"
"1","ARNO_03_4.CSV",4.89915402581532,40,4.1,2.27498749686408,13,2.62488094968134,25.012,8.6316,7.65642566107683,8.13176470588235,0,0.770192307692308,114.899424777561,4.96035270554277,9.502332651206,5.70037857402291
