"","plot","mean.height","transect.length","mode.el","height.2","max.el","mode.2","max.can.ht","mean.max.ht","mean.vai","max.vai","deep.gaps","porosity","std.std","mean.std","rugosity","top.rugosity"
"1","ARNO_12_3.CSV",11.4023257669018,40,10.25,7.3735087574351,26,7.53906492875609,30.015,16.552025,7.75922261622009,8.22448979591837,0,0.779838709677419,298.737588771364,9.26971124842684,14.5880102187431,9.35475907811716
