"","plot","mean.height","transect.length","mode.el","height.2","max.el","mode.2","max.can.ht","mean.max.ht","mean.vai","max.vai","deep.gaps","porosity","std.std","mean.std","rugosity","top.rugosity"
"1","ARNO_03_5.CSV",3.92505325596721,40,3.325,1.07492811982884,7,1.42104714911223,11.051,6.80435,7.97026423480757,8.07547169811321,0,0.616666666666667,3.09348458124716,1.26538303863308,1.22159336392552,2.12285654853102
