"","plot","mean.height","transect.length","mode.el","height.2","max.el","mode.2","max.can.ht","mean.max.ht","mean.vai","max.vai","deep.gaps","porosity","std.std","mean.std","rugosity","top.rugosity"
"1","ARNO_03_6.CSV",4.55766487218212,40,3.725,2.02757636949397,9,2.48985441341457,16.699,8.6281,6.69108886166647,8.11331444759207,0,0.704166666666667,13.78813382672,2.98661719919126,2.20641146031626,3.48753749580064
