"","plot","mean.height","transect.length","mode.el","height.2","max.el","mode.2","max.can.ht","mean.max.ht","mean.vai","max.vai","deep.gaps","porosity","std.std","mean.std","rugosity","top.rugosity"
"1","FERN_W7_10_2.CSV",11.5758978099201,20,11,6.08040992502665,24,7.70064932327138,25.253,17.8662,6.95994145966665,8.09638554216868,0,0.634615384615385,451.423283640109,15.1056251247399,14.9413310394668,6.20669589700468
