"","plot","mean.height","transect.length","mode.el","height.2","max.el","mode.2","max.can.ht","mean.max.ht","mean.vai","max.vai","deep.gaps","porosity","std.std","mean.std","rugosity","top.rugosity"
"1","FERN_W3_06_4.CSV",13.473636463546,20,12.2,4.76219548178649,24,6.47765389628066,27.535,23.26435,7.83312371344941,8.02305475504323,0,0.720689655172414,1391.40338502073,26.8000522155246,25.9453384303594,5.79820655824758
