"","plot","mean.height","transect.length","mode.el","height.2","max.el","mode.2","max.can.ht","mean.max.ht","mean.vai","max.vai","deep.gaps","porosity","std.std","mean.std","rugosity","top.rugosity"
"1","FERN_W3_06_3.CSV",13.1684437653098,20,11.55,5.9335243076399,26,6.78583082606691,26.708,22.0368,7.24574241738461,8.11347517730496,0,0.625,369.178237286032,13.9633698830211,13.1985809387211,5.24799023787603
