"","plot","mean.height","transect.length","mode.el","height.2","max.el","mode.2","max.can.ht","mean.max.ht","mean.vai","max.vai","deep.gaps","porosity","std.std","mean.std","rugosity","top.rugosity"
"1","FERN_W4_10A_1side.CSV",9.65931486653503,30,8.8,4.71627043393818,24,5.57015858541448,31.871,18.9913666666667,7.69138185733352,8.04833836858006,0,0.741414141414141,203.130089189897,11.4143292458728,8.53482144257923,6.67849468111992
