"","plot","mean.height","transect.length","mode.el","height.2","max.el","mode.2","max.can.ht","mean.max.ht","mean.vai","max.vai","deep.gaps","porosity","std.std","mean.std","rugosity","top.rugosity"
"1","FERN_W4_04_up.CSV",13.5306894504741,40,11.35,6.70167102991166,29,7.91691227689179,33.918,25.399875,7.8242497887747,8.02461538461538,0,0.720714285714286,2390.2096485556,34.1432427367435,34.9921223131066,9.06838053895837
