"","plot","mean.height","transect.length","mode.el","height.2","max.el","mode.2","max.can.ht","mean.max.ht","mean.vai","max.vai","deep.gaps","porosity","std.std","mean.std","rugosity","top.rugosity"
"1","FERN_W7_10_4.CSV",6.87304878156162,20,5.5,3.59157144336626,15,4.73814309619285,26.837,15.57045,7.75062891860122,8.01391304347826,0,0.689285714285714,321.795369428069,13.642354400046,11.6482417493635,6.96412107633041
