"","plot","mean.height","transect.length","mode.el","height.2","max.el","mode.2","max.can.ht","mean.max.ht","mean.vai","max.vai","deep.gaps","porosity","std.std","mean.std","rugosity","top.rugosity"
"1","FERN_07_15_3.CSV",8.34647744733451,20,6.75,4.23130872054392,21,5.53059671283307,24.678,19.007,7.78646552976805,8.02122015915119,0,0.705769230769231,1084.96580915529,24.9220644859114,21.5373283142401,6.34063516658934
