"","plot","mean.height","transect.length","mode.el","height.2","max.el","mode.2","max.can.ht","mean.max.ht","mean.vai","max.vai","deep.gaps","porosity","std.std","mean.std","rugosity","top.rugosity"
"1","FERN_W3_08_3.CSV",8.12333766454825,20,6.7,4.00358651575908,19,4.40567815438214,26.918,16.199,7.81519281947064,8.13483146067416,0,0.767857142857143,552.491723100552,13.5024067468277,19.2399775245132,7.12271404511097
