"","plot","mean.height","transect.length","mode.el","height.2","max.el","mode.2","max.can.ht","mean.max.ht","mean.vai","max.vai","deep.gaps","porosity","std.std","mean.std","rugosity","top.rugosity"
"1","FERN_07_15_2.CSV",10.2347208193657,20,7.4,4.81971576009134,24,5.39814783050631,24.575,20.106,7.46131081754417,8.03636363636364,0,0.690384615384615,726.092558241593,21.2326373319521,16.5911925481982,5.49896262944203
