"","plot","mean.height","transect.length","mode.el","height.2","max.el","mode.2","max.can.ht","mean.max.ht","mean.vai","max.vai","deep.gaps","porosity","std.std","mean.std","rugosity","top.rugosity"
"1","FERN_W7_10_1.CSV",9.11524989202981,20,7.7,3.13902979478486,16,3.43656805548791,27.244,21.09435,7.77956390167898,8.10105263157895,0,0.626785714285714,511.57563123586,16.121864801834,15.863830134846,5.09181280173326
