"","plot","mean.height","transect.length","mode.el","height.2","max.el","mode.2","max.can.ht","mean.max.ht","mean.vai","max.vai","deep.gaps","porosity","std.std","mean.std","rugosity","top.rugosity"
"1","FERN_W7_10_3.CSV",11.7102783471915,20,10.95,4.81846252677538,18,6.03717649236794,26.571,18.32215,7.25224242004225,8.03265306122449,0,0.717857142857143,417.450497750462,13.5060223189507,15.330944487228,5.7433724026275
