"","plot","mean.height","transect.length","mode.el","height.2","max.el","mode.2","max.can.ht","mean.max.ht","mean.vai","max.vai","deep.gaps","porosity","std.std","mean.std","rugosity","top.rugosity"
"1","FERN_03_13_3.CSV",7.16667622295334,20,5.75,5.31469716120549,22,5.54864848409052,26.724,16.6326,7.60221191652587,8.05853658536585,0,0.764285714285714,737.122414511357,16.581244174098,21.4984826476265,9.31532261440935
