"","plot","mean.height","transect.length","mode.el","height.2","max.el","mode.2","max.can.ht","mean.max.ht","mean.vai","max.vai","deep.gaps","porosity","std.std","mean.std","rugosity","top.rugosity"
"1","FERN_03_13_1.CSV",7.42235590577657,20,4.85,2.98991508784765,12,2.98789223366573,24.9,18.9305,7.60106362520724,8.23244552058111,0,0.644230769230769,402.028705812487,16.4741680915567,11.4293696896907,4.76966139700768
