"","plot","mean.height","transect.length","mode.el","height.2","max.el","mode.2","max.can.ht","mean.max.ht","mean.vai","max.vai","deep.gaps","porosity","std.std","mean.std","rugosity","top.rugosity"
"1","FERN_03_13_4.CSV",5.71879289806051,20,5.2,2.87299077211353,18,3.9446165846632,25.332,14.79335,7.937710236202,8.21364985163205,0,0.748076923076923,343.604212514478,10.1880767018997,15.485712951966,8.13015162204054
