"","plot","mean.height","transect.length","mode.el","height.2","max.el","mode.2","max.can.ht","mean.max.ht","mean.vai","max.vai","deep.gaps","porosity","std.std","mean.std","rugosity","top.rugosity"
"1","FERN_07_15_1.CSV",9.54175704274525,20,7.95,3.61786868063223,15,3.9556921012637,23.277,20.01675,7.82293313404201,8.07710843373494,0,0.6125,341.146297124689,12.6829580554737,13.4271691762555,2.73610350825672
