"","plot","mean.height","transect.length","mode.el","height.2","max.el","mode.2","max.can.ht","mean.max.ht","mean.vai","max.vai","deep.gaps","porosity","std.std","mean.std","rugosity","top.rugosity"
"1","FERN_W4_11A-2.CSV",7.36888690536194,20,5.95,2.95947984492793,20,3.47095087836172,34.612,16.0815,7.39765539493787,8.02826855123675,0,0.818055555555556,864.324133285458,16.4878508812417,24.3408074353213,9.04202694730498
