"","plot","mean.height","transect.length","mode.el","height.2","max.el","mode.2","max.can.ht","mean.max.ht","mean.vai","max.vai","deep.gaps","porosity","std.std","mean.std","rugosity","top.rugosity"
"1","FERN_W3_08_4.CSV",10.9877107401197,20,10.7,6.18056802491735,23,7.04343666117613,25.879,18.4964,7.01271045318487,8.06045340050378,0,0.701851851851852,357.952939177117,12.9773987095861,13.7673549351192,7.41542879052644
