"","plot","mean.height","transect.length","mode.el","height.2","max.el","mode.2","max.can.ht","mean.max.ht","mean.vai","max.vai","deep.gaps","porosity","std.std","mean.std","rugosity","top.rugosity"
"1","FERN_W3_062_2.CSV",11.3414630710802,20,10.25,6.48505252951797,25,6.92730106174115,26.796,17.27565,7.61183679018531,8.0231884057971,0,0.769642857142857,588.868606430573,12.4183584119904,20.8483328058125,7.94843192264659
