"","plot","mean.height","transect.length","mode.el","height.2","max.el","mode.2","max.can.ht","mean.max.ht","mean.vai","max.vai","deep.gaps","porosity","std.std","mean.std","rugosity","top.rugosity"
"1","FERN_W3_08_2.CSV",17.3834683673492,20,15.5,3.46728593466325,23,6.20886463051016,24.684,23.2696,7.42741030359164,8.08767123287671,0,0.636538461538461,590.014119332661,19.0917281364466,15.017324531909,1.60422384577977
