"","plot","mean.height","transect.length","mode.el","height.2","max.el","mode.2","max.can.ht","mean.max.ht","mean.vai","max.vai","deep.gaps","porosity","std.std","mean.std","rugosity","top.rugosity"
"1","FERN_03_13_2.CSV",6.74922223032187,20,5.95,3.71990762116625,22,4.46626241951814,25.975,14.876,7.95299099155984,8.02836879432624,0,0.735185185185185,179.896648495055,7.45312243544673,11.1511261519765,7.09843784148834
