"","plot","mean.height","transect.length","mode.el","height.2","max.el","mode.2","max.can.ht","mean.max.ht","mean.vai","max.vai","deep.gaps","porosity","std.std","mean.std","rugosity","top.rugosity"
"1","FERN_07_08_2.CSV",10.8625495581295,20,9.25,4.2192396306859,20,4.81534007106456,23.167,17.7732,7.75169044256976,8.01951219512195,0,0.677083333333333,271.525153213916,10.9773453416774,12.2891432762202,4.80799232200105
