"","plot","mean.height","transect.length","mode.el","height.2","max.el","mode.2","max.can.ht","mean.max.ht","mean.vai","max.vai","deep.gaps","porosity","std.std","mean.std","rugosity","top.rugosity"
"1","FERN_W3_04A1.CSV",14.1826466095971,40,11.525,6.85478709420259,26,8.09934410924737,34.566,27.673175,7.70443440399279,8.4692082111437,0,0.729861111111111,2023.03373546518,33.7966041564403,29.6786671358075,6.24435123967952
