"","plot","mean.height","transect.length","mode.el","height.2","max.el","mode.2","max.can.ht","mean.max.ht","mean.vai","max.vai","deep.gaps","porosity","std.std","mean.std","rugosity","top.rugosity"
"1","FERN_W3_06_1.CSV",13.0824930061391,20,12.1,6.30063820668329,24,8.50823130856232,27.828,24.4801,7.25636814825501,8.02067183462532,0,0.720689655172414,1534.14834760296,33.3256652293319,20.5802911695987,1.88674007079323
