"","plot","mean.height","transect.length","mode.el","height.2","max.el","mode.2","max.can.ht","mean.max.ht","mean.vai","max.vai","deep.gaps","porosity","std.std","mean.std","rugosity","top.rugosity"
"1","FERN_W3_062_4.CSV",10.2337191740992,20,9.85,7.38324312872652,27,8.66184160557095,29.865,20.98875,7.93166573529181,8.01860465116279,0,0.735483870967742,948.237658539416,23.1621909524626,20.2916379038528,9.0856427161643
