"","plot","mean.height","transect.length","mode.el","height.2","max.el","mode.2","max.can.ht","mean.max.ht","mean.vai","max.vai","deep.gaps","porosity","std.std","mean.std","rugosity","top.rugosity"
"1","FERN_07_08_3.CSV",12.6988679859855,20,12.3,4.44637899744172,21,5.98414572015087,25.164,20.19215,7.49337177065217,8.04113110539846,0,0.661538461538462,503.019455361902,16.036340035228,15.6797721168531,4.76160056322286
