"","plot","mean.height","transect.length","mode.el","height.2","max.el","mode.2","max.can.ht","mean.max.ht","mean.vai","max.vai","deep.gaps","porosity","std.std","mean.std","rugosity","top.rugosity"
"1","FERN_W4_03C_up.CSV",15.4403934916047,40,13.45,5.08780201977798,24,6.51901066113563,34.51,26.180625,7.31381362020626,8.02507836990596,0,0.716666666666667,1232.74196860462,24.7254323736623,24.9277949795018,4.72225412650107
