"","plot","mean.height","transect.length","mode.el","height.2","max.el","mode.2","max.can.ht","mean.max.ht","mean.vai","max.vai","deep.gaps","porosity","std.std","mean.std","rugosity","top.rugosity"
"1","FERN_W3_062_3.CSV",9.55396771949087,20,6.45,4.94985512400446,28,6.71174343967348,29.287,20.8885,7.27448684537503,8.28354430379747,0,0.716666666666667,1887.3515542375,30.6780555379874,30.7605016644016,8.25674506723219
