"","plot","mean.height","transect.length","mode.el","height.2","max.el","mode.2","max.can.ht","mean.max.ht","mean.vai","max.vai","deep.gaps","porosity","std.std","mean.std","rugosity","top.rugosity"
"1","FERN_W3_08_1.CSV",13.244300397501,20,11.45,7.13482437778833,25,8.67453168764747,26.866,20.67825,7.12144940825994,8.1688654353562,0,0.6625,1585.93559848792,25.6555742129467,30.4586130723628,7.99832793628242
