"","plot","mean.height","transect.length","mode.el","height.2","max.el","mode.2","max.can.ht","mean.max.ht","mean.vai","max.vai","deep.gaps","porosity","std.std","mean.std","rugosity","top.rugosity"
"1","FERN_W3_062_1.CSV",10.3013470680833,20,9.1,4.26878961350238,17,5.12737749731771,25.721,17.8776,7.89716454234901,8.04221635883905,0,0.744444444444444,506.440483012758,16.3893698479567,15.4217067472976,5.86315710176693
