"","plot","mean.height","transect.length","mode.el","height.2","max.el","mode.2","max.can.ht","mean.max.ht","mean.vai","max.vai","deep.gaps","porosity","std.std","mean.std","rugosity","top.rugosity"
"1","FERN_W3_06_2.CSV",14.0064961307248,20,12.75,6.90291920559589,25,8.6479766419666,25.077,20.3784,6.96402500456563,8.1025641025641,0,0.734615384615385,765.232300247073,17.5548654273282,21.3789382354566,3.76219856494913
