"","plot","mean.height","transect.length","mode.el","height.2","max.el","mode.2","max.can.ht","mean.max.ht","mean.vai","max.vai","deep.gaps","porosity","std.std","mean.std","rugosity","top.rugosity"
"1","FERN_07_15_4.CSV",12.5989641442149,20,10.9,4.51915619261227,21,5.53985559378582,23.574,19.31815,6.83322211826997,8.01990049751244,0,0.694,454.522817386208,14.7865902747252,15.3583711842633,4.47085156465274
