"","plot","mean.height","transect.length","mode.el","height.2","max.el","mode.2","max.can.ht","mean.max.ht","mean.vai","max.vai","deep.gaps","porosity","std.std","mean.std","rugosity","top.rugosity"
"1","FERN_07_08_1.CSV",13.0332279666483,20,11.75,4.13360013547657,20,5.17566420858231,23.301,19.54915,7.86681589464318,8.01990049751244,0,0.66875,226.562639151389,10.0089258120752,11.2420657905816,3.65989732779487
