"","plot","mean.height","transect.length","mode.el","height.2","max.el","mode.2","max.can.ht","mean.max.ht","mean.vai","max.vai","deep.gaps","porosity","std.std","mean.std","rugosity","top.rugosity"
"1","GRSM_64E.CSV",6.88418691376953,40,5.175,4.91361055155717,25,6.04519437239201,33.935,18.65255,7.72452789554979,12.8291873963516,0,0.738571428571429,1294.67079583947,22.8561685951744,27.7896806924519,9.79461583375118
