"","plot","mean.height","transect.length","mode.el","height.2","max.el","mode.2","max.can.ht","mean.max.ht","mean.vai","max.vai","deep.gaps","porosity","std.std","mean.std","rugosity","top.rugosity","plot","mean.return.ht","sd.return.ht","sky.fraction","cover.fraction","max.ht","rumple","clumping.index"
"1","GRSM_53C.CSV",12.7657051474396,40,10,10.8522018410831,37,12.0270528393285,41.476,26.04955,6.89648166014478,9.23340471092077,0,0.792857142857143,8407.31245712231,52.4361168562207,75.2181235219483,14.7541598183751,"GRSM_53C.CSV",11.8768486544357,12.8808786620158,3.40791576572342,96.5920842342766,41.476,10.35,0.928819255642999
