"","plot","mean.height","transect.length","mode.el","height.2","max.el","mode.2","max.can.ht","mean.max.ht","mean.vai","max.vai","deep.gaps","porosity","std.std","mean.std","rugosity","top.rugosity"
"1","GRSM_61C_XXX.CSV",9.81138922149873,50,8,3.98836537995705,26,5.70964096944808,35.534,22.08512,6.96323611438576,8.53112033195021,0,0.634054054054054,678.900228944436,22.1477490747394,13.7250661152075,5.88476517534724
