"","plot","mean.height","transect.length","mode.el","height.2","max.el","mode.2","max.can.ht","mean.max.ht","mean.vai","max.vai","deep.gaps","porosity","std.std","mean.std","rugosity","top.rugosity"
"1","GRSM_65C.CSV",6.36709086322219,40,4.35,3.47918956201418,14,2.95423424934449,33.243,16.97955,7.81521527726289,8.01388888888889,0,0.750735294117647,1884.96248108683,22.1559994254372,37.3373026683349,10.9776483725936
