"","plot","mean.height","transect.length","mode.el","height.2","max.el","mode.2","max.can.ht","mean.max.ht","mean.vai","max.vai","deep.gaps","porosity","std.std","mean.std","rugosity","top.rugosity"
"1","GRSM_60C_XXX.CSV",11.6772244213488,50,8.64,7.17373910785227,28,8.57615298371012,34.333,22.76516,6.12000894501555,8.05442176870748,0,0.662857142857143,2905.6376760936,35.9998533384382,40.120421679047,8.4779944739548
