"","plot","mean.height","transect.length","mode.el","height.2","max.el","mode.2","max.can.ht","mean.max.ht","mean.vai","max.vai","deep.gaps","porosity","std.std","mean.std","rugosity","top.rugosity"
"1","GRSM_55E.CSV",8.55869588686713,40,7.225,5.78560796488721,36,7.6989853227552,37.03,18.19715,7.91130067353458,10.4307178631052,0,0.821052631578947,2421.03973545104,23.6645691320598,43.1396326276082,10.0468480311757
