"","plot","mean.height","transect.length","mode.el","height.2","max.el","mode.2","max.can.ht","mean.max.ht","mean.vai","max.vai","deep.gaps","porosity","std.std","mean.std","rugosity","top.rugosity"
"1","GRSM_50E_XXX.CSV",7.15650935638393,30,5.93333333333333,2.21773960051762,16,2.42120263964465,23.144,15.6071,7.72167375006992,8.04054054054054,0,0.641666666666667,88.5477796045567,7.05026950230077,6.23229328172899,4.15649672075598
