"","plot","mean.height","transect.length","mode.el","height.2","max.el","mode.2","max.can.ht","mean.max.ht","mean.vai","max.vai","deep.gaps","porosity","std.std","mean.std","rugosity","top.rugosity"
"1","GRSM_53W.CSV",7.69497040643216,40,5.575,5.84479673632594,29,5.93669731416383,39.041,17.851375,7.83707493042463,8.05087440381558,0,0.81375,2772.7665738447,31.5582565464695,42.1526157858788,12.7272455591316
