"","plot","mean.height","transect.length","mode.el","height.2","max.el","mode.2","max.can.ht","mean.max.ht","mean.vai","max.vai","deep.gaps","porosity","std.std","mean.std","rugosity","top.rugosity"
"1","GRSM_53E.CSV",11.0392373857267,40,9.425,7.07583804051511,38,8.48789579342254,37.823,21.608625,7.38409043013111,8.98691588785047,0,0.773076923076923,2904.00864072959,31.5183691859669,43.7104226081913,11.9663458888958
