"","plot","mean.height","transect.length","mode.el","height.2","max.el","mode.2","max.can.ht","mean.max.ht","mean.vai","max.vai","deep.gaps","porosity","std.std","mean.std","rugosity","top.rugosity"
"1","GRSM_55C.CSV",9.20192099979529,40,7.275,6.13800535005982,29,6.59540559783854,34.733,21.0425,6.85450834255914,9.64885496183206,0,0.773611111111111,1876.78406047121,27.2723283512565,33.6601272542524,11.1161206870115
