"","plot","mean.height","transect.length","mode.el","height.2","max.el","mode.2","max.can.ht","mean.max.ht","mean.vai","max.vai","deep.gaps","porosity","std.std","mean.std","rugosity","top.rugosity"
"1","GRSM_66E.CSV",11.6472080431291,40,9.35,7.01828429142411,24,7.60115122859689,33.686,22.25395,6.86935807204524,8.11428571428571,0,0.735714285714286,1667.09789351722,25.7938548276793,31.6508285301637,9.87074516437336
