"","plot","mean.height","transect.length","mode.el","height.2","max.el","mode.2","max.can.ht","mean.max.ht","mean.vai","max.vai","deep.gaps","porosity","std.std","mean.std","rugosity","top.rugosity"
"1","GRSM_57W.CSV",7.8602852496265,40,6.1,5.826421341217,32,6.69253315270085,38.137,19.399825,7.64745476688074,8.01286173633441,0,0.809615384615385,2175.90115640746,27.0178050969183,38.0255093871522,12.3275025043287
