"","plot","mean.height","transect.length","mode.el","height.2","max.el","mode.2","max.can.ht","mean.max.ht","mean.vai","max.vai","deep.gaps","porosity","std.std","mean.std","rugosity","top.rugosity"
"1","GRSM_64C.CSV",8.36509666721688,40,7.375,5.40239770229945,24,5.82532187951876,33.392,19.597225,7.35279231617116,8.10996563573883,0,0.725735294117647,863.764556845181,18.2113845716543,23.0675102433811,8.82331502760057
