"","plot","mean.height","transect.length","mode.el","height.2","max.el","mode.2","max.can.ht","mean.max.ht","mean.vai","max.vai","deep.gaps","porosity","std.std","mean.std","rugosity","top.rugosity"
"1","GRSM_57C.CSV",12.009087066007,40,9.1,6.59103316818811,33,7.43236167042482,39.434,27.1469,7.17153828714759,8.03399433427762,0,0.695625,2886.65353383128,36.7303274694603,39.2114342739141,10.2326767403155
