"","plot","mean.height","transect.length","mode.el","height.2","max.el","mode.2","max.can.ht","mean.max.ht","mean.vai","max.vai","deep.gaps","porosity","std.std","mean.std","rugosity","top.rugosity"
"1","HARV_34W.CSV",5.08049427505856,40,4.225,4.59093060528552,27,6.19873979128016,28.616,11.204675,7.34590151346242,8.04494382022472,0,0.765,1288.59580649167,15.7682894368966,32.2483620471788,9.54473724339821
