"","plot","mean.height","transect.length","mode.el","height.2","max.el","mode.2","max.can.ht","mean.max.ht","mean.vai","max.vai","deep.gaps","porosity","std.std","mean.std","rugosity","top.rugosity"
"1","HARV_44W.CSV",5.51422166437209,40,4.125,2.35965642564745,14,3.11598700254029,20.741,11.8357,7.44514190442095,8.38216560509554,0,0.672727272727273,113.507401837881,7.46895278364551,7.59750920720432,4.50207088075972
