"","plot","mean.height","transect.length","mode.el","height.2","max.el","mode.2","max.can.ht","mean.max.ht","mean.vai","max.vai","deep.gaps","porosity","std.std","mean.std","rugosity","top.rugosity"
"1","HARV_45W.CSV",9.9505138890161,40,7.775,5.63531817389272,22,6.68014782770561,25.833,17.968375,6.67445444956846,8.09661835748792,0,0.703703703703704,933.516565254984,19.5372793759786,23.4906636738927,7.19499321176245
