"","plot","mean.height","transect.length","mode.el","height.2","max.el","mode.2","max.can.ht","mean.max.ht","mean.vai","max.vai","deep.gaps","porosity","std.std","mean.std","rugosity","top.rugosity"
"1","HARV_37C.CSV",5.66759260720775,40,4.375,3.44158231351665,18,3.83201970245457,20.881,12.773775,7.32076601263288,8.10738255033557,0,0.647727272727273,185.292937780115,8.86160131892986,10.3327130921387,5.73953834240824
