"","plot","mean.height","transect.length","mode.el","height.2","max.el","mode.2","max.can.ht","mean.max.ht","mean.vai","max.vai","deep.gaps","porosity","std.std","mean.std","rugosity","top.rugosity"
"1","HARV_37W.CSV",9.20120959924323,40,8.425,5.13420330441087,18,5.86040740904589,20.787,13.98845,7.28292137049304,8.41860465116279,0,0.651136363636364,82.8329385471004,6.04376049452427,6.80484368901507,4.93478587564461
