"","plot","mean.height","transect.length","mode.el","height.2","max.el","mode.2","max.can.ht","mean.max.ht","mean.vai","max.vai","deep.gaps","porosity","std.std","mean.std","rugosity","top.rugosity"
"1","HARV_51W.CSV",4.84446059977501,40,3.675,2.07416919048415,7,1.50644448951828,22.559,9.631275,7.70306620102741,8.29545454545454,0,0.754166666666667,223.439398019567,6.47689796106232,13.4717924130961,5.8087858080206
