"","plot","mean.height","transect.length","mode.el","height.2","max.el","mode.2","max.can.ht","mean.max.ht","mean.vai","max.vai","deep.gaps","porosity","std.std","mean.std","rugosity","top.rugosity"
"1","HARV_33E.CSV",8.14714934163245,40,7.025,4.052195129316,24,5.48856766378989,25.244,15.83785,7.88590974739032,8.06639004149378,0,0.691346153846154,450.223362725527,14.0690520268955,15.8834863235385,7.20913085038333
