"","plot","mean.height","transect.length","mode.el","height.2","max.el","mode.2","max.can.ht","mean.max.ht","mean.vai","max.vai","deep.gaps","porosity","std.std","mean.std","rugosity","top.rugosity"
"1","HARV_39W.CSV",5.8793059704113,40,4.825,3.79607167803159,19,4.42655339965531,25.134,12.8741,7.17794411435121,8.07843137254902,0,0.719230769230769,417.495292056786,12.470507707719,16.1858496708856,7.54540307601172
