"","plot","mean.height","transect.length","mode.el","height.2","max.el","mode.2","max.can.ht","mean.max.ht","mean.vai","max.vai","deep.gaps","porosity","std.std","mean.std","rugosity","top.rugosity"
"1","HARV_38W.CSV",5.92675507305689,40,5.075,2.4764853834668,20,3.17322785188836,20.224,10.359175,7.67306096071033,8.92012779552716,0,0.688095238095238,128.443381763055,5.22763568850917,10.0556057436278,4.35669481218715
