"","plot","mean.height","transect.length","mode.el","height.2","max.el","mode.2","max.can.ht","mean.max.ht","mean.vai","max.vai","deep.gaps","porosity","std.std","mean.std","rugosity","top.rugosity"
"1","HARV_41E.CSV",9.39901194199958,40,8.55,5.07495080391342,21,6.30456184044538,21.121,15.401925,6.30617048760904,14.1283018867925,0,0.719318181818182,378.637322792511,12.6439864326431,14.7907717812036,5.99640873030662
