"","plot","mean.height","transect.length","mode.el","height.2","max.el","mode.2","max.can.ht","mean.max.ht","mean.vai","max.vai","deep.gaps","porosity","std.std","mean.std","rugosity","top.rugosity"
"1","HARV_33W.CSV",9.68223916735444,40,8.15,3.88748009285706,21,4.585575209284,26.034,19.4868,7.43256974596637,8.05095541401274,0,0.687962962962963,348.099908077504,13.076657958176,13.3079271384531,5.6935269912419
