"","plot","mean.height","transect.length","mode.el","height.2","max.el","mode.2","max.can.ht","mean.max.ht","mean.vai","max.vai","deep.gaps","porosity","std.std","mean.std","rugosity","top.rugosity"
"1","HARV_42W.CSV",4.64941582463345,40,3.4,1.70575632830743,9,2.03469899493758,22.809,11.846275,7.21310454152646,8.03212851405623,0,0.698958333333333,90.2625580869296,5.86033509878681,7.47790282210574,6.4464319050969
