"","plot","mean.height","transect.length","mode.el","height.2","max.el","mode.2","max.can.ht","mean.max.ht","mean.vai","max.vai","deep.gaps","porosity","std.std","mean.std","rugosity","top.rugosity"
"1","HARV_34E.CSV",6.38803282476229,40,5.375,4.79858509603331,24,5.37906822786252,27.513,14.8271,6.63697763055196,8.03076923076923,0,0.775862068965517,337.236666256625,11.3487470962003,14.4375415359787,7.6816465676145
