"","plot","mean.height","transect.length","mode.el","height.2","max.el","mode.2","max.can.ht","mean.max.ht","mean.vai","max.vai","deep.gaps","porosity","std.std","mean.std","rugosity","top.rugosity"
"1","HARV_44C.CSV",6.99687203543844,40,5.9,2.99410117404391,13,3.24653661614958,19.379,12.43815,7.83122118446294,8.02366863905325,0,0.62875,30.6111524275381,4.46904775997168,3.26171190429661,4.13752830682082
