"","plot","mean.height","transect.length","mode.el","height.2","max.el","mode.2","max.can.ht","mean.max.ht","mean.vai","max.vai","deep.gaps","porosity","std.std","mean.std","rugosity","top.rugosity"
"1","HARV_38E.CSV",4.60336895977916,40,3.8,3.22266007472342,27,4.4,27.93,9.610275,7.80127978578959,8.05031446540881,0,0.794827586206897,118.162099051033,5.08363948271071,9.60826252039657,7.59112202100721
