"","plot","mean.height","transect.length","mode.el","height.2","max.el","mode.2","max.can.ht","mean.max.ht","mean.vai","max.vai","deep.gaps","porosity","std.std","mean.std","rugosity","top.rugosity"
"1","HARV_33C.CSV",13.7087550257189,40,11.95,4.34990593636695,26,6.21268862892709,26.694,22.801625,7.27609276671158,8.02930402930403,0,0.641071428571429,1490.10616391129,28.4849564445139,26.0521289008295,3.73857955123299
