"","plot","mean.height","transect.length","mode.el","height.2","max.el","mode.2","max.can.ht","mean.max.ht","mean.vai","max.vai","deep.gaps","porosity","std.std","mean.std","rugosity","top.rugosity"
"1","MLBS_76W.CSV",7.6579547202478,40,6.975,3.83805934625013,16,4.35595856270465,18.089,12.18395,7.23302834656258,8.13793103448276,0,0.698684210526316,23.1263772391712,3.40225743270556,3.39867939070029,4.04127621344215
