"","plot","mean.height","transect.length","mode.el","height.2","max.el","mode.2","max.can.ht","mean.max.ht","mean.vai","max.vai","deep.gaps","porosity","std.std","mean.std","rugosity","top.rugosity"
"1","MLBS_74W.CSV",8.62478378889367,40,8.125,3.08275602257608,17,4.4112781594454,18.498,14.65795,7.3198617638655,8.18018018018018,0,0.594736842105263,152.465954721088,9.42073208059395,7.98221534329639,3.05009933381748
