"","plot","mean.height","transect.length","mode.el","height.2","max.el","mode.2","max.can.ht","mean.max.ht","mean.vai","max.vai","deep.gaps","porosity","std.std","mean.std","rugosity","top.rugosity"
"1","MLBS_75W.CSV",6.33684643051801,40,4.5,3.2993818979749,17,3.99374510954317,21.103,16.5455,7.51236732584539,8.02640264026403,0,0.695454545454545,596.12748460687,16.2216864026855,18.2478594596681,4.03678897525858
