"","plot","mean.height","transect.length","mode.el","height.2","max.el","mode.2","max.can.ht","mean.max.ht","mean.vai","max.vai","deep.gaps","porosity","std.std","mean.std","rugosity","top.rugosity"
"1","MLBS_62W.CSV",7.82986307539059,40,6.325,3.89489373454528,17,5.41011783605496,21.5,15.790125,6.82368390757305,8.35109717868339,0,0.681521739130435,541.682113863097,17.9637321533604,14.7981904632095,4.47019918782666
