"","plot","mean.height","transect.length","mode.el","height.2","max.el","mode.2","max.can.ht","mean.max.ht","mean.vai","max.vai","deep.gaps","porosity","std.std","mean.std","rugosity","top.rugosity"
"1","MLBS_74C.CSV",9.20422087612834,50,8.22,3.18324413346733,15,3.86931518488737,16.824,13.1252,6.8160465581076,8.0233918128655,0,0.683333333333333,72.2338368549244,6.28339971054919,5.72299964462648,3.17504277329375
