"","plot","mean.height","transect.length","mode.el","height.2","max.el","mode.2","max.can.ht","mean.max.ht","mean.vai","max.vai","deep.gaps","porosity","std.std","mean.std","rugosity","top.rugosity"
"1","MLBS_76C.CSV",9.11774333572915,40,8.025,4.04037116972889,17,4.80878103057313,20.232,13.3763,6.39077886930901,8.02453987730061,0,0.672619047619048,99.344958305047,6.5704265690385,7.49496184152527,4.71269347667851
