"","plot","mean.height","transect.length","mode.el","height.2","max.el","mode.2","max.can.ht","mean.max.ht","mean.vai","max.vai","deep.gaps","porosity","std.std","mean.std","rugosity","top.rugosity"
"1","OSBS_41W.csv",1.58889528947948,40,1.55,3.28449184700242,11,3.20117166050182,10.639,1.5543,0.169236476371725,1.93710795808741,32,0.95,0.0708223318438483,0.0738119265977275,0.255683654807616,3.23136533975568
