"","plot","mean.height","transect.length","mode.el","height.2","max.el","mode.2","max.can.ht","mean.max.ht","mean.vai","max.vai","deep.gaps","porosity","std.std","mean.std","rugosity","top.rugosity"
"1","OSBS_37E.CSV",5.12959100918517,40,5.05,6.93201355915695,17,6.77476936876821,19.159,5.32075,1.08122991190715,8.04232804232804,25,0.9425,0.906185345689222,0.33931573431867,0.889410016883667,7.26120585715623
