"","plot","mean.height","transect.length","mode.el","height.2","max.el","mode.2","max.can.ht","mean.max.ht","mean.vai","max.vai","deep.gaps","porosity","std.std","mean.std","rugosity","top.rugosity"
"1","OSBS_37C_X30.CSV",7.24025041516972,30,7.13333333333333,7.11862543790112,17,6.99396565301514,17.792,7.79753333333333,1.76192680579859,8.33515482695811,14,0.86140350877193,9.587012445874,1.27567351000915,2.82128863141206,7.62698359380888
