"","plot","mean.height","transect.length","mode.el","height.2","max.el","mode.2","max.can.ht","mean.max.ht","mean.vai","max.vai","deep.gaps","porosity","std.std","mean.std","rugosity","top.rugosity"
"1","OSBS_35W.CSV",5.20878967959806,40,5.2,6.51962215365864,17,6.41170804076418,17.37,5.307025,0.603890793267854,7.82794151109279,23,0.9125,1.92769706695445,0.521405530737639,1.28679187884858,6.60851463386635
