"","plot","mean.height","transect.length","mode.el","height.2","max.el","mode.2","max.can.ht","mean.max.ht","mean.vai","max.vai","deep.gaps","porosity","std.std","mean.std","rugosity","top.rugosity"
"1","OSBS_41C.CSV",5.49300293874751,40,5.325,6.96887051685677,16,6.67228409167356,16.275,5.4838,0.747271732070323,10.2814814814815,24,0.941176470588235,0.37708058049939,0.210440035608756,0.576884366153543,6.95070033807699
