"","plot","mean.height","transect.length","mode.el","height.2","max.el","mode.2","max.can.ht","mean.max.ht","mean.vai","max.vai","deep.gaps","porosity","std.std","mean.std","rugosity","top.rugosity","plot","mean.return.ht","sd.return.ht","sky.fraction","cover.fraction","max.ht","rumple","clumping.index"
"1","rice_control_one.CSV",6.74797242985542,30,5.3,3.69397487811905,16,3.73407730682338,21.654,13.9011333333333,7.5516444660616,8.01317957166392,0,0.730434782608696,154.607508247405,8.00349976113987,9.51585518074122,5.69332853818205,"rice_control_one.CSV",6.08819752120811,4.43288680437131,0.81751999045232,99.1824800095477,21.654,4.86666666666667,0.922756675374361
