"","plot","mean.height","transect.length","mode.el","height.2","max.el","mode.2","max.can.ht","mean.max.ht","mean.vai","max.vai","deep.gaps","porosity","std.std","mean.std","rugosity","top.rugosity","plot","mean.return.ht","sd.return.ht","sky.fraction","cover.fraction","max.ht","rumple","clumping.index"
"1","rice_treatment_one.CSV",7.59757980438135,30,6.13333333333333,3.73351140818868,19,4.16919923033455,27.69,17.1626,7.32586967882608,8.67153284671533,0,0.791954022988506,366.891271153661,12.1971201341142,14.7689380656717,7.25080307847059,"rice_treatment_one.CSV",6.80487260641542,4.82339280146972,4.18930762489045,95.8106923751096,27.69,8.3,0.928223410711245
