"","plot","mean.height","transect.length","mode.el","height.2","max.el","mode.2","max.can.ht","mean.max.ht","mean.vai","max.vai","deep.gaps","porosity","std.std","mean.std","rugosity","top.rugosity"
"1","SCBI_55W.CSV",8.5492259124948,40,7.425,5.98447703641475,31,6.03691767378022,31.658,14.199075,6.28499994719707,8.02179836512262,3,0.809090909090909,176.752166722927,7.6856874081615,10.8481508003417,8.56371934050554
