"","plot","mean.height","transect.length","mode.el","height.2","max.el","mode.2","max.can.ht","mean.max.ht","mean.vai","max.vai","deep.gaps","porosity","std.std","mean.std","rugosity","top.rugosity"
"1","SERC_53W.CSV",7.75527596624945,40,5.825,5.18645527973019,25,5.31454372453553,34.553,19.474675,7.62380121651541,9.03030303030303,0,0.769444444444444,1664.19927482205,23.659434375274,33.2329721792101,10.8416518690945
