"","plot","mean.height","transect.length","mode.el","height.2","max.el","mode.2","max.can.ht","mean.max.ht","mean.vai","max.vai","deep.gaps","porosity","std.std","mean.std","rugosity","top.rugosity"
"1","SERC_58W.CSV",5.39732094458419,40,3.575,2.17260812204855,10,1.75908356822523,32.329,13.543725,7.51109862337091,8.05263157894737,0,0.772727272727273,343.223636730709,10.4486787530534,15.2986518702204,7.71509185344227
