"","plot","mean.height","transect.length","mode.el","height.2","max.el","mode.2","max.can.ht","mean.max.ht","mean.vai","max.vai","deep.gaps","porosity","std.std","mean.std","rugosity","top.rugosity"
"1","SERC_56C.CSV",8.69181760765211,40,6.925,4.59278547438263,28,5.68061396329657,34.949,18.64425,7.5616190597581,8.10928961748634,0,0.774305555555556,1162.32345324016,20.9520924778626,26.8948559029279,8.92581414730935
