"","plot","mean.height","transect.length","mode.el","height.2","max.el","mode.2","max.can.ht","mean.max.ht","mean.vai","max.vai","deep.gaps","porosity","std.std","mean.std","rugosity","top.rugosity"
"1","SERC_49C.CSV",5.83416889589928,40,4.675,4.33551289107635,33,5.13511197541008,33.028,12.4105,7.45010697769457,8.03738317757009,0,0.830147058823529,1120.33445551985,13.3182789627412,30.707619591731,7.12815612148806
