"","plot","mean.height","transect.length","mode.el","height.2","max.el","mode.2","max.can.ht","mean.max.ht","mean.vai","max.vai","deep.gaps","porosity","std.std","mean.std","rugosity","top.rugosity"
"1","SERC_61C_X30.CSV",7.20098934927241,30,5.46666666666667,4.38035698174098,18,4.573352769638,28.912,15.7517666666667,6.44124283367744,14.5959183673469,0,0.797777777777778,1155.02051431141,19.3149408847887,27.9634327815546,8.89325540908752
