"","plot","mean.height","transect.length","mode.el","height.2","max.el","mode.2","max.can.ht","mean.max.ht","mean.vai","max.vai","deep.gaps","porosity","std.std","mean.std","rugosity","top.rugosity"
"1","SERC_56W.CSV",9.8157463914754,40,7.8,7.03930562219176,32,7.7272245987806,33.32,21.248125,6.9646570632882,8.24427480916031,0,0.747058823529412,3146.91679464057,33.0399393869606,45.3351872164056,11.7511196110064
