"","plot","mean.height","transect.length","mode.el","height.2","max.el","mode.2","max.can.ht","mean.max.ht","mean.vai","max.vai","deep.gaps","porosity","std.std","mean.std","rugosity","top.rugosity"
"1","SERC_52C.CSV",4.68302472652111,40,3.6,1.14281044990335,7,1.4456832294801,28.953,10.466475,7.77628853321271,8.03836930455635,0,0.804166666666667,36.9243945304992,3.82098776973634,4.7248753416386,6.30994442654019
