"","plot","mean.height","transect.length","mode.el","height.2","max.el","mode.2","max.can.ht","mean.max.ht","mean.vai","max.vai","deep.gaps","porosity","std.std","mean.std","rugosity","top.rugosity"
"1","SERC_54C.CSV",11.0009819709094,40,9.825,7.10454639498345,40,7.87047489037352,40.807,20.76295,7.73936448132011,8.18508997429306,0,0.7875,1128.14133923921,17.4551704057765,28.6959642692926,8.74470040814465
