"","plot","mean.height","transect.length","mode.el","height.2","max.el","mode.2","max.can.ht","mean.max.ht","mean.vai","max.vai","deep.gaps","porosity","std.std","mean.std","rugosity","top.rugosity"
"1","SERC_61E.CSV",9.81591663409337,40,8.425,3.72377549624591,15,3.64614522475449,26.127,18.74615,7.12720025317073,8.12232415902141,0,0.692592592592593,199.649962520916,10.7615807652915,9.15632797321204,5.46260587082759
