"","plot","mean.height","transect.length","mode.el","height.2","max.el","mode.2","max.can.ht","mean.max.ht","mean.vai","max.vai","deep.gaps","porosity","std.std","mean.std","rugosity","top.rugosity"
"1","SERC_55W.CSV",5.80321595232392,40,5.1,3.9619669622412,22,4.57602447545902,22.524,11.1934,7.69570643824672,8.02015113350126,0,0.720833333333333,69.6483467786645,5.20200527740938,6.5259089690609,6.17167148036401
