"","plot","mean.height","transect.length","mode.el","height.2","max.el","mode.2","max.can.ht","mean.max.ht","mean.vai","max.vai","deep.gaps","porosity","std.std","mean.std","rugosity","top.rugosity"
"1","SERC_54W.CSV",6.99954338761166,40,5.525,4.33082718729252,24,5.04473735688985,35.212,15.4311,7.6847388258719,8.07207207207207,0,0.786805555555556,287.025167555403,9.84970204008714,13.7843584281934,8.47438308411947
