"","plot","mean.height","transect.length","mode.el","height.2","max.el","mode.2","max.can.ht","mean.max.ht","mean.vai","max.vai","deep.gaps","porosity","std.std","mean.std","rugosity","top.rugosity"
"1","SERC_57E.CSV",7.21105052851304,40,6.525,3.83739659019799,15,4.27192872131547,27.516,12.893275,6.32531466226163,8.01489757914339,1,0.783620689655172,216.791211282441,7.05483605370387,12.9236411099118,7.17671271432641
