"","plot","mean.height","transect.length","mode.el","height.2","max.el","mode.2","max.can.ht","mean.max.ht","mean.vai","max.vai","deep.gaps","porosity","std.std","mean.std","rugosity","top.rugosity"
"1","SERC_60W.CSV",6.51587351832498,40,4.825,3.05381226587284,14,3.27786134545072,32.068,16.681775,7.0061985756887,8.08583690987124,0,0.789393939393939,547.804486490876,12.6488499349351,19.6929195858402,7.73251446975691
