"","plot","mean.height","transect.length","mode.el","height.2","max.el","mode.2","max.can.ht","mean.max.ht","mean.vai","max.vai","deep.gaps","porosity","std.std","mean.std","rugosity","top.rugosity"
"1","SERC_58C.CSV",4.68489350868236,40,3.8,1.26305625788894,8,1.7058722109232,32.56,10.4351,7.54695778048122,8.05095541401274,0,0.801470588235294,14.8585122529533,2.75453020878082,2.69649320078269,6.88694223317409
