"","plot","mean.height","transect.length","mode.el","height.2","max.el","mode.2","max.can.ht","mean.max.ht","mean.vai","max.vai","deep.gaps","porosity","std.std","mean.std","rugosity","top.rugosity"
"1","SERC_52E.CSV",3.93949609055479,40,3.4,1.9675679807583,16,2.7459060435492,31.56,10.633475,7.87168637534689,8.01698513800425,0,0.827272727272727,45.6754683125096,3.4729667868697,5.79775560107612,7.03040150579555
