"","plot","mean.height","transect.length","mode.el","height.2","max.el","mode.2","max.can.ht","mean.max.ht","mean.vai","max.vai","deep.gaps","porosity","std.std","mean.std","rugosity","top.rugosity"
"1","SERC_61W.CSV",6.28355301895155,40,4.775,4.32478552086772,22,4.73543820569966,32.203,17.791975,6.99864859703655,8.15176151761518,0,0.801515151515152,657.020518420231,14.8830492725045,20.8690048342616,8.95523681625765
