"","plot","mean.height","transect.length","mode.el","height.2","max.el","mode.2","max.can.ht","mean.max.ht","mean.vai","max.vai","deep.gaps","porosity","std.std","mean.std","rugosity","top.rugosity"
"1","SERC_58E.CSV",6.33396995597775,40,5.225,2.35997644064686,13,2.78825662377049,24.445,11.378,7.64639215955461,8.04060913705584,0,0.675,50.153743204387,5.2329025477317,4.77184179644822,4.45474418385498
