"","plot","mean.height","transect.length","mode.el","height.2","max.el","mode.2","max.can.ht","mean.max.ht","mean.vai","max.vai","deep.gaps","porosity","std.std","mean.std","rugosity","top.rugosity"
"1","SERC_60C.CSV",6.36113754732915,40,3.975,3.64043651543064,8,1.6953981833186,42.471,19.489375,7.50906683585229,9.03896103896104,0,0.820348837209302,3234.15838094117,25.8293362401887,50.6656073715932,11.0271305533391
