"","plot","mean.height","transect.length","mode.el","height.2","max.el","mode.2","max.can.ht","mean.max.ht","mean.vai","max.vai","deep.gaps","porosity","std.std","mean.std","rugosity","top.rugosity"
"1","SERC_48E.CSV",5.8632907501279,40,4.2,4.05682422707724,14,3.10805405358401,34.527,15.674325,7.05452168505256,8.37849462365591,0,0.820833333333333,802.82640129711,15.1030964545483,23.9733785433285,8.86859802000207
