"","plot","mean.height","transect.length","mode.el","height.2","max.el","mode.2","max.can.ht","mean.max.ht","mean.vai","max.vai","deep.gaps","porosity","std.std","mean.std","rugosity","top.rugosity"
"1","SERC_57C.CSV",5.85950175842755,40,4.525,2.74148049652927,15,3.03304714767179,25.706,14.160175,7.66300595541607,8.35974304068523,0,0.766666666666667,95.7360553065061,6.4767294055219,7.33403241840081,6.37211314580561
