"","plot","mean.height","transect.length","mode.el","height.2","max.el","mode.2","max.can.ht","mean.max.ht","mean.vai","max.vai","deep.gaps","porosity","std.std","mean.std","rugosity","top.rugosity"
"1","SERC_56E.CSV",9.66697238236339,40,8.55,6.23175835683656,31,7.72965070362174,35.083,19.68695,7.65669159198405,8.02088772845953,0,0.764583333333333,1856.17920932906,23.409953639029,36.1684016780887,9.15451325695664
