"","plot","mean.height","transect.length","mode.el","height.2","max.el","mode.2","max.can.ht","mean.max.ht","mean.vai","max.vai","deep.gaps","porosity","std.std","mean.std","rugosity","top.rugosity"
"1","SERC_47W.CSV",10.1365038385161,40,9.725,5.93044481076238,23,7.10629122679334,35.681,20.68675,7.62240791009236,8.93975903614458,0,0.781081081081081,767.904123107893,17.2729655479195,21.6690743754383,8.53223482838269
