"","plot","mean.height","transect.length","mode.el","height.2","max.el","mode.2","max.can.ht","mean.max.ht","mean.vai","max.vai","deep.gaps","porosity","std.std","mean.std","rugosity","top.rugosity"
"1","SERC_54E.CSV",7.59255587330174,40,5.8,5.02731424801194,17,4.79687398208458,29.898,17.477125,7.61982862647417,8.45528455284553,0,0.755645161290323,393.711924948645,12.9107186670436,15.0673577129203,9.3094264583794
