"","plot","mean.height","transect.length","mode.el","height.2","max.el","mode.2","max.can.ht","mean.max.ht","mean.vai","max.vai","deep.gaps","porosity","std.std","mean.std","rugosity","top.rugosity"
"1","SERC_43W.CSV",3.5477761823907,40,2.825,0.863059959084773,5,0.97178958627884,33.061,9.024225,7.68755234455833,8.08617594254937,0,0.857352941176471,133.612913703069,3.72013992660961,10.9441067533862,8.8163046549328
