"","plot","mean.height","transect.length","mode.el","height.2","max.el","mode.2","max.can.ht","mean.max.ht","mean.vai","max.vai","deep.gaps","porosity","std.std","mean.std","rugosity","top.rugosity"
"1","SERC_43C.CSV",4.24067173664691,40,3.175,2.23011327861203,12,1.73042624806722,35.555,10.78555,7.21644563183054,8.16,1,0.856756756756757,736.672405039819,9.36343859188342,25.4754474499634,9.27334816294967
