"","plot","mean.height","transect.length","mode.el","height.2","max.el","mode.2","max.can.ht","mean.max.ht","mean.vai","max.vai","deep.gaps","porosity","std.std","mean.std","rugosity","top.rugosity"
"1","SERC_48W_XXX.CSV",5.50522786973969,50,3.96,2.69204399696872,15,2.47353997339845,31.516,13.82382,7.50925853255455,8.05442176870748,0,0.815757575757576,403.201307748023,10.8981305801975,16.8651136256175,8.84232781173623
