"","plot","mean.height","transect.length","mode.el","height.2","max.el","mode.2","max.can.ht","mean.max.ht","mean.vai","max.vai","deep.gaps","porosity","std.std","mean.std","rugosity","top.rugosity"
"1","SERC_47E.CSV",6.53586361957511,40,5.025,4.4687134801109,27,4.57431688889172,33.55,15.223725,7.43585153919528,8.01955990220049,0,0.818571428571429,1507.97435802947,20.3022563437298,33.1027603891723,9.78898848389457
