"","plot","mean.height","transect.length","mode.el","height.2","max.el","mode.2","max.can.ht","mean.max.ht","mean.vai","max.vai","deep.gaps","porosity","std.std","mean.std","rugosity","top.rugosity"
"1","SERC_47C.CSV",9.4887796333309,40,7.2,7.2391009542996,31,7.57693869580585,37.249,20.36825,7.44989667997608,8.13597733711048,0,0.804605263157895,1306.97027679878,22.2586628396014,28.4872288120787,10.4313757549532
