"","plot","mean.height","transect.length","mode.el","height.2","max.el","mode.2","max.can.ht","mean.max.ht","mean.vai","max.vai","deep.gaps","porosity","std.std","mean.std","rugosity","top.rugosity"
"1","SERC_43E.CSV",4.79552294695302,40,4.1,1.63292002653625,10,2.13072757526625,20.809,8.796875,7.85180112729767,8.12435233160622,0,0.732954545454545,17.0565089998469,2.46538397912743,3.31336548471622,3.72476420996978
