"","plot","mean.height","transect.length","mode.el","height.2","max.el","mode.2","max.can.ht","mean.max.ht","mean.vai","max.vai","deep.gaps","porosity","std.std","mean.std","rugosity","top.rugosity"
"1","SERC_57W.CSV",9.9497658907358,40,8.325,4.91649873234572,22,5.74624877637577,30.057,21.897075,7.43468354488894,8.04,0,0.72258064516129,1233.76373923731,25.1245265216317,24.5463216450273,7.62882724928013
