"","plot","mean.height","transect.length","mode.el","height.2","max.el","mode.2","max.can.ht","mean.max.ht","mean.vai","max.vai","deep.gaps","porosity","std.std","mean.std","rugosity","top.rugosity"
"1","SERC_49W.CSV",12.4311397142928,40,11.275,8.53743893255472,32,9.70048323538575,32.527,20.64435,6.66562757808088,8.01882352941177,0,0.778676470588235,1563.87513993612,19.5183630313018,34.3934389748166,9.17916835110615
