"","plot","mean.height","transect.length","mode.el","height.2","max.el","mode.2","max.can.ht","mean.max.ht","mean.vai","max.vai","deep.gaps","porosity","std.std","mean.std","rugosity","top.rugosity"
"1","SERC_55E.CSV",4.58640584249032,40,3.7,1.21792391530075,6,1.0770329614269,14.275,8.243025,7.79581613099071,9.16521739130435,0,0.546666666666667,9.38452356309466,2.29158045658605,2.03302301366402,2.80120877285192
