"","plot","mean.height","transect.length","mode.el","height.2","max.el","mode.2","max.can.ht","mean.max.ht","mean.vai","max.vai","deep.gaps","porosity","std.std","mean.std","rugosity","top.rugosity"
"1","SERC_48C.CSV",9.13065102234863,40,8.1,5.37815052841353,27,7.77110030819317,35.102,21.602025,7.02810656174546,8.1,0,0.775694444444444,3333.9365489984,37.5560829952896,43.8574643481508,9.81558075266968
