"","plot","mean.height","transect.length","mode.el","height.2","max.el","mode.2","max.can.ht","mean.max.ht","mean.vai","max.vai","deep.gaps","porosity","std.std","mean.std","rugosity","top.rugosity"
"1","TALL_49W.CSV",15.357429763105,40,14.875,9.55997471790855,26,9.33591854077573,26.935,17.305675,3.1970393421734,8.01495327102804,10,0.816071428571429,116.641674166142,5.72960121783364,9.15496280990487,10.8944806430325
