"","plot","mean.height","transect.length","mode.el","height.2","max.el","mode.2","max.can.ht","mean.max.ht","mean.vai","max.vai","deep.gaps","porosity","std.std","mean.std","rugosity","top.rugosity"
"1","TALL_59W.CSV",12.8648227323807,40,12.125,5.10850035664634,27,6.72379171301432,34.541,24.4867,6.64426775099489,8.01626016260163,0,0.735416666666667,973.41979031968,22.2123722020311,21.9095940509658,6.28514563077102
