"","plot","mean.height","transect.length","mode.el","height.2","max.el","mode.2","max.can.ht","mean.max.ht","mean.vai","max.vai","deep.gaps","porosity","std.std","mean.std","rugosity","top.rugosity"
"1","TALL_45E.CSV",12.1163800070045,40,11.6,3.65659110807182,17,3.98622628559895,18.961,14.805425,4.0236437437389,8.04968944099379,2,0.715,33.0874176490838,3.55079557810533,4.5254025690088,3.86423941424972
