"","plot","mean.height","transect.length","mode.el","height.2","max.el","mode.2","max.can.ht","mean.max.ht","mean.vai","max.vai","deep.gaps","porosity","std.std","mean.std","rugosity","top.rugosity"
"1","TALL_47W.CSV",11.499106921218,40,10.775,4.38875982216454,22,5.60128333509384,24.552,17.3906,6.07362030459118,8.71508379888268,0,0.746153846153846,309.381874616893,10.5814962585317,14.0504025404105,5.01555816767519
