"","plot","mean.height","transect.length","mode.el","height.2","max.el","mode.2","max.can.ht","mean.max.ht","mean.vai","max.vai","deep.gaps","porosity","std.std","mean.std","rugosity","top.rugosity"
"1","TALL_53W.CSV",13.1491459424518,40,12.4,7.5574090025569,26,7.92401413426301,27.053,18.60315,4.94323055237287,8.1587786259542,2,0.778571428571429,154.960695987683,6.94292051541824,10.3323061658212,6.62682887209259
