"","plot","mean.height","transect.length","mode.el","height.2","max.el","mode.2","max.can.ht","mean.max.ht","mean.vai","max.vai","deep.gaps","porosity","std.std","mean.std","rugosity","top.rugosity"
"1","TALL_50W.CSV",19.6706564759171,40,19.025,6.0524301220367,26,7.25081891926698,29.133,24.008225,3.88944147458468,8.03361344537815,1,0.759166666666667,996.445925612621,15.1915730640738,27.6705987187037,5.87472580260298
