"","plot","mean.height","transect.length","mode.el","height.2","max.el","mode.2","max.can.ht","mean.max.ht","mean.vai","max.vai","deep.gaps","porosity","std.std","mean.std","rugosity","top.rugosity"
"1","TALL_46W.CSV",8.03761923045779,50,7.14,3.56813882980831,15,3.73100522647718,18.78,12.71628,5.9990357569782,8.16058394160584,5,0.663,87.2688398369959,5.66385405949167,7.42897011905255,5.33352333690461
