"","plot","mean.height","transect.length","mode.el","height.2","max.el","mode.2","max.can.ht","mean.max.ht","mean.vai","max.vai","deep.gaps","porosity","std.std","mean.std","rugosity","top.rugosity"
"1","TALL_58W.CSV",8.68205093121742,50,7.84,3.25632415325459,19,4.04652937713295,26.152,14.63804,6.9854798729106,8.04419889502762,0,0.707407407407407,210.792769600879,9.31480977199117,11.1367449693569,5.73291615775399
