"","plot","mean.height","transect.length","mode.el","height.2","max.el","mode.2","max.can.ht","mean.max.ht","mean.vai","max.vai","deep.gaps","porosity","std.std","mean.std","rugosity","top.rugosity"
"1","TALL_53E.CSV",15.8305360060554,40,15.225,5.32905582481927,25,6.07654301391836,28.449,20.7482,6.13897717949132,8.42494226327945,0,0.74051724137931,98.1810528942659,7.36544479012414,6.62806728525738,4.62177209437113
