"","plot","mean.height","transect.length","mode.el","height.2","max.el","mode.2","max.can.ht","mean.max.ht","mean.vai","max.vai","deep.gaps","porosity","std.std","mean.std","rugosity","top.rugosity"
"1","TALL_61C.CSV",10.5325001999951,40,10.5,9.39992766208696,27,9.89191589127202,28.249,13.7891,2.6378308276442,8.05745062836625,14,0.822413793103448,216.222729831148,7.58938162625054,12.5946026679002,12.0509069151215
