"","plot","mean.height","transect.length","mode.el","height.2","max.el","mode.2","max.can.ht","mean.max.ht","mean.vai","max.vai","deep.gaps","porosity","std.std","mean.std","rugosity","top.rugosity"
"1","TALL_47C.CSV",14.5684382864062,40,13.525,5.57030318772064,26,6.68201878177546,29.342,20.6684,5.37365469000857,8.03846153846154,0,0.728333333333333,318.783371640175,11.6609707154343,13.5205448711936,5.49274492025384
