"","plot","mean.height","transect.length","mode.el","height.2","max.el","mode.2","max.can.ht","mean.max.ht","mean.vai","max.vai","deep.gaps","porosity","std.std","mean.std","rugosity","top.rugosity"
"1","TALL_59E.CSV",8.81433143595746,40,7.425,4.96875287496323,26,5.84331883436117,30.048,15.7125,6.20382074718354,8.2962962962963,0,0.766129032258065,611.125898297214,14.1497211894878,20.2709469082472,7.49910903083895
