"","plot","mean.height","transect.length","mode.el","height.2","max.el","mode.2","max.can.ht","mean.max.ht","mean.vai","max.vai","deep.gaps","porosity","std.std","mean.std","rugosity","top.rugosity"
"1","TALL_51W.CSV",23.9328150165065,40,24,7.21919475388209,34,8.21279489577087,35.087,28.92855,3.58955465739614,8.42462845010616,0,0.797916666666667,1091.93978037588,20.5986625398084,25.838631580387,6.05084364090386
