"","plot","mean.height","transect.length","mode.el","height.2","max.el","mode.2","max.can.ht","mean.max.ht","mean.vai","max.vai","deep.gaps","porosity","std.std","mean.std","rugosity","top.rugosity"
"1","TALL_55W.CSV",11.0925585399943,40,10.35,5.51435462843171,26,6.80275679412398,26,18.44805,5.03085334363892,8.04210526315789,1,0.733333333333333,505.666972354205,15.2084973288803,16.5640750225192,5.97624866450518
