"","plot","mean.height","transect.length","mode.el","height.2","max.el","mode.2","max.can.ht","mean.max.ht","mean.vai","max.vai","deep.gaps","porosity","std.std","mean.std","rugosity","top.rugosity"
"1","TREE_46W.CSV",8.60543215573537,40,7.95,3.983129959038,19,4.62033548565469,23.015,13.0374,7.47055313229911,9.2962962962963,0,0.759375,141.318648140337,7.09023339428304,9.54186766597244,5.3027185857822
