"","plot","mean.height","transect.length","mode.el","height.2","max.el","mode.2","max.can.ht","mean.max.ht","mean.vai","max.vai","deep.gaps","porosity","std.std","mean.std","rugosity","top.rugosity"
"1","TREE_41E.CSV",14.3872183533866,40,13.525,6.62704808992117,21,6.95696593350866,23.736,16.669825,3.70186301942412,8.39263803680982,5,0.809,102.226849684077,5.18105970290151,8.68236546334276,7.00333335977068
