"","plot","mean.height","transect.length","mode.el","height.2","max.el","mode.2","max.can.ht","mean.max.ht","mean.vai","max.vai","deep.gaps","porosity","std.std","mean.std","rugosity","top.rugosity"
"1","TREE_39W.CSV",5.14966071599858,40,4.5,4.67700338445276,20,4.74341649025257,22.231,7.38375,4.17291279232633,8.10126582278481,8,0.856521739130435,39.7650488689549,2.61661601871039,5.73745322243093,6.75364645570953
