"","plot","mean.height","transect.length","mode.el","height.2","max.el","mode.2","max.can.ht","mean.max.ht","mean.vai","max.vai","deep.gaps","porosity","std.std","mean.std","rugosity","top.rugosity"
"1","TREE_25C.CSV",6.57470404082848,40,5.975,6.2920862777691,19,6.23493183603478,19.773,9.5504,3.07728053003712,8.01342281879195,15,0.786904761904762,135.783319877537,5.85946288429443,10.0722397998217,8.52829522087263
