"","plot","mean.height","transect.length","mode.el","height.2","max.el","mode.2","max.can.ht","mean.max.ht","mean.vai","max.vai","deep.gaps","porosity","std.std","mean.std","rugosity","top.rugosity"
"1","TREE_47W.CSV",11.6514711619191,40,10.8,6.50767318381338,18,6.45445582524197,21.741,14.631075,2.98164154342025,8.95094339622641,8,0.781521739130435,43.686900317394,3.61448421920334,5.53375136291142,7.63264653965838
