"","plot","mean.height","transect.length","mode.el","height.2","max.el","mode.2","max.can.ht","mean.max.ht","mean.vai","max.vai","deep.gaps","porosity","std.std","mean.std","rugosity","top.rugosity"
"1","TREE_42W.CSV",11.7603317564772,40,11,4.56890326484353,21,5.05470078244005,23.46,17.589675,7.24143622012402,8.09029345372461,0,0.728125,159.702832192454,7.91450445376969,9.85207853418321,4.21374705280229
