"","plot","mean.height","transect.length","mode.el","height.2","max.el","mode.2","max.can.ht","mean.max.ht","mean.vai","max.vai","deep.gaps","porosity","std.std","mean.std","rugosity","top.rugosity"
"1","TREE_53C.CSV",9.91887358078161,40,8.85,4.31852499288036,18,4.50305451887938,20.342,13.343475,5.88475124997928,8.11522633744856,1,0.745238095238095,45.1794229659369,4.2343792268476,5.22010110334833,5.01253226340406
