"","plot","mean.height","transect.length","mode.el","height.2","max.el","mode.2","max.can.ht","mean.max.ht","mean.vai","max.vai","deep.gaps","porosity","std.std","mean.std","rugosity","top.rugosity"
"1","TREE_46C.CSV",6.37606777101541,40,5.65,4.45085798268138,19,4.56371559148902,21.082,9.05485,4.48631211641092,8.46741573033708,6,0.8375,47.6852743285733,3.05085945453313,6.19496012233001,5.96460760009214
