"","plot","mean.height","transect.length","mode.el","height.2","max.el","mode.2","max.can.ht","mean.max.ht","mean.vai","max.vai","deep.gaps","porosity","std.std","mean.std","rugosity","top.rugosity"
"1","TREE_25W.CSV",5.76424057938175,40,5.1,3.28100767660133,16,3.76031913539263,17.873,8.5545,6.47620950068323,8.17133443163097,1,0.732894736842105,37.4037478672918,3.27795450486372,5.16321238487586,4.16110672531806
