"","plot","mean.height","transect.length","mode.el","height.2","max.el","mode.2","max.can.ht","mean.max.ht","mean.vai","max.vai","deep.gaps","porosity","std.std","mean.std","rugosity","top.rugosity"
"1","TREE_41W.CSV",12.4035309440537,40,11.575,6.62199905256776,22,6.81867839100804,22.562,15.293875,4.32011508594469,14.4379947229551,6,0.838541666666667,134.803316769681,4.76173460364171,10.5891076269043,7.43476275960886
