"","plot","mean.height","transect.length","mode.el","height.2","max.el","mode.2","max.can.ht","mean.max.ht","mean.vai","max.vai","deep.gaps","porosity","std.std","mean.std","rugosity","top.rugosity"
"1","TREE_42C.CSV",12.8243451349266,40,11.9,4.58289438351386,23,5.60713830755047,22.812,18.0861,6.45675892323038,9.40224719101124,0,0.721875,81.5333147656346,6.32843058579141,6.44082922351264,3.91514840272813
