"","plot","mean.height","transect.length","mode.el","height.2","max.el","mode.2","max.can.ht","mean.max.ht","mean.vai","max.vai","deep.gaps","porosity","std.std","mean.std","rugosity","top.rugosity"
"1","TREE_39C_XXX.CSV",6.89249281335975,30,5.86666666666667,2.3748921155695,10,2.71702451630864,18.069,10.3077666666667,6.86795790246098,8.01574803149606,0,0.649122807017544,50.2386123011983,4.57869462701686,5.41056076703009,3.57189394061309
