"","plot","mean.height","transect.length","mode.el","height.2","max.el","mode.2","max.can.ht","mean.max.ht","mean.vai","max.vai","deep.gaps","porosity","std.std","mean.std","rugosity","top.rugosity"
"1","TREE_56W.CSV",8.62412169707169,40,7.75,5.93816216858408,19,5.97808497764961,21.862,11.873475,4.03244464567244,8.02453987730061,10,0.796739130434783,184.204001908003,6.13968390175763,12.1040606200771,7.73953006254918
