"","plot","mean.height","transect.length","mode.el","height.2","max.el","mode.2","max.can.ht","mean.max.ht","mean.vai","max.vai","deep.gaps","porosity","std.std","mean.std","rugosity","top.rugosity"
"1","TREE_45C.CSV",10.4349453903173,40,9.275,5.38910466020888,21,6.1114135026195,21.411,13.512925,2.44528128602147,8.11325611325611,5,0.769318181818182,189.125043133922,7.25359453699284,11.6837669193984,6.33525020406273
