"","plot","mean.height","transect.length","mode.el","height.2","max.el","mode.2","max.can.ht","mean.max.ht","mean.vai","max.vai","deep.gaps","porosity","std.std","mean.std","rugosity","top.rugosity"
"1","TREE_53W.CSV",7.79834216868913,40,6.825,3.93787212919214,15,3.6324062272824,23.317,13.5445,6.08263795216322,8.07158836689038,4,0.748958333333333,144.524123139515,6.7264944175476,9.96385447456035,6.69721745893828
