"","plot","mean.height","transect.length","mode.el","height.2","max.el","mode.2","max.can.ht","mean.max.ht","mean.vai","max.vai","deep.gaps","porosity","std.std","mean.std","rugosity","top.rugosity"
"1","TREE_41C.CSV",13.8085298740743,40,13.6,6.59399238604239,24,6.76683086828687,54.034,17.6248,4.59592613736844,8.02298850574713,5,0.914090909090909,60.3496136419778,4.89489268705366,6.03238254955755,9.56270227391228
