"","plot","mean.height","transect.length","mode.el","height.2","max.el","mode.2","max.can.ht","mean.max.ht","mean.vai","max.vai","deep.gaps","porosity","std.std","mean.std","rugosity","top.rugosity"
"1","UNDE_48E_XXX.CSV",10.2495756166395,50,10.08,5.14426984649815,19,6.14439582058318,21.045,14.55282,4.28997855354916,9.53550863723608,4,0.726363636363636,286.668375766762,11.0896782372904,12.7940381568967,6.21263359545922
