"","plot","mean.height","transect.length","mode.el","height.2","max.el","mode.2","max.can.ht","mean.max.ht","mean.vai","max.vai","deep.gaps","porosity","std.std","mean.std","rugosity","top.rugosity"
"1","UNDE_61E_XXX.CSV",9.34307676131624,30,8.46666666666667,5.3739078998729,22,6.30731497724842,25.761,15.9586333333333,6.33534337674494,8.02476780185759,0,0.740740740740741,252.497065363061,9.69345440995125,12.5910288287041,5.74105971524622
