"","plot","mean.height","transect.length","mode.el","height.2","max.el","mode.2","max.can.ht","mean.max.ht","mean.vai","max.vai","deep.gaps","porosity","std.std","mean.std","rugosity","top.rugosity"
"1","UNDE_54W2.CSV",16.3004055933372,40,15.15,4.46919026946458,22,5.69451490471313,24.622,21.91545,6.51905569498056,8.06825938566553,0,0.697115384615385,251.109758480427,10.4403029279622,11.920982897933,1.82020321421144
