"","plot","mean.height","transect.length","mode.el","height.2","max.el","mode.2","max.can.ht","mean.max.ht","mean.vai","max.vai","deep.gaps","porosity","std.std","mean.std","rugosity","top.rugosity"
"1","UVAX_A4_01C.CSV",10.1727471345751,40,8.75,5.68444384485679,28,6.89836937254015,29.812,20.364125,6.35227946679463,8.09876543209876,0,0.794354838709677,960.970198090059,21.9163473005833,21.9235927505114,6.66655376771391
