"","plot","mean.height","transect.length","mode.el","height.2","max.el","mode.2","max.can.ht","mean.max.ht","mean.vai","max.vai","deep.gaps","porosity","std.std","mean.std","rugosity","top.rugosity"
"1","UVAX_A3_08_C.CSV",8.3756067756936,40,6.575,4.15820367809736,19,5.14726869320031,22.547,18.845125,6.56120223388223,8.33519553072626,0,0.65625,745.802650552977,20.3270534274029,18.237695838907,3.3521712457596
