"","plot","mean.height","transect.length","mode.el","height.2","max.el","mode.2","max.can.ht","mean.max.ht","mean.vai","max.vai","deep.gaps","porosity","std.std","mean.std","rugosity","top.rugosity"
"1","UVAX_A4_14C.CSV",9.63583111507719,40,8.775,5.82128410033398,23,6.2947895119694,24.96,16.40095,5.79348423256792,8.2970297029703,0,0.757692307692308,329.630517206051,9.42401864663766,15.5183243217132,5.84125146386479
