"","plot","mean.height","transect.length","mode.el","height.2","max.el","mode.2","max.can.ht","mean.max.ht","mean.vai","max.vai","deep.gaps","porosity","std.std","mean.std","rugosity","top.rugosity"
"1","UVAX_A4_01W.CSV",9.43064539874016,40,8.025,4.12224373274478,21,4.57431688889172,26.511,17.5717,7.29421675815746,8.3830985915493,0,0.739285714285714,288.888848537242,9.95940100048031,13.7731325503269,6.53910106815051
