"","plot","mean.height","transect.length","mode.el","height.2","max.el","mode.2","max.can.ht","mean.max.ht","mean.vai","max.vai","deep.gaps","porosity","std.std","mean.std","rugosity","top.rugosity"
"1","UVAX_A3_08_E.CSV",10.3584901439711,40,9.25,4.47524071730408,20,5.56664171651095,23.946,17.35835,6.34137523439781,8.07339449541284,0,0.689,490.776330241149,15.1172680327014,16.1939660821126,4.40006371486502
