"","plot","mean.height","transect.length","mode.el","height.2","max.el","mode.2","max.can.ht","mean.max.ht","mean.vai","max.vai","deep.gaps","porosity","std.std","mean.std","rugosity","top.rugosity"
"1","UVAX_A4_01E.CSV",12.5892814925136,40,11.125,7.29615429965786,27,8.28307762851466,28.916,22.86775,6.83080102643979,8,0,0.743333333333333,1184.87019411878,24.1551682928854,24.5234181724564,7.27708703960941
