"","plot","mean.height","transect.length","mode.el","height.2","max.el","mode.2","max.can.ht","mean.max.ht","mean.vai","max.vai","deep.gaps","porosity","std.std","mean.std","rugosity","top.rugosity","plot","mean.return.ht","sd.return.ht","sky.fraction","cover.fraction","max.ht","rumple","clumping.index"
"1","VDGIF-T3-06072016.CSV",8.68964936755618,30,7.63333333333333,6.90089406447605,27,8.0020136354684,28.789,15.8224,6.88960830526828,8.01457194899818,0,0.766666666666667,925.791933116419,17.8285496060781,24.6563328996839,8.45508165746983,"VDGIF-T3-06072016.CSV",6.99733743860421,7.32925606887563,2.84879994302401,97.151200056976,28.789,6.36666666666667,0.938969557826358
