"","plot","mean.height","transect.length","mode.el","height.2","max.el","mode.2","max.can.ht","mean.max.ht","mean.vai","max.vai","deep.gaps","porosity","std.std","mean.std","rugosity","top.rugosity"
"1","VDGIF-C4-06072016.CSV",5.94914909163379,30,4.8,3.99855529288438,22,4.24578222082418,28.643,13.7216,7.97454242911008,8.11991434689507,0,0.787777777777778,415.957706722314,10.2080791949952,17.6565236066169,8.25346583667985
