"","plot","mean.height","transect.length","mode.el","height.2","max.el","mode.2","max.can.ht","mean.max.ht","mean.vai","max.vai","deep.gaps","porosity","std.std","mean.std","rugosity","top.rugosity"
"1","ac_103.CSV",11.4987583479675,30,10.5333333333333,4.80993132872395,6.55824175824176,5.97624928827066,23.286,17.8433333333333,5.76107195945127,8.40776699029126,0,0.7125,410.426017522585,13.7863042687986,14.8446566861848,4.90696044222991
