"","plot","mean.height","transect.length","mode.el","height.2","max.el","mode.2","max.can.ht","mean.max.ht","mean.vai","max.vai","deep.gaps","porosity","std.std","mean.std","rugosity","top.rugosity"
"1","bp_98_2.CSV",5.69124308783784,40,5,1.43941965577694,6.38202247191011,1.7464249196573,12.751,8.2973,5.18981121821871,8.01873536299766,1,0.551785714285714,9.4151063744188,2.38592186576602,1.92937379086541,2.45501554854338
