"","plot","mean.height","transect.length","mode.el","height.2","max.el","mode.2","max.can.ht","mean.max.ht","mean.vai","max.vai","deep.gaps","porosity","std.std","mean.std","rugosity","top.rugosity"
"1","bs_40f.CSV",12.0440601927527,40,9.5,6.58511333832899,8,7.77174369109018,30.694,22.45785,7.2667643792868,14.868068833652,0,0.6484375,1399.98836428515,27.1562445029787,25.7395949614517,7.81216506826668
