"","plot","mean.height","transect.length","mode.el","height.2","max.el","mode.2","max.can.ht","mean.max.ht","mean.vai","max.vai","deep.gaps","porosity","std.std","mean.std","rugosity","top.rugosity"
"1","faset_b3.CSV",8.75078958357904,40,7.65,2.90224805870627,7.68399168399168,4.32174733180921,22.771,14.313075,6.84467206679495,8.14988290398126,0,0.719791666666667,169.317119115026,8.2324340487071,10.076911667208,3.93072053411429
