"","plot","mean.height","transect.length","mode.el","height.2","max.el","mode.2","max.can.ht","mean.max.ht","mean.vai","max.vai","deep.gaps","porosity","std.std","mean.std","rugosity","top.rugosity"
"1","faset_d1.CSV",6.94126021016299,40,5.95,3.43319546294772,7.92410043150136,4.46066138593819,20.932,11.72935,6.74334849180353,8.18677042801556,0,0.7125,205.134579371313,9.336937336952,10.860763349652,4.414032951848
