"","plot","mean.height","transect.length","mode.el","height.2","max.el","mode.2","max.can.ht","mean.max.ht","mean.vai","max.vai","deep.gaps","porosity","std.std","mean.std","rugosity","top.rugosity"
"1","faset_340.CSV",7.86665306746046,40,7,4.10590477361724,7.90697674418605,4.76969600708473,21.958,13.966475,6.45526927990301,8.09284332688588,0,0.695652173913043,111.327176737195,7.53481467193998,7.38605067656,5.97902924968508
