"","plot","mean.height","transect.length","mode.el","height.2","max.el","mode.2","max.can.ht","mean.max.ht","mean.vai","max.vai","deep.gaps","porosity","std.std","mean.std","rugosity","top.rugosity"
"1","faset_f2.CSV",7.60161075306491,30,6.23333333333333,1.80427608852929,7.36923076923077,3.11644384230203,19.925,15.7109333333333,6.78071656398425,8.06584362139918,0,0.574603174603175,184.005845094069,11.0615129743981,7.851673440184,3.00120276961884
