"","plot","mean.height","transect.length","mode.el","height.2","max.el","mode.2","max.can.ht","mean.max.ht","mean.vai","max.vai","deep.gaps","porosity","std.std","mean.std","rugosity","top.rugosity"
"1","ltreb_bp_36_1.CSV",8.25099670640402,40,6.525,3.50209252291055,6.08484848484848,4.04961417915337,19.845,15.253325,6.27798322787938,8.24347826086957,0,0.616666666666667,338.180249838113,12.9534127044589,13.0533271293596,3.92484810999591
