"","plot","mean.height","transect.length","mode.el","height.2","max.el","mode.2","max.can.ht","mean.max.ht","mean.vai","max.vai","deep.gaps","porosity","std.std","mean.std","rugosity","top.rugosity"
"1","ltreb_bp_54_2.CSV",8.25283824905708,40,6.975,3.68395652627746,5.94915254237288,4.6394369270419,16.742,13.075525,6.37718744131264,8.04809619238477,0,0.636111111111111,156.546071159142,8.93087431406016,8.76273673834849,3.21139395396518
