"","plot","mean.height","transect.length","mode.el","height.2","max.el","mode.2","max.can.ht","mean.max.ht","mean.vai","max.vai","deep.gaps","porosity","std.std","mean.std","rugosity","top.rugosity"
"1","red_pine_plain1.CSV",16.6921744524999,30,16.4333333333333,1.75280356942795,6.33941504452939,2.66687499186261,21.491,18.9694333333333,4.16865703946095,8.05647058823529,0,0.684848484848485,17.2383670170645,3.43714990901568,2.32902716171754,0.94442603198189
