"","plot","mean.height","transect.length","mode.el","height.2","max.el","mode.2","max.can.ht","mean.max.ht","mean.vai","max.vai","deep.gaps","porosity","std.std","mean.std","rugosity","top.rugosity"
"1","red_pine_plain2.CSV",17.163007485989,40,17.05,1.29377777709773,4.4115928958663,2.03654118544162,21.098,19.43345,4.4551963556426,8.01900237529691,0,0.680681818181818,13.8024846579437,3.12134436542018,2.01486823648681,0.968582018024816
