"","plot","mean.height","transect.length","mode.el","height.2","max.el","mode.2","max.can.ht","mean.max.ht","mean.vai","max.vai","deep.gaps","porosity","std.std","mean.std","rugosity","top.rugosity"
"1","rp32_1.CSV",12.3637747447549,40,10.35,3.40855699025163,5.97647058823529,5.15533704038834,23.484,20.043425,6.72696446080056,8.65753424657534,0,0.566666666666667,475.967007022049,16.2226043531803,14.5874643109152,2.29990331889887
