"","plot","mean.height","transect.length","mode.el","height.2","max.el","mode.2","max.can.ht","mean.max.ht","mean.vai","max.vai","deep.gaps","porosity","std.std","mean.std","rugosity","top.rugosity"
"1","rp32_3.CSV",10.4951801442008,40,9.275,3.66117286236576,6.71474442713556,4.91420135932585,21.979,16.63035,5.91817904321612,8.10278372591007,0,0.645652173913044,201.361358696012,11.1373554542207,8.79321739651375,4.01717917711242
