"","plot","mean.height","transect.length","mode.el","height.2","max.el","mode.2","max.can.ht","mean.max.ht","mean.vai","max.vai","deep.gaps","porosity","std.std","mean.std","rugosity","top.rugosity","plot","mean.return.ht","sd.return.ht","sky.fraction","cover.fraction","max.ht","rumple","clumping.index"
"1","AF_A4b_072516.CSV",6.59535680355676,40,5.525,5.72589687161832,19,5.77056106457596,21.963,11.5175,2.87799130128022,8.03252032520325,12,0.779347826086957,325.677931416695,9.88035842968453,15.1015379586867,8.96633675591726,"AF_A4b_072516.CSV",8.26274195140002,5.23081362385913,54.8054409633181,45.1945590366819,21.963,4.25,0.963692865584292
