"","plot","mean.height","transect.length","mode.el","height.2","max.el","mode.2","max.can.ht","mean.max.ht","mean.vai","max.vai","deep.gaps","porosity","std.std","mean.std","rugosity","top.rugosity","plot","mean.return.ht","sd.return.ht","sky.fraction","cover.fraction","max.ht","rumple","clumping.index"
"1","AF_A4_072516.CSV",9.05313987177308,40,8.175,5.85435276964481,19,6.18824490465592,20.079,13.369275,3.34592651452171,8.20168067226891,5,0.754761904761905,232.956450114498,9.01884359140941,12.3132818691116,6.78996763704949,"AF_A4_072516.CSV",8.28338131565783,5.59750327727756,40.1138406231276,59.8861593768724,20.079,3.425,0.950861120426209
