"","plot","mean.height","transect.length","mode.el","height.2","max.el","mode.2","max.can.ht","mean.max.ht","mean.vai","max.vai","deep.gaps","porosity","std.std","mean.std","rugosity","top.rugosity","plot","mean.return.ht","sd.return.ht","sky.fraction","cover.fraction","max.ht","rumple","clumping.index"
"1","AF_A4a_072516.CSV",8.95211040615663,40,8.25,5.5184467012805,19,5.94453530563996,22.839,13.34625,3.71696475506167,8.11188811188811,4,0.771875,224.185372006328,9.48550030969528,11.5849322777951,7.09267112444156,"AF_A4a_072516.CSV",8.04076484436307,5.50658408905039,48.0923285811269,51.9076714188731,22.839,5.175,0.952144315760381
