"","plot","mean.height","transect.length","mode.el","height.2","max.el","mode.2","max.can.ht","mean.max.ht","mean.vai","max.vai","deep.gaps","porosity","std.std","mean.std","rugosity","top.rugosity","plot","mean.return.ht","sd.return.ht","sky.fraction","cover.fraction","max.ht","rumple","clumping.index"
"1","AF_D9a_0728016.CSV",5.52826869860788,40,4.35,1.86902712309537,9,1.95639975465139,22.094,11.917075,6.49811750141377,8.02622950819672,0,0.669565217391304,43.4036404065078,4.63834231008046,4.67861315146116,5.14645178932746,"AF_D9a_0728016.CSV",5.00162207826315,2.86716836452446,8.55747678514249,91.4425232148575,22.094,5.075,0.818587052861236
