"","plot","mean.height","transect.length","mode.el","height.2","max.el","mode.2","max.can.ht","mean.max.ht","mean.vai","max.vai","deep.gaps","porosity","std.std","mean.std","rugosity","top.rugosity","plot","mean.return.ht","sd.return.ht","sky.fraction","cover.fraction","max.ht","rumple","clumping.index"
"1","AF_D9_0728016.CSV",5.08484282298962,40,4.125,2.26680238846846,14,2.75850956133924,18.832,9.870775,5.21034318241924,8.05161290322581,0,0.6925,60.5824251471563,4.83825385816306,6.09702589391963,5.24250850842394,"AF_D9_0728016.CSV",4.39463846083706,2.79192196550867,17.0298078377969,82.9701921622031,18.832,6.45,0.833616869799854
