"","plot","mean.height","transect.length","mode.el","height.2","max.el","mode.2","max.can.ht","mean.max.ht","mean.vai","max.vai","deep.gaps","porosity","std.std","mean.std","rugosity","top.rugosity","plot","mean.return.ht","sd.return.ht","sky.fraction","cover.fraction","max.ht","rumple","clumping.index"
"1","AF_D9b_0728016.CSV",6.246671982017,40,4.6,3.66061012191318,15,2.9563490998189,25.24,12.130625,5.08135459803726,8.53872053872054,1,0.761538461538461,192.815502093549,9.15906697021265,10.4368095857263,7.3901562479145,"AF_D9b_0728016.CSV",5.4926324278438,4.45145345136761,28.1512605042017,71.8487394957983,25.24,7.525,0.889297820020846
