"","plot","mean.height","transect.length","mode.el","height.2","max.el","mode.2","max.can.ht","mean.max.ht","mean.vai","max.vai","deep.gaps","porosity","std.std","mean.std","rugosity","top.rugosity","plot","mean.return.ht","sd.return.ht","sky.fraction","cover.fraction","max.ht","rumple","clumping.index"
"1","AF_G8_0729016.CSV",5.15711212550987,40,3.875,2.23560726243294,12,2.59024612730142,16.806,11.119725,5.95384444904905,8.20740740740741,0,0.606944444444444,61.114896339775,5.65352282943119,5.39931254484081,3.95989547250999,"AF_G8_0729016.CSV",4.51171697598253,3.02383399506442,10.2327480604328,89.7672519395672,16.806,3.55,0.87757562248834
