"","plot","mean.height","transect.length","mode.el","height.2","max.el","mode.2","max.can.ht","mean.max.ht","mean.vai","max.vai","deep.gaps","porosity","std.std","mean.std","rugosity","top.rugosity","plot","mean.return.ht","sd.return.ht","sky.fraction","cover.fraction","max.ht","rumple","clumping.index"
"1","AF_G8b_0729016.CSV",5.44940593891143,40,4.1,1.66596823112437,10,1.82756668824971,20.423,12.0308,6.31986386334767,8.02388059701492,0,0.625,47.3456143152088,5.52674016864316,4.0988727015504,3.94306481215063,"AF_G8b_0729016.CSV",4.75759627059844,2.75606826408842,8.81771451166469,91.1822854883353,20.423,3.925,0.801301074954979
