"","plot","mean.height","transect.length","mode.el","height.2","max.el","mode.2","max.can.ht","mean.max.ht","mean.vai","max.vai","deep.gaps","porosity","std.std","mean.std","rugosity","top.rugosity","plot","mean.return.ht","sd.return.ht","sky.fraction","cover.fraction","max.ht","rumple","clumping.index"
"1","AF_G8a_0729016.CSV",3.97415696136128,40,2.725,1.88726669978939,13,2.03700147275352,23.531,9.944125,5.09664993957808,8.26530612244898,0,0.787,46.5526704165013,4.12693331343152,5.4333315601931,5.89048343402632,"AF_G8a_0729016.CSV",3.17981969855727,2.28001244675298,18.121824061242,81.878175938758,23.531,5.1,0.688353543716607
