"","plot","mean.height","transect.length","mode.el","height.2","max.el","mode.2","max.can.ht","mean.max.ht","mean.vai","max.vai","deep.gaps","porosity","std.std","mean.std","rugosity","top.rugosity","plot","mean.return.ht","sd.return.ht","sky.fraction","cover.fraction","max.ht","rumple","clumping.index"
"1","ARNO_01_4.CSV",13.1105311144684,50,11.04,5.99742495345354,23,6.53593145618894,35.078,21.26864,7.91883707923089,8.10899182561308,0,0.825,889.445365092056,16.7563609858183,24.6712328756591,7.83701792192486,"ARNO_01_4.CSV",12.3170902065203,7.7502863645791,0.142671854734111,99.8573281452659,35.078,5.58,0.947775445112524
