"","plot","mean.height","transect.length","mode.el","height.2","max.el","mode.2","max.can.ht","mean.max.ht","mean.vai","max.vai","deep.gaps","porosity","std.std","mean.std","rugosity","top.rugosity","plot","mean.return.ht","sd.return.ht","sky.fraction","cover.fraction","max.ht","rumple","clumping.index"
"1","ARNO_05_2.CSV",5.44508483991748,40,4.625,2.7125595602495,15,3.30671664948783,26.435,13.285225,7.36203694883299,8.04232804232804,0,0.775925925925926,147.7651593255,7.58249946170389,9.50109789649387,6.69739574142873,"ARNO_05_2.CSV",4.80820793377592,3.68231501118468,2.27472967561073,97.7252703243893,26.435,5.475,0.841596888757836
