"","plot","mean.height","transect.length","mode.el","height.2","max.el","mode.2","max.can.ht","mean.max.ht","mean.vai","max.vai","deep.gaps","porosity","std.std","mean.std","rugosity","top.rugosity","plot","mean.return.ht","sd.return.ht","sky.fraction","cover.fraction","max.ht","rumple","clumping.index"
"1","ARNO_05_3.CSV",6.44523927072111,40,5.275,3.91754117805732,15,4.20111592318041,23.989,12.561675,7.44081269458232,8.62365591397849,0,0.764,224.776354895502,8.71846382641395,12.1969153232698,6.69156003192809,"ARNO_05_3.CSV",5.77737848803511,4.7339720970602,1.71712239583334,98.2828776041667,23.989,6.45,0.897664613989561
