"","plot","mean.height","transect.length","mode.el","height.2","max.el","mode.2","max.can.ht","mean.max.ht","mean.vai","max.vai","deep.gaps","porosity","std.std","mean.std","rugosity","top.rugosity","plot","mean.return.ht","sd.return.ht","sky.fraction","cover.fraction","max.ht","rumple","clumping.index"
"1","ARNO_06_5.CSV",4.38163837647482,40,3.05,1.56486324715875,9,1.64240677056568,29.325,13.037825,7.37715423740253,8.7035175879397,0,0.78,106.248783948629,7.24705867396885,7.33000167289762,6.85613237720203,"ARNO_06_5.CSV",3.80400384760944,3.01627545489546,1.75373365557414,98.2462663444259,29.325,5.15,0.738695369982761
