"","plot","mean.height","transect.length","mode.el","height.2","max.el","mode.2","max.can.ht","mean.max.ht","mean.vai","max.vai","deep.gaps","porosity","std.std","mean.std","rugosity","top.rugosity","plot","mean.return.ht","sd.return.ht","sky.fraction","cover.fraction","max.ht","rumple","clumping.index"
"1","ARNO_35_2.CSV",6.78757358876986,50,6.26,5.0070753898704,28,5.4214758138352,30.93,11.4988,7.83568061552504,8.32520325203252,0,0.838125,337.372016258985,7.72455674117891,16.6644303656408,8.1298273446034,"ARNO_35_2.CSV",6.47516060579378,5.76315619118515,0.412136092599091,99.5878639074009,30.93,5.98,0.849836349467649
