"","plot","mean.height","transect.length","mode.el","height.2","max.el","mode.2","max.can.ht","mean.max.ht","mean.vai","max.vai","deep.gaps","porosity","std.std","mean.std","rugosity","top.rugosity","plot","mean.return.ht","sd.return.ht","sky.fraction","cover.fraction","max.ht","rumple","clumping.index"
"1","ARNO_02_3.CSV",13.4606615583684,40,12.85,5.44083563029826,23,6.05619517519044,30.204,20.797575,7.35519942495724,8.41884816753927,0,0.726612903225806,302.777091797418,11.1876178553487,13.3272014511712,7.08198795749669,"ARNO_02_3.CSV",12.8339140454921,6.28702724856652,1.54471544715448,98.4552845528455,30.204,5.575,0.952278715731417
