"","plot","mean.height","transect.length","mode.el","height.2","max.el","mode.2","max.can.ht","mean.max.ht","mean.vai","max.vai","deep.gaps","porosity","std.std","mean.std","rugosity","top.rugosity","plot","mean.return.ht","sd.return.ht","sky.fraction","cover.fraction","max.ht","rumple","clumping.index"
"1","ARNO_35_3.CSV",7.84224110033499,50,6.36,7.05177531680311,27,7.41824777154282,28.468,15.41138,7.34286807392143,8.4375,0,0.799310344827586,1323.42692330156,18.1761252316527,31.5127814523701,10.1744936992622,"ARNO_35_3.CSV",7.32815413565276,8.15475354473001,1.547962124331,98.452037875669,28.468,8.72,0.855744285578667
