"","plot","mean.height","transect.length","mode.el","height.2","max.el","mode.2","max.can.ht","mean.max.ht","mean.vai","max.vai","deep.gaps","porosity","std.std","mean.std","rugosity","top.rugosity","plot","mean.return.ht","sd.return.ht","sky.fraction","cover.fraction","max.ht","rumple","clumping.index"
"1","ARNO_06_3.CSV",4.38283999913251,40,3.35,1.84300056866349,11,2.19715725427198,28.29,11.749975,7.50826287984412,9,0,0.794827586206897,114.084016589567,6.1518962878594,8.73144825633119,5.95720297251732,"ARNO_06_3.CSV",3.83952248448794,3.0407187340828,1.07574511168765,98.9242548883123,28.29,7.325,0.705117317123235
