"","plot","mean.height","transect.length","mode.el","height.2","max.el","mode.2","max.can.ht","mean.max.ht","mean.vai","max.vai","deep.gaps","porosity","std.std","mean.std","rugosity","top.rugosity","plot","mean.return.ht","sd.return.ht","sky.fraction","cover.fraction","max.ht","rumple","clumping.index"
"1","ARNO_11_2.CSV",7.05728685425479,40,5.9,4.36396172987864,15,4.43734154646676,27.093,16.057625,7.71693700255966,8.04395604395604,0,0.747321428571429,246.170896349276,9.1439405754436,12.7498724347357,8.13127817462944,"ARNO_11_2.CSV",6.40272080139148,5.28391661636098,0.786143423239172,99.2138565767608,27.093,8.1,0.89626378426898
