"","plot","mean.height","transect.length","mode.el","height.2","max.el","mode.2","max.can.ht","mean.max.ht","mean.vai","max.vai","deep.gaps","porosity","std.std","mean.std","rugosity","top.rugosity","plot","mean.return.ht","sd.return.ht","sky.fraction","cover.fraction","max.ht","rumple","clumping.index"
"1","ARNO_36_2.CSV",4.79224564295978,40,3.8,1.36574022901933,9,1.64620776331543,14.201,7.9462,7.90067208967556,8.10714285714286,0,0.625,10.9289867490469,2.40007117838773,2.27346543578728,2.46546571457475,"ARNO_36_2.CSV",4.22061215314366,2.0713061985742,0.140301648544372,99.8596983514556,14.201,2.475,0.683860446685651
