"","plot","mean.height","transect.length","mode.el","height.2","max.el","mode.2","max.can.ht","mean.max.ht","mean.vai","max.vai","deep.gaps","porosity","std.std","mean.std","rugosity","top.rugosity","plot","mean.return.ht","sd.return.ht","sky.fraction","cover.fraction","max.ht","rumple","clumping.index"
"1","ARNO_03_3.CSV",4.82949698344661,40,4.25,3.25356179023621,18,3.71987903029117,21.444,8.0646,7.72848836937764,8.04301075268817,0,0.7375,106.088001005344,4.41024464815747,9.30793979077769,5.25605161255539,"ARNO_03_3.CSV",4.24558606317637,3.68603346324886,0.639349026445801,99.3606509735542,21.444,3.525,0.727255002815994
