"","plot","mean.height","transect.length","mode.el","height.2","max.el","mode.2","max.can.ht","mean.max.ht","mean.vai","max.vai","deep.gaps","porosity","std.std","mean.std","rugosity","top.rugosity","plot","mean.return.ht","sd.return.ht","sky.fraction","cover.fraction","max.ht","rumple","clumping.index"
"1","ARNO_12_3.CSV",11.5570350908736,40,10.225,7.41357649656176,26,7.59107205867524,30.165,16.702025,7.78527044029891,8.30612244897959,0,0.783064516129032,310.619891792947,9.38053848884988,14.9206363621714,9.35475907811716,"ARNO_12_3.CSV",10.9714498953036,7.70432246543958,0.742280285035635,99.2577197149644,30.165,4.525,0.952232980416695
