"","plot","mean.height","transect.length","mode.el","height.2","max.el","mode.2","max.can.ht","mean.max.ht","mean.vai","max.vai","deep.gaps","porosity","std.std","mean.std","rugosity","top.rugosity","plot","mean.return.ht","sd.return.ht","sky.fraction","cover.fraction","max.ht","rumple","clumping.index"
"1","ARNO_11_6.CSV",4.29232905503897,40,2.75,1.8313599835911,11,1.6393596310755,24.419,11.182875,7.27822639147303,8.17057569296375,0,0.763,290.658021412697,8.67190877923933,14.6784201989604,6.59970107399007,"ARNO_11_6.CSV",3.79475166431309,3.34566514971355,2.14516022899256,97.8548397710074,24.419,5.575,0.728330554618385
