"","plot","mean.height","transect.length","mode.el","height.2","max.el","mode.2","max.can.ht","mean.max.ht","mean.vai","max.vai","deep.gaps","porosity","std.std","mean.std","rugosity","top.rugosity","plot","mean.return.ht","sd.return.ht","sky.fraction","cover.fraction","max.ht","rumple","clumping.index"
"1","ARNO_04_2.CSV",4.68841313932571,40,4.5,2.02769054090951,18,3.61939221417077,21.51,8.9867,7.60698092320157,8.0463768115942,0,0.779347826086957,193.232499399088,5.7715770527105,12.6460032312076,4.79514962842395,"ARNO_04_2.CSV",3.7142984951091,2.34857965477606,1.19693703070404,98.803062969296,21.51,5.175,0.725052524186794
