"","plot","mean.height","transect.length","mode.el","height.2","max.el","mode.2","max.can.ht","mean.max.ht","mean.vai","max.vai","deep.gaps","porosity","std.std","mean.std","rugosity","top.rugosity","plot","mean.return.ht","sd.return.ht","sky.fraction","cover.fraction","max.ht","rumple","clumping.index"
"1","ARNO_01_5.CSV",17.9252965498381,40,17.15,5.53258517572856,30,6.87586358212552,32.853,24.57765,7.92182500571428,8.02919708029197,0,0.779411764705882,316.232673579775,11.9622164476853,13.1581933120966,5.55640170664802,"ARNO_01_5.CSV",17.1362059620596,6.5068713829611,0.13065795613626,99.8693420438637,32.853,5.6,0.897754606875702
