"","plot","mean.height","transect.length","mode.el","height.2","max.el","mode.2","max.can.ht","mean.max.ht","mean.vai","max.vai","deep.gaps","porosity","std.std","mean.std","rugosity","top.rugosity","plot","mean.return.ht","sd.return.ht","sky.fraction","cover.fraction","max.ht","rumple","clumping.index"
"1","ARNO_05_5.CSV",6.15360760415301,40,5.25,4.31724607130059,19,4.3517237963823,23.495,10.7611,7.41691168362086,8.37966101694915,0,0.764583333333333,133.777008312662,5.73466290548012,10.044433765682,6.13988771633739,"ARNO_05_5.CSV",5.37689530685921,4.58673762050853,1.78852820674441,98.2114717932556,23.495,4.4,0.809874370750501
