"","plot","mean.height","transect.length","mode.el","height.2","max.el","mode.2","max.can.ht","mean.max.ht","mean.vai","max.vai","deep.gaps","porosity","std.std","mean.std","rugosity","top.rugosity","plot","mean.return.ht","sd.return.ht","sky.fraction","cover.fraction","max.ht","rumple","clumping.index"
"1","ARNO_01_1.CSV",11.1036755520263,40,9.55,6.09444252570324,23,6.4921105967166,32.453,21.06895,7.74635922940035,8.04444444444444,0,0.778787878787879,1248.32745765557,16.7254661378756,31.122118181871,8.21141177140004,"ARNO_01_1.CSV",10.2891611470626,7.21886621777464,0.473574540632693,99.5264254593673,32.453,6.525,0.96906837425872
