"","plot","mean.height","transect.length","mode.el","height.2","max.el","mode.2","max.can.ht","mean.max.ht","mean.vai","max.vai","deep.gaps","porosity","std.std","mean.std","rugosity","top.rugosity","plot","mean.return.ht","sd.return.ht","sky.fraction","cover.fraction","max.ht","rumple","clumping.index"
"1","ARNO_03_2.CSV",4.74078551963078,40,4.15,2.83189366363023,14,3.42454376523355,21.922,9.23065,7.22833839887586,8.06798866855524,0,0.76195652173913,161.068262933033,5.96849856667157,11.2002360596852,5.54465808776848,"ARNO_03_2.CSV",4.19419932096721,3.65448679977214,2.03618074146183,97.9638192585382,21.922,5.9,0.783396215403037
