"","plot","mean.height","transect.length","mode.el","height.2","max.el","mode.2","max.can.ht","mean.max.ht","mean.vai","max.vai","deep.gaps","porosity","std.std","mean.std","rugosity","top.rugosity","plot","mean.return.ht","sd.return.ht","sky.fraction","cover.fraction","max.ht","rumple","clumping.index"
"1","ARNO_02_2.CSV",17.7792759680153,40,17.025,7.67199427870602,28,8.71345941632828,31.602,25.6296,7.31695822327,8.02857142857143,0,0.743181818181818,903.402311411268,19.4764766983538,22.8925570181609,6.41680372867269,"ARNO_02_2.CSV",17.5764322987981,8.64769670939336,1.69745008599417,98.3025499140058,31.602,4.15,0.889482402996621
