"","plot","mean.height","transect.length","mode.el","height.2","max.el","mode.2","max.can.ht","mean.max.ht","mean.vai","max.vai","deep.gaps","porosity","std.std","mean.std","rugosity","top.rugosity","plot","mean.return.ht","sd.return.ht","sky.fraction","cover.fraction","max.ht","rumple","clumping.index"
"1","ARNO_36_6.CSV",4.9707714215813,40,3.875,1.70520851715826,13,2.01478907084588,20.393,9.893575,7.84553910577046,8.16279069767442,0,0.719047619047619,55.3530652018171,4.57640013988723,5.86597195368826,4.96327609903544,"ARNO_36_6.CSV",4.36551202032706,2.6983417608249,0.279365904365902,99.7206340956341,20.393,4.85,0.842854402560329
