"","plot","mean.height","transect.length","mode.el","height.2","max.el","mode.2","max.can.ht","mean.max.ht","mean.vai","max.vai","deep.gaps","porosity","std.std","mean.std","rugosity","top.rugosity","plot","mean.return.ht","sd.return.ht","sky.fraction","cover.fraction","max.ht","rumple","clumping.index"
"1","ARNO_06_6.CSV",5.00696477287309,40,3.925,3.15124569217557,19,4.28011390035359,24.131,13.2416,7.84900314758559,8.17955112219451,0,0.734,296.120949857403,10.4016919866119,13.7086014484723,7.34913006119842,"ARNO_06_6.CSV",4.32097045747885,4.32261137156909,0.178942094338275,99.8210579056617,24.131,8.15,0.734224272990784
