"","plot","mean.height","transect.length","mode.el","height.2","max.el","mode.2","max.can.ht","mean.max.ht","mean.vai","max.vai","deep.gaps","porosity","std.std","mean.std","rugosity","top.rugosity","plot","mean.return.ht","sd.return.ht","sky.fraction","cover.fraction","max.ht","rumple","clumping.index"
"1","ARNO_02_4.CSV",11.5196933110882,40,10.45,7.54302835099841,31,8.42896790835035,31.85,18.38605,7.92224776600568,8.04432132963989,0,0.778030303030303,494.057470120836,13.8749960741774,17.3649634051558,9.11690618899714,"ARNO_02_4.CSV",10.6145492342741,7.79244443925343,0.113780025284449,99.8862199747155,31.85,7.725,0.954021588994381
