"","plot","mean.height","transect.length","mode.el","height.2","max.el","mode.2","max.can.ht","mean.max.ht","mean.vai","max.vai","deep.gaps","porosity","std.std","mean.std","rugosity","top.rugosity","plot","mean.return.ht","sd.return.ht","sky.fraction","cover.fraction","max.ht","rumple","clumping.index"
"1","ARNO_35_1.CSV",10.0396105504093,40,9.1,6.781914304941,24,7.41889479639656,28.652,18.577775,7.85684807132833,8.07361963190184,0,0.76,1266.38508101116,22.191442795587,27.8195066034852,9.33650105901563,"ARNO_35_1.CSV",9.68075257392307,8.16628300093108,0.238290879211178,99.7617091207888,28.652,6.825,0.939529708060099
