"","plot","mean.height","transect.length","mode.el","height.2","max.el","mode.2","max.can.ht","mean.max.ht","mean.vai","max.vai","deep.gaps","porosity","std.std","mean.std","rugosity","top.rugosity","plot","mean.return.ht","sd.return.ht","sky.fraction","cover.fraction","max.ht","rumple","clumping.index"
"1","ARNO_06_4.CSV",4.49067135262955,40,3.725,1.88241353695709,15,2.82831663715363,26.367,14.784325,7.65197331911357,8.28205128205128,0,0.774074074074074,134.045316468319,7.33299797971971,8.95948977887389,8.37668581544282,"ARNO_06_4.CSV",3.96655590333382,3.22654727232432,0.54296677043365,99.4570332295663,26.367,7.6,0.776049525637311
