"","plot","mean.height","transect.length","mode.el","height.2","max.el","mode.2","max.can.ht","mean.max.ht","mean.vai","max.vai","deep.gaps","porosity","std.std","mean.std","rugosity","top.rugosity","plot","mean.return.ht","sd.return.ht","sky.fraction","cover.fraction","max.ht","rumple","clumping.index"
"1","ARNO_35_4.CSV",7.43678691342436,50,6.8,4.91354275676121,23,6.53299318842443,26.318,15.25886,7.54417217867952,8.05194805194805,0,0.767407407407407,792.057339580211,15.7640883082657,23.3141772187957,7.86063705163589,"ARNO_35_4.CSV",6.82661817127952,6.25759342067146,1.06802379757723,98.9319762024228,26.318,6.98,0.868009125231546
