"","plot","mean.height","transect.length","mode.el","height.2","max.el","mode.2","max.can.ht","mean.max.ht","mean.vai","max.vai","deep.gaps","porosity","std.std","mean.std","rugosity","top.rugosity","plot","mean.return.ht","sd.return.ht","sky.fraction","cover.fraction","max.ht","rumple","clumping.index"
"1","ARNO_04_3.CSV",5.56794035325261,40,4.8,2.49648572318673,13,2.9086079144498,19.854,10.6296,7.89279610350222,9.51447661469933,0,0.711904761904762,33.4509602754716,4.06936418863812,4.10989481321618,4.52415321330256,"ARNO_04_3.CSV",4.85842751082697,3.13304054696173,0.34253613756251,99.6574638624375,19.854,4.775,0.802650854897158
