"","plot","mean.height","transect.length","mode.el","height.2","max.el","mode.2","max.can.ht","mean.max.ht","mean.vai","max.vai","deep.gaps","porosity","std.std","mean.std","rugosity","top.rugosity","plot","mean.return.ht","sd.return.ht","sky.fraction","cover.fraction","max.ht","rumple","clumping.index"
"1","ARNO_02_5.CSV",14.9374885890008,40,13.575,8.334116545479,33,9.3565151098045,33.031,23.1782,7.40415728337929,8.02088772845953,0,0.784558823529412,933.792398066391,19.5954719440978,23.4480250203395,8.06142156198272,"ARNO_02_5.CSV",13.2007922757141,8.16602032637657,2.68189233278956,97.3181076672104,33.031,7.425,0.967018813631578
