"","plot","mean.height","transect.length","mode.el","height.2","max.el","mode.2","max.can.ht","mean.max.ht","mean.vai","max.vai","deep.gaps","porosity","std.std","mean.std","rugosity","top.rugosity","plot","mean.return.ht","sd.return.ht","sky.fraction","cover.fraction","max.ht","rumple","clumping.index"
"1","ARNO_04_4.CSV",7.26226352173642,40,6.175,4.38490460551705,22,4.85740414213189,25.876,13.11075,6.88450358424189,12.3192488262911,0,0.805555555555556,216.398588525658,8.96871517872356,11.6602202624389,7.19021605092464,"ARNO_04_4.CSV",6.20616321856066,5.05660529475626,11.4614680099437,88.5385319900563,25.876,5.45,0.922401109936156
