"","plot","mean.height","transect.length","mode.el","height.2","max.el","mode.2","max.can.ht","mean.max.ht","mean.vai","max.vai","deep.gaps","porosity","std.std","mean.std","rugosity","top.rugosity","plot","mean.return.ht","sd.return.ht","sky.fraction","cover.fraction","max.ht","rumple","clumping.index"
"1","ARNO_12_6.CSV",9.77111579785781,50,7.44,6.33678123184662,22,6.19406167227934,29.17,18.21678,7.55116363454349,8.03225806451613,0,0.772666666666667,600.358154034408,15.209581232409,19.210070087565,8.33263308775216,"ARNO_12_6.CSV",8.91648071216617,7.1785724863527,0.819280941775369,99.1807190582246,29.17,7.14,0.947695624574526
