"","plot","mean.height","transect.length","mode.el","height.2","max.el","mode.2","max.can.ht","mean.max.ht","mean.vai","max.vai","deep.gaps","porosity","std.std","mean.std","rugosity","top.rugosity","plot","mean.return.ht","sd.return.ht","sky.fraction","cover.fraction","max.ht","rumple","clumping.index"
"1","ARNO_36_4.CSV",4.96948808641018,40,4.125,1.8417573786864,8,1.53602571593056,20.939,8.659025,7.92989981567289,8.58181818181818,0,0.747727272727273,33.0001813802646,3.00000653111572,4.89899399811101,4.52260095059616,"ARNO_36_4.CSV",4.4826506626506,2.60373921816517,0.216398172637655,99.7836018273623,20.939,4.625,0.709072768326582
