"","plot","mean.height","transect.length","mode.el","height.2","max.el","mode.2","max.can.ht","mean.max.ht","mean.vai","max.vai","deep.gaps","porosity","std.std","mean.std","rugosity","top.rugosity","plot","mean.return.ht","sd.return.ht","sky.fraction","cover.fraction","max.ht","rumple","clumping.index"
"1","ARNO_36_1.CSV",6.47045673074922,40,5.75,3.54496937094214,19,4.07277546643563,22.602,11.215175,7.93653882017278,8.0960960960961,0,0.758333333333333,86.4464680078019,4.910202648095,7.8953390023762,5.79996388091097,"ARNO_36_1.CSV",5.83022106675612,4.07384942333226,0.0754211011480765,99.9245788988519,22.602,4.225,0.848720709586206
