"","plot","mean.height","transect.length","mode.el","height.2","max.el","mode.2","max.can.ht","mean.max.ht","mean.vai","max.vai","deep.gaps","porosity","std.std","mean.std","rugosity","top.rugosity","plot","mean.return.ht","sd.return.ht","sky.fraction","cover.fraction","max.ht","rumple","clumping.index"
"1","ARNO_03_1.CSV",5.06926243528835,40,4.3,3.60065808399489,19,3.76297754444536,23.893,9.8044,6.78675812276268,8.02139037433155,0,0.804,37.2412647754387,3.70676408080592,4.8477999984205,6.22560334137203,"ARNO_03_1.CSV",4.20957313707452,3.61366057751345,4.60130391173521,95.3986960882648,23.893,6.025,0.825026583030056
