"","plot","mean.height","transect.length","mode.el","height.2","max.el","mode.2","max.can.ht","mean.max.ht","mean.vai","max.vai","deep.gaps","porosity","std.std","mean.std","rugosity","top.rugosity","plot","mean.return.ht","sd.return.ht","sky.fraction","cover.fraction","max.ht","rumple","clumping.index"
"1","ARNO_02_1.CSV",13.1101693174745,40,11.4,5.18829416930021,25,5.89406481131655,29.593,20.9172,7.48156622455691,8.02523659305994,0,0.754838709677419,608.380953862676,16.3508883115947,18.4669814881705,6.50482032389472,"ARNO_02_1.CSV",12.4822094284841,6.52534670409874,1.57918483982554,98.4208151601745,29.593,5.375,0.913500401728731
