"","plot","mean.height","transect.length","mode.el","height.2","max.el","mode.2","max.can.ht","mean.max.ht","mean.vai","max.vai","deep.gaps","porosity","std.std","mean.std","rugosity","top.rugosity","plot","mean.return.ht","sd.return.ht","sky.fraction","cover.fraction","max.ht","rumple","clumping.index"
"1","ARNO_01_2.CSV",15.3844953474217,40,13.7,7.66808184063042,26,8.47997641506154,32.551,23.898325,7.4293131369099,8.33507853403141,0,0.75,1401.58743937515,23.6204149841473,29.0458849985988,8.89372648783313,"ARNO_01_2.CSV",14.3897501910828,9.09694666577359,1.45618880241024,98.5438111975898,32.551,7.3,0.898673430559738
