"","plot","mean.height","transect.length","mode.el","height.2","max.el","mode.2","max.can.ht","mean.max.ht","mean.vai","max.vai","deep.gaps","porosity","std.std","mean.std","rugosity","top.rugosity","plot","mean.return.ht","sd.return.ht","sky.fraction","cover.fraction","max.ht","rumple","clumping.index"
"1","ARNO_05_4.CSV",5.23125100309099,50,4.58,3.8795301975555,18,4.0402475171702,24.774,11.5912,7.66548559974892,8.07722007722008,0,0.781538461538462,65.7611548460397,4.38804443885289,6.81954696799516,7.33727589165108,"ARNO_05_4.CSV",4.62293123664729,4.28333294377939,0.813128326434065,99.1868716735659,24.774,5.82,0.763923855884843
