"","plot","mean.height","transect.length","mode.el","height.2","max.el","mode.2","max.can.ht","mean.max.ht","mean.vai","max.vai","deep.gaps","porosity","std.std","mean.std","rugosity","top.rugosity","plot","mean.return.ht","sd.return.ht","sky.fraction","cover.fraction","max.ht","rumple","clumping.index"
"1","ARNO_35_5.CSV",4.13468648344559,40,3.075,1.44270425072954,7,1.36725089138753,25.393,8.51345,8.12440723496062,15.4618834080717,0,0.821153846153846,80.6789262530276,3.95876595850595,8.06269795656529,5.15764787351555,"ARNO_35_5.CSV",3.64286334665658,2.41686642751519,0.0755613126079413,99.9244386873921,25.393,4.8,0.693981276100862
