"","plot","mean.height","transect.length","mode.el","height.2","max.el","mode.2","max.can.ht","mean.max.ht","mean.vai","max.vai","deep.gaps","porosity","std.std","mean.std","rugosity","top.rugosity","plot","mean.return.ht","sd.return.ht","sky.fraction","cover.fraction","max.ht","rumple","clumping.index"
"1","ARNO_11_3.CSV",5.27738550537054,40,4.05,2.52523517892771,18,2.71983455379183,27.32,12.69375,7.39526183777534,8.02030456852792,0,0.789285714285714,513.691924968223,11.234469973786,19.6844763551466,8.25628666066513,"ARNO_11_3.CSV",4.737842755472,4.16985631740043,1.76109755293187,98.2389024470681,27.32,8.65,0.820861437677053
