"","plot","mean.height","transect.length","mode.el","height.2","max.el","mode.2","max.can.ht","mean.max.ht","mean.vai","max.vai","deep.gaps","porosity","std.std","mean.std","rugosity","top.rugosity","plot","mean.return.ht","sd.return.ht","sky.fraction","cover.fraction","max.ht","rumple","clumping.index"
"1","ARNO_06_1.CSV",4.93992346130613,40,3.775,1.17487310191863,7,1.49143387382747,26.299,10.17985,7.38208213632008,8.09950248756219,0,0.787037037037037,113.803926891186,5.74788525199657,8.98697624460345,5.6281751177811,"ARNO_06_1.CSV",4.33860514107537,2.59835480404447,1.88777794359051,98.1122220564095,26.299,4.675,0.635057584497434
