"","plot","mean.height","transect.length","mode.el","height.2","max.el","mode.2","max.can.ht","mean.max.ht","mean.vai","max.vai","deep.gaps","porosity","std.std","mean.std","rugosity","top.rugosity","plot","mean.return.ht","sd.return.ht","sky.fraction","cover.fraction","max.ht","rumple","clumping.index"
"1","ARNO_11_5.CSV",5.35345205373367,40,4.8,3.8202294325867,22,4.85901224530254,26.739,11.968575,7.69561962207104,8.353591160221,0,0.779464285714286,374.176307756416,9.79336113335304,16.6813184571288,7.71634523522001,"ARNO_11_5.CSV",4.51437702219041,4.28117622063661,0.633046447115726,99.3669535528843,26.739,5.925,0.686623486135768
