"","plot","mean.height","transect.length","mode.el","height.2","max.el","mode.2","max.can.ht","mean.max.ht","mean.vai","max.vai","deep.gaps","porosity","std.std","mean.std","rugosity","top.rugosity","plot","mean.return.ht","sd.return.ht","sky.fraction","cover.fraction","max.ht","rumple","clumping.index"
"1","ARNO_05_1.CSV",5.81424163541934,50,5.4,2.81367598382795,19,3.71483512420134,25.277,10.70882,7.52711010604091,8.11940298507463,0,0.802307692307692,61.8386939410561,4.99187546892433,6.07617258179914,5.38296962534129,"ARNO_05_1.CSV",5.27253928351257,3.37881390851309,1.37143629239292,98.6285637076071,25.277,5.34,0.8781499241505
