"","plot","mean.height","transect.length","mode.el","height.2","max.el","mode.2","max.can.ht","mean.max.ht","mean.vai","max.vai","deep.gaps","porosity","std.std","mean.std","rugosity","top.rugosity","plot","mean.return.ht","sd.return.ht","sky.fraction","cover.fraction","max.ht","rumple","clumping.index"
"1","ARNO_01_3.CSV",7.25746137930058,40,5.775,5.12680942370037,20,4.82953155078213,31.453,15.25875,7.68938023654798,8.04395604395604,0,0.81796875,781.043633767582,12.7153688407727,24.8870052238249,9.07788786783719,"ARNO_01_3.CSV",6.75778350348404,6.09242343271441,1.01058710298364,98.9894128970164,31.453,8.275,0.857925424157691
