"","plot","mean.height","transect.length","mode.el","height.2","max.el","mode.2","max.can.ht","mean.max.ht","mean.vai","max.vai","deep.gaps","porosity","std.std","mean.std","rugosity","top.rugosity","plot","mean.return.ht","sd.return.ht","sky.fraction","cover.fraction","max.ht","rumple","clumping.index"
"1","ARNO_11_4.CSV",5.9596406003374,40,4.975,5.00369439175245,20,5.4151985189834,27.301,13.4921,7.63175498610313,8.12200435729848,0,0.788392857142857,180.338674851651,7.55618070821062,11.1014777375139,8.31375710309309,"ARNO_11_4.CSV",5.7861290102854,5.87398518719653,0.884418039427493,99.1155819605725,27.301,6.8,0.847197009397839
