"","plot","mean.height","transect.length","mode.el","height.2","max.el","mode.2","max.can.ht","mean.max.ht","mean.vai","max.vai","deep.gaps","porosity","std.std","mean.std","rugosity","top.rugosity","plot","mean.return.ht","sd.return.ht","sky.fraction","cover.fraction","max.ht","rumple","clumping.index"
"1","ARNO_05_6.CSV",5.70155944021697,40,5.1,3.29652702249798,21,4.71593044902064,26.599,11.6256,7.96432452612926,8.04266666666667,0,0.775892857142857,248.641896215012,8.71694532768127,13.1398919466344,6.0642827373028,"ARNO_05_6.CSV",5.24132316779999,4.39145601809008,0.0480571193189672,99.951942880681,26.599,4.225,0.809202945870673
