"","plot","mean.height","transect.length","mode.el","height.2","max.el","mode.2","max.can.ht","mean.max.ht","mean.vai","max.vai","deep.gaps","porosity","std.std","mean.std","rugosity","top.rugosity","plot","mean.return.ht","sd.return.ht","sky.fraction","cover.fraction","max.ht","rumple","clumping.index"
"1","ARNO_36_3.CSV",4.22729532193542,40,3.175,1.40083376623377,8,1.48134229670256,20.892,8.220975,7.69015038734449,8.04887983706721,0,0.760227272727273,105.188651168453,3.59698302190327,9.60470532127835,4.48696257541838,"ARNO_36_3.CSV",3.73147740059422,2.15560811934464,0.846182775479498,99.1538172245205,20.892,4,0.67605500722974
