"","plot","mean.height","transect.length","mode.el","height.2","max.el","mode.2","max.can.ht","mean.max.ht","mean.vai","max.vai","deep.gaps","porosity","std.std","mean.std","rugosity","top.rugosity","plot","mean.return.ht","sd.return.ht","sky.fraction","cover.fraction","max.ht","rumple","clumping.index"
"1","ARNO_04_5.CSV",4.88077154624147,40,3.4,3.1569610497116,17,2.83548937575157,24.414,11.039425,7.60107373715422,9.3394495412844,0,0.766,276.514975501927,8.351961941964,14.3791413937659,7.3172800638415,"ARNO_04_5.CSV",4.37820349832055,4.14558244303034,0.885678391959799,99.1143216080402,24.414,5.425,0.857261384840595
