"","plot","mean.height","transect.length","mode.el","height.2","max.el","mode.2","max.can.ht","mean.max.ht","mean.vai","max.vai","deep.gaps","porosity","std.std","mean.std","rugosity","top.rugosity","plot","mean.return.ht","sd.return.ht","sky.fraction","cover.fraction","max.ht","rumple","clumping.index"
"1","ARNO_12_5.CSV",5.27370841445075,40,4.7,3.36728362466541,18,4.70744091837593,27.528,12.22815,7.44063067188676,8,0,0.804310344827586,364.002826515698,10.2542485554817,16.0889158453296,7.79168880857954,"ARNO_12_5.CSV",4.74117057677037,4.57077565348559,1.47926889979375,98.5207311002062,27.528,9.475,0.801849718658328
