"","plot","mean.height","transect.length","mode.el","height.2","max.el","mode.2","max.can.ht","mean.max.ht","mean.vai","max.vai","deep.gaps","porosity","std.std","mean.std","rugosity","top.rugosity","plot","mean.return.ht","sd.return.ht","sky.fraction","cover.fraction","max.ht","rumple","clumping.index"
"1","ARNO_12_4.CSV",10.7023918501162,40,10.3,5.75796732514,20,6.28569805192709,28.598,17.917725,7.29585052474395,8.02395209580838,0,0.785833333333333,343.519850086672,12.316425225714,13.8501090156745,8.62136173427407,"ARNO_12_4.CSV",10.0750972392417,6.65490809464061,1.9853045075597,98.0146954924403,28.598,6.3,0.964637478172088
