"","plot","mean.height","transect.length","mode.el","height.2","max.el","mode.2","max.can.ht","mean.max.ht","mean.vai","max.vai","deep.gaps","porosity","std.std","mean.std","rugosity","top.rugosity","plot","mean.return.ht","sd.return.ht","sky.fraction","cover.fraction","max.ht","rumple","clumping.index"
"1","ARNO_06_2.CSV",4.10166617105864,40,3.325,1.54174649167322,11,2.07831061201159,27.267,10.389525,7.42531938509865,8.02105263157895,0,0.789285714285714,73.7032337026967,4.24815228766082,7.46032411115891,6.66228075595391,"ARNO_06_2.CSV",3.48167044996642,2.29206048293485,1.39725845970465,98.6027415402953,27.267,5.525,0.581068316994682
