"","plot","mean.height","transect.length","mode.el","height.2","max.el","mode.2","max.can.ht","mean.max.ht","mean.vai","max.vai","deep.gaps","porosity","std.std","mean.std","rugosity","top.rugosity","plot","mean.return.ht","sd.return.ht","sky.fraction","cover.fraction","max.ht","rumple","clumping.index"
"1","ARNO_12_1.CSV",12.842669688117,50,11.78,6.91653169870318,24,7.33836494050276,28.711,18.63764,7.38742284250264,8.32801822323462,0,0.772,323.112802835605,10.7975386839207,14.3710111406553,7.11275403121544,"ARNO_12_1.CSV",11.6203121720342,7.57989287460714,2.09529565830563,97.9047043416944,28.711,5.02,0.941078356886438
