"","plot","mean.height","transect.length","mode.el","height.2","max.el","mode.2","max.can.ht","mean.max.ht","mean.vai","max.vai","deep.gaps","porosity","std.std","mean.std","rugosity","top.rugosity","plot","mean.return.ht","sd.return.ht","sky.fraction","cover.fraction","max.ht","rumple","clumping.index"
"1","ARNO_11_1.CSV",6.3890622291997,30,5.13333333333333,3.01612149374255,21,4.2952169780919,26.464,15.5256,7.87563131734294,8.15094339622642,0,0.759259259259259,498.725481728193,14.6891647415257,16.8212342271461,7.88908682098033,"ARNO_11_1.CSV",5.7807387918333,4.8450875320591,0.283345576660721,99.7166544233393,26.464,6.53333333333333,0.880163038472752
