"","plot","mean.height","transect.length","mode.el","height.2","max.el","mode.2","max.can.ht","mean.max.ht","mean.vai","max.vai","deep.gaps","porosity","std.std","mean.std","rugosity","top.rugosity","plot","mean.return.ht","sd.return.ht","sky.fraction","cover.fraction","max.ht","rumple","clumping.index"
"1","ARNO_12_2.CSV",9.38133709822727,40,8.05,6.12412343701007,23,7.09911966373296,26.946,17.18455,7.70282025844575,8.18481848184818,0,0.769642857142857,1089.529018383,19.60984877023,26.551513131867,7.95313679754805,"ARNO_12_2.CSV",8.50302449725777,7.31174873259827,1.04920405209841,98.9507959479016,26.946,6.1,0.934144238367387
