"","plot","mean.height","transect.length","mode.el","height.2","max.el","mode.2","max.can.ht","mean.max.ht","mean.vai","max.vai","deep.gaps","porosity","std.std","mean.std","rugosity","top.rugosity","plot","mean.return.ht","sd.return.ht","sky.fraction","cover.fraction","max.ht","rumple","clumping.index"
"1","ARNO_03_4.CSV",5.07784774653761,40,4.15,2.21694655301331,13,2.58408591188451,25.162,8.7816,7.68139714693411,8.16941176470588,0,0.772115384615385,118.194787324749,4.98545755098517,9.66126287459739,5.70037857402291,"ARNO_03_4.CSV",4.57056428846401,3.12073362487096,0.726114649681531,99.2738853503185,25.162,4.2,0.791588017074637
