"","plot","mean.height","transect.length","mode.el","height.2","max.el","mode.2","max.can.ht","mean.max.ht","mean.vai","max.vai","deep.gaps","porosity","std.std","mean.std","rugosity","top.rugosity","plot","mean.return.ht","sd.return.ht","sky.fraction","cover.fraction","max.ht","rumple","clumping.index"
"1","ARNO_03_6.CSV",4.74056684371753,40,3.875,2.00130335305574,10,2.41026450830609,16.849,8.7781,6.70085695770997,8.11331444759207,0,0.698611111111111,13.8278371645268,2.99309226978271,2.20663450283316,3.48753749580064,"ARNO_03_6.CSV",4.25164353852426,2.62820418543569,4.43353592021194,95.5664640797881,16.849,4,0.817024858152066
