"","plot","mean.height","transect.length","mode.el","height.2","max.el","mode.2","max.can.ht","mean.max.ht","mean.vai","max.vai","deep.gaps","porosity","std.std","mean.std","rugosity","top.rugosity","plot","mean.return.ht","sd.return.ht","sky.fraction","cover.fraction","max.ht","rumple","clumping.index"
"1","FERN_W4_11A2.CSV",7.55032991843731,20,5.75,2.97780845872918,11,2.09463600656534,34.762,16.2315,7.42559097246301,8.02826855123675,0,0.822222222222222,874.037302241035,16.450401266356,24.5646412637536,9.04202694730498,"FERN_W4_11A2.CSV",6.80161026584183,4.63264655379582,1.61210725448264,98.3878927455174,34.762,9.6,0.767872014347335
