"","plot","mean.height","transect.length","mode.el","height.2","max.el","mode.2","max.can.ht","mean.max.ht","mean.vai","max.vai","deep.gaps","porosity","std.std","mean.std","rugosity","top.rugosity","plot","mean.return.ht","sd.return.ht","sky.fraction","cover.fraction","max.ht","rumple","clumping.index"
"1","FERN_W3_062_1.CSV",10.4771693709263,20,9.3,4.28141544578151,17,5.19711458407451,25.871,18.0276,7.91978745087976,8.04221635883905,0,0.733333333333333,514.254800895011,16.4873498925661,15.5699099038855,5.86315710176693,"FERN_W3_062_1.CSV",10.0511938282315,5.80672319397688,0.0990466757459507,99.900953324254,25.871,5.9,0.95852689183725
