"","plot","mean.height","transect.length","mode.el","height.2","max.el","mode.2","max.can.ht","mean.max.ht","mean.vai","max.vai","deep.gaps","porosity","std.std","mean.std","rugosity","top.rugosity","plot","mean.return.ht","sd.return.ht","sky.fraction","cover.fraction","max.ht","rumple","clumping.index"
"1","FERN_07_15_3.CSV",8.46139092848629,20,7.05,4.21332239285165,21,5.65221195639371,24.828,19.157,7.81106925805061,8.02122015915119,0,0.705769230769231,1103.5826450981,25.1085405525314,21.7518697223938,6.34063516658934,"FERN_07_15_3.CSV",7.65218791390728,6.30369026123795,0.247729149463249,99.7522708505367,24.828,6.1,0.945854047287974
