"","plot","mean.height","transect.length","mode.el","height.2","max.el","mode.2","max.can.ht","mean.max.ht","mean.vai","max.vai","deep.gaps","porosity","std.std","mean.std","rugosity","top.rugosity","plot","mean.return.ht","sd.return.ht","sky.fraction","cover.fraction","max.ht","rumple","clumping.index"
"1","FERN_W7_06_3.CSV",15.859651874751,20,14.3,4.33471397287931,26,5.25452186216786,27.662,22.64005,7.69627277035305,8.10084033613445,0,0.61551724137931,268.016957591351,12.6014539385822,10.4508524161975,4.31798768281562,"FERN_W7_06_3.CSV",15.3101188698748,5.34585391664323,0.388971513556802,99.6110284864432,27.662,2.65,0.837437460261913
