"","plot","mean.height","transect.length","mode.el","height.2","max.el","mode.2","max.can.ht","mean.max.ht","mean.vai","max.vai","deep.gaps","porosity","std.std","mean.std","rugosity","top.rugosity","plot","mean.return.ht","sd.return.ht","sky.fraction","cover.fraction","max.ht","rumple","clumping.index"
"1","FERN_W4_03C_up.CSV",15.5932027832887,40,13.55,5.0804445629951,24,6.76368982139187,34.66,26.330625,7.33729296566972,8.02507836990596,0,0.715972222222222,1258.15662798777,24.9588543491752,25.2034167835321,4.72225412650107,"FERN_W4_03C_up.CSV",14.8028469859685,7.11548845021738,2.30510032164191,97.6948996783581,34.66,4.175,0.900209450418241
