"","plot","mean.height","transect.length","mode.el","height.2","max.el","mode.2","max.can.ht","mean.max.ht","mean.vai","max.vai","deep.gaps","porosity","std.std","mean.std","rugosity","top.rugosity","plot","mean.return.ht","sd.return.ht","sky.fraction","cover.fraction","max.ht","rumple","clumping.index"
"1","FERN_W3_06_4.CSV",13.5845191255692,20,11.65,4.78113987075133,23,5.88451357377991,27.685,23.41435,7.85727088495141,8.02305475504323,0,0.724137931034483,1415.611336203,26.9950590186301,26.2083598262783,5.79820655824758,"FERN_W3_06_4.CSV",12.8297468063729,7.03634264361527,0.171944404642499,99.8280555953575,27.685,5.1,0.859474265994771
