"","plot","mean.height","transect.length","mode.el","height.2","max.el","mode.2","max.can.ht","mean.max.ht","mean.vai","max.vai","deep.gaps","porosity","std.std","mean.std","rugosity","top.rugosity","plot","mean.return.ht","sd.return.ht","sky.fraction","cover.fraction","max.ht","rumple","clumping.index"
"1","FERN_W3_062_3.CSV",9.72662768003727,20,6.05,5.01755217565183,19,5.77472943089111,29.437,21.0385,7.28085221871753,8.02025316455696,0,0.72,1924.50816101717,30.9344900175919,31.1057147220359,8.25674506723219,"FERN_W3_062_3.CSV",9.11785950515977,7.23223617956994,1.6387428152134,98.3612571847866,29.437,7.1,0.914166407485972
