"","plot","mean.height","transect.length","mode.el","height.2","max.el","mode.2","max.can.ht","mean.max.ht","mean.vai","max.vai","deep.gaps","porosity","std.std","mean.std","rugosity","top.rugosity","plot","mean.return.ht","sd.return.ht","sky.fraction","cover.fraction","max.ht","rumple","clumping.index"
"1","FERN_W7_10_3.CSV",11.8418549158722,20,11.5,4.81306005796325,19,5.91185250154298,26.721,18.47215,7.26544815318004,8.03265306122449,0,0.716071428571429,408.369101075654,13.3804720175356,15.1437138662747,5.7433724026275,"FERN_W7_10_3.CSV",11.4518902652799,6.03673308495072,2.67288444040037,97.3271155595996,26.721,5.3,0.878639985698681
