"","plot","mean.height","transect.length","mode.el","height.2","max.el","mode.2","max.can.ht","mean.max.ht","mean.vai","max.vai","deep.gaps","porosity","std.std","mean.std","rugosity","top.rugosity","plot","mean.return.ht","sd.return.ht","sky.fraction","cover.fraction","max.ht","rumple","clumping.index"
"1","FERN_W7_06_2.CSV",12.9677043672847,20,12.25,5.57632964496399,25,7.46910302512959,25.828,22.4232,7.15191454338301,8.06852248394004,0,0.653703703703704,1082.57753753079,22.184686714236,24.298502277342,2.29575818458854,"FERN_W7_06_2.CSV",11.9633866090713,6.94620250373471,4.37177280550775,95.6282271944923,25.828,2.25,0.843242561595999
