"","plot","mean.height","transect.length","mode.el","height.2","max.el","mode.2","max.can.ht","mean.max.ht","mean.vai","max.vai","deep.gaps","porosity","std.std","mean.std","rugosity","top.rugosity","plot","mean.return.ht","sd.return.ht","sky.fraction","cover.fraction","max.ht","rumple","clumping.index"
"1","FERN_W7_06_1.CSV",11.8366844279445,20,10.2,4.52286679017077,22,5.96322060635023,23.797,21.3499,7.70923434107204,8.01656314699793,0,0.596,482.707988999877,18.3631474924852,12.0624542763532,2.66906869032706,"FERN_W7_06_1.CSV",10.8906579470199,6.09801213047078,0.395778364116095,99.6042216358839,23.797,3.05,0.872033272229101
