"","plot","mean.height","transect.length","mode.el","height.2","max.el","mode.2","max.can.ht","mean.max.ht","mean.vai","max.vai","deep.gaps","porosity","std.std","mean.std","rugosity","top.rugosity","plot","mean.return.ht","sd.return.ht","sky.fraction","cover.fraction","max.ht","rumple","clumping.index"
"1","FERN_07_15_2.CSV",10.425934868127,20,8.05,4.82981195488938,24,5.50885650566431,24.725,20.256,7.47191813855931,8.03636363636364,0,0.688461538461538,695.794026536879,20.9308769021572,16.052800959447,5.49896262944203,"FERN_07_15_2.CSV",9.71356448353738,6.57503452269203,0.906949352179032,99.093050647821,24.725,4.55,0.915329703678372
