"","plot","mean.height","transect.length","mode.el","height.2","max.el","mode.2","max.can.ht","mean.max.ht","mean.vai","max.vai","deep.gaps","porosity","std.std","mean.std","rugosity","top.rugosity","plot","mean.return.ht","sd.return.ht","sky.fraction","cover.fraction","max.ht","rumple","clumping.index"
"1","FERN_03_13_1.CSV",7.52046030330301,20,4.95,2.92905910692808,12,2.95761728423405,25.05,19.0805,7.62096925623041,8.34866828087167,0,0.65,383.556578505492,16.3255993902923,10.8181044112719,4.76966139700768,"FERN_03_13_1.CSV",6.9124724232593,4.85086566353743,0.804555019185538,99.1954449808145,25.05,5.4,0.912796721620422
