"","plot","mean.height","transect.length","mode.el","height.2","max.el","mode.2","max.can.ht","mean.max.ht","mean.vai","max.vai","deep.gaps","porosity","std.std","mean.std","rugosity","top.rugosity","plot","mean.return.ht","sd.return.ht","sky.fraction","cover.fraction","max.ht","rumple","clumping.index"
"1","FERN_W3_04A1.CSV",14.3296452497701,40,11.575,6.8668587390808,27,7.97774247516176,34.716,27.823175,7.73290127074512,8.46920821114369,0,0.731944444444444,2009.24903473866,33.7628678928729,29.4841955356947,6.24435123967952,"FERN_W3_04A1.CSV",13.6050908502374,8.84290984423221,0.465382687764015,99.534617312236,34.716,4.925,0.943586787168764
