"","plot","mean.height","transect.length","mode.el","height.2","max.el","mode.2","max.can.ht","mean.max.ht","mean.vai","max.vai","deep.gaps","porosity","std.std","mean.std","rugosity","top.rugosity","plot","mean.return.ht","sd.return.ht","sky.fraction","cover.fraction","max.ht","rumple","clumping.index"
"1","FERN_W15_side.CSV",16.9067670662348,40,14.4,8.48412164202447,32,9.26498785752037,36.261,27.5152,7.3137069557231,8.02777777777778,0,0.764864864864865,2290.18292554723,31.6865338038578,35.8628847284237,9.59956717827718,"FERN_W15_side.CSV",16.36831662802,10.0880905485465,1.58998895841002,98.41001104159,36.261,7.05,0.943620374772666
