"","plot","mean.height","transect.length","mode.el","height.2","max.el","mode.2","max.can.ht","mean.max.ht","mean.vai","max.vai","deep.gaps","porosity","std.std","mean.std","rugosity","top.rugosity","plot","mean.return.ht","sd.return.ht","sky.fraction","cover.fraction","max.ht","rumple","clumping.index"
"1","FERN_W7_13C.CSV",8.68687271064757,30,8.1,2.90238986456435,13,2.98161030317512,22.323,13.8205,7.75700684748865,8.04923076923077,0,0.728985507246377,79.202634233305,6.11253364333869,6.4683511571619,4.8322614806363,"FERN_W7_13C.CSV",8.12007534925642,3.78206967667322,0.484348372051302,99.5156516279487,22.323,4.53333333333333,0.873241928719578
