"","plot","mean.height","transect.length","mode.el","height.2","max.el","mode.2","max.can.ht","mean.max.ht","mean.vai","max.vai","deep.gaps","porosity","std.std","mean.std","rugosity","top.rugosity","plot","mean.return.ht","sd.return.ht","sky.fraction","cover.fraction","max.ht","rumple","clumping.index"
"1","FERN_W3_08_3.CSV",8.26658004131061,20,6.85,4.02043481734401,20,4.54175076374739,27.068,16.349,7.84266598256807,8.13483146067416,0,0.764285714285714,553.158057632345,13.5138093726035,19.2492860613915,7.12271404511097,"FERN_W3_08_3.CSV",7.61399375780275,5.14486259728468,0.27666343892655,99.7233365610735,27.068,8.8,0.911088310645256
