"","plot","mean.height","transect.length","mode.el","height.2","max.el","mode.2","max.can.ht","mean.max.ht","mean.vai","max.vai","deep.gaps","porosity","std.std","mean.std","rugosity","top.rugosity","plot","mean.return.ht","sd.return.ht","sky.fraction","cover.fraction","max.ht","rumple","clumping.index"
"1","FERN_W3_06_2.CSV",14.1403772836008,20,12.85,6.94468091644707,25,8.52804197925878,25.227,20.5284,6.99001482814968,8.1025641025641,0,0.738461538461539,756.681608077224,17.4979415132812,21.2250712807994,3.76219856494913,"FERN_W3_06_2.CSV",12.4237513347571,7.3224369216446,2.33346369443358,97.6665363055664,25.227,3.05,0.92725301921749
