"","plot","mean.height","transect.length","mode.el","height.2","max.el","mode.2","max.can.ht","mean.max.ht","mean.vai","max.vai","deep.gaps","porosity","std.std","mean.std","rugosity","top.rugosity","plot","mean.return.ht","sd.return.ht","sky.fraction","cover.fraction","max.ht","rumple","clumping.index"
"1","FERN_07_08_3.CSV",12.8321044136876,20,12.95,4.40741426341828,21,5.86919926395416,25.314,20.34215,7.51986980050815,8.06169665809769,0,0.659615384615385,514.654091952228,16.2043843230996,15.8767761419475,4.76160056322285,"FERN_07_08_3.CSV",11.8446697122596,5.71819804338261,1.09252765039115,98.9074723496089,25.314,3.6,0.890865873961403
