"","plot","mean.height","transect.length","mode.el","height.2","max.el","mode.2","max.can.ht","mean.max.ht","mean.vai","max.vai","deep.gaps","porosity","std.std","mean.std","rugosity","top.rugosity","plot","mean.return.ht","sd.return.ht","sky.fraction","cover.fraction","max.ht","rumple","clumping.index"
"1","FERN_W4_10A_1up.CSV",7.79675279080155,50,6.84,4.15094273824125,21,4.90452851964386,26.557,14.19452,6.72507312087319,8.31475409836066,0,0.809285714285714,334.18344198513,9.45580178593671,15.6451671314245,6.11210908266266,"FERN_W4_10A_1up.CSV",7.24565457243054,4.98933577459847,6.4302391619865,93.5697608380135,26.557,5.1,0.937916214033082
