"","plot","mean.height","transect.length","mode.el","height.2","max.el","mode.2","max.can.ht","mean.max.ht","mean.vai","max.vai","deep.gaps","porosity","std.std","mean.std","rugosity","top.rugosity","plot","mean.return.ht","sd.return.ht","sky.fraction","cover.fraction","max.ht","rumple","clumping.index"
"1","FERN_W3_06_3.CSV",13.3400080044952,20,11.7,5.90885147403705,26,6.73127031101857,26.858,22.1868,7.25957166054363,8.11347517730496,0,0.6125,369.983701210099,13.8943887345725,13.3014910029923,5.24799023787603,"FERN_W3_06_3.CSV",12.4687577409254,6.57493932808883,1.94450761883103,98.055492381169,26.858,3.7,0.903407691266052
