"","plot","mean.height","transect.length","mode.el","height.2","max.el","mode.2","max.can.ht","mean.max.ht","mean.vai","max.vai","deep.gaps","porosity","std.std","mean.std","rugosity","top.rugosity","plot","mean.return.ht","sd.return.ht","sky.fraction","cover.fraction","max.ht","rumple","clumping.index"
"1","FERN_07_15_1.CSV",9.6784479927817,20,8,3.63815694450101,15,3.98748040747538,23.427,20.16675,7.84342755446759,8.07710843373494,0,0.6125,333.028808348087,12.6478053386632,13.1552965935158,2.73610350825672,"FERN_07_15_1.CSV",9.07153766525318,5.01744137961722,0.211574362165523,99.7884256378345,23.427,3.25,0.942340849609706
