"","plot","mean.height","transect.length","mode.el","height.2","max.el","mode.2","max.can.ht","mean.max.ht","mean.vai","max.vai","deep.gaps","porosity","std.std","mean.std","rugosity","top.rugosity","plot","mean.return.ht","sd.return.ht","sky.fraction","cover.fraction","max.ht","rumple","clumping.index"
"1","FERN_W4_10A_1side.CSV",9.79823588703267,30,8.86666666666667,4.71071520461148,24,5.51200709562517,32.021,19.1413666666667,7.71109719681452,8.04833836858006,0,0.748484848484849,199.991116772234,11.3487000462494,8.43789808142372,6.67849468111992,"FERN_W4_10A_1side.CSV",9.15422780196416,5.80860527970421,0.383257690368133,99.6167423096319,32.021,5.4,0.903375426556424
