"","plot","mean.height","transect.length","mode.el","height.2","max.el","mode.2","max.can.ht","mean.max.ht","mean.vai","max.vai","deep.gaps","porosity","std.std","mean.std","rugosity","top.rugosity","plot","mean.return.ht","sd.return.ht","sky.fraction","cover.fraction","max.ht","rumple","clumping.index"
"1","FERN_W3_08_2.CSV",17.5949316394251,20,16.45,3.45800074767288,23,5.43576121624194,24.834,23.4196,7.45056860199213,8.04383561643836,0,0.626923076923077,592.413193597462,19.1617591568562,15.008003851682,1.60422384577977,"FERN_W3_08_2.CSV",16.7744362963908,5.57894005168634,1.07241988392632,98.9275801160737,24.834,2.05,0.726566672464838
