"","plot","mean.height","transect.length","mode.el","height.2","max.el","mode.2","max.can.ht","mean.max.ht","mean.vai","max.vai","deep.gaps","porosity","std.std","mean.std","rugosity","top.rugosity","plot","mean.return.ht","sd.return.ht","sky.fraction","cover.fraction","max.ht","rumple","clumping.index"
"1","FERN_07_08_4.CSV",12.8755367648922,20,11.95,3.55905927647096,18,4.43255005611894,23.068,18.09635,7.00513881302775,8.18652849740933,0,0.652083333333333,55.1840240095009,5.3993638026407,5.10204807270907,2.58090064400211,"FERN_07_08_4.CSV",12.0587412391739,4.07380726029285,2.88561076604554,97.1143892339545,23.068,3.65,0.785752707533775
