"","plot","mean.height","transect.length","mode.el","height.2","max.el","mode.2","max.can.ht","mean.max.ht","mean.vai","max.vai","deep.gaps","porosity","std.std","mean.std","rugosity","top.rugosity","plot","mean.return.ht","sd.return.ht","sky.fraction","cover.fraction","max.ht","rumple","clumping.index"
"1","FERN_07_08_1.CSV",13.1701334207936,20,12.3,4.13199623668465,20,4.99099188538711,23.451,19.69915,7.89288374923393,8.01990049751244,0,0.6625,227.1902744129,9.93183964445568,11.3379378940669,3.65989732779487,"FERN_07_08_1.CSV",12.5165181069421,5.09806019160994,0.169668493865827,99.8303315061342,23.451,3.05,0.860500350579885
