"","plot","mean.height","transect.length","mode.el","height.2","max.el","mode.2","max.can.ht","mean.max.ht","mean.vai","max.vai","deep.gaps","porosity","std.std","mean.std","rugosity","top.rugosity","plot","mean.return.ht","sd.return.ht","sky.fraction","cover.fraction","max.ht","rumple","clumping.index"
"1","FERN_07_15_4.CSV",12.7664838575536,20,11,4.52645052261504,21,5.46808924579693,23.724,19.46815,6.85834234046367,8.01990049751244,0,0.692,455.598705039739,14.7765896745802,15.4029575935542,4.47085156465274,"FERN_07_15_4.CSV",11.7309442753144,5.83866642540542,4.9685534591195,95.0314465408805,23.724,3.8,0.89895904107004
