"","plot","mean.height","transect.length","mode.el","height.2","max.el","mode.2","max.can.ht","mean.max.ht","mean.vai","max.vai","deep.gaps","porosity","std.std","mean.std","rugosity","top.rugosity","plot","mean.return.ht","sd.return.ht","sky.fraction","cover.fraction","max.ht","rumple","clumping.index"
"1","FERN_W7_13C2.CSV",8.95696694207432,10,9.8,3.90438078809603,20,6.01331855134916,21.13,14.4033,7.14349608037708,8.01932367149758,0,0.718181818181818,297.671471350781,10.3880987322456,13.7752994914774,5.22600958986236,"FERN_W7_13C2.CSV",7.72013591269841,4.6065448601289,2.49093107617896,97.509068923821,21.13,3.7,0.776952218977492
