"","plot","mean.height","transect.length","mode.el","height.2","max.el","mode.2","max.can.ht","mean.max.ht","mean.vai","max.vai","deep.gaps","porosity","std.std","mean.std","rugosity","top.rugosity","plot","mean.return.ht","sd.return.ht","sky.fraction","cover.fraction","max.ht","rumple","clumping.index"
"1","FERN_03_13_2.CSV",6.87022581874859,20,6.25,3.64855503562248,22,4.57028445504216,26.125,15.026,7.98550766004138,8.05673758865248,0,0.751851851851852,203.595258618329,7.63709454909745,12.0528023905843,7.09843784148834,"FERN_03_13_2.CSV",5.87697897851137,3.74306189924582,0.0155690487311233,99.9844309512689,26.125,7,0.864554150799214
