"","plot","mean.height","transect.length","mode.el","height.2","max.el","mode.2","max.can.ht","mean.max.ht","mean.vai","max.vai","deep.gaps","porosity","std.std","mean.std","rugosity","top.rugosity","plot","mean.return.ht","sd.return.ht","sky.fraction","cover.fraction","max.ht","rumple","clumping.index"
"1","FERN_W3_062_2.CSV",11.2646676142002,20,9.7,6.58085970242079,25,7.02210794562431,26.946,17.42565,7.64519117417787,8.30144927536232,0,0.769642857142857,555.886227750999,11.2281542176584,20.7319748363604,7.94843192264659,"FERN_W3_062_2.CSV",10.4196128857607,7.15398618924764,1.12419700214133,98.8758029978587,26.946,5.5,0.91087098814481
