"","plot","mean.height","transect.length","mode.el","height.2","max.el","mode.2","max.can.ht","mean.max.ht","mean.vai","max.vai","deep.gaps","porosity","std.std","mean.std","rugosity","top.rugosity","plot","mean.return.ht","sd.return.ht","sky.fraction","cover.fraction","max.ht","rumple","clumping.index"
"1","FERN_03_13_4.CSV",5.8577603758314,20,4.95,2.89267785300052,19,4.01839520206761,25.482,14.94335,7.96427757845157,8.21364985163205,0,0.75,346.992114495152,10.1416910045688,15.6249229778262,8.13015162204054,"FERN_03_13_4.CSV",5.13468624604013,3.88851446315843,0.0527704485488112,99.9472295514512,25.482,9.1,0.8334363850521
