"","plot","mean.height","transect.length","mode.el","height.2","max.el","mode.2","max.can.ht","mean.max.ht","mean.vai","max.vai","deep.gaps","porosity","std.std","mean.std","rugosity","top.rugosity","plot","mean.return.ht","sd.return.ht","sky.fraction","cover.fraction","max.ht","rumple","clumping.index"
"1","FERN_W7_10_4.CSV",6.9657127446994,20,5.3,3.56649026354183,15,4.0137264480779,26.987,15.72045,7.7757437243706,8.08347826086957,0,0.685714285714286,325.024384551658,13.6952721668201,11.7245001952485,6.96412107633041,"FERN_W7_10_4.CSV",6.71590299750208,5.22889924333302,0.342288144383363,99.6577118556166,26.987,5.75,0.847997216593296
