"","plot","mean.height","transect.length","mode.el","height.2","max.el","mode.2","max.can.ht","mean.max.ht","mean.vai","max.vai","deep.gaps","porosity","std.std","mean.std","rugosity","top.rugosity","plot","mean.return.ht","sd.return.ht","sky.fraction","cover.fraction","max.ht","rumple","clumping.index"
"1","FERN_W7_10_1.CSV",9.25828272376504,20,7.75,3.08466401319114,16,3.56195171219375,27.394,21.24435,7.8048886129428,8.15157894736842,0,0.630357142857143,437.85654901893,15.5444480821519,14.0080934762806,5.09181280173326,"FERN_W7_10_1.CSV",8.16720344117291,4.80785301222714,0.338123415046487,99.6618765849535,27.394,4.65,0.91120085698302
