"","plot","mean.height","transect.length","mode.el","height.2","max.el","mode.2","max.can.ht","mean.max.ht","mean.vai","max.vai","deep.gaps","porosity","std.std","mean.std","rugosity","top.rugosity","plot","mean.return.ht","sd.return.ht","sky.fraction","cover.fraction","max.ht","rumple","clumping.index"
"1","FERN_W3_08_4.CSV",11.117939635629,20,10.65,6.1799760219084,23,7.13635060797884,26.029,18.6464,7.02832036436199,8.08060453400504,0,0.694444444444444,347.192388970136,12.8122991337694,13.5291307879312,7.41542879052644,"FERN_W3_08_4.CSV",10.3310462986198,6.85297104043593,2.35236461651556,97.6476353834844,26.029,7.4,0.951177762368766
