"","plot","mean.height","transect.length","mode.el","height.2","max.el","mode.2","max.can.ht","mean.max.ht","mean.vai","max.vai","deep.gaps","porosity","std.std","mean.std","rugosity","top.rugosity","plot","mean.return.ht","sd.return.ht","sky.fraction","cover.fraction","max.ht","rumple","clumping.index"
"1","FERN_W3_08_1.CSV",13.4099690571031,20,11.7,7.09452330552814,25,8.61452262171271,27.016,20.82825,7.14021162765368,8.27440633245383,0,0.671428571428571,1566.60556296418,25.450325988287,30.3131402209356,7.99832793628242,"FERN_W3_08_1.CSV",12.4926641880228,8.43156556806129,3.28753049955053,96.7124695004495,27.016,3.5,0.847530966712517
