"","plot","mean.height","transect.length","mode.el","height.2","max.el","mode.2","max.can.ht","mean.max.ht","mean.vai","max.vai","deep.gaps","porosity","std.std","mean.std","rugosity","top.rugosity","plot","mean.return.ht","sd.return.ht","sky.fraction","cover.fraction","max.ht","rumple","clumping.index"
"1","FERN_03_13_3.CSV",7.32619556641766,20,5.8,5.29175618810486,22,5.62672195865408,26.874,16.7826,7.62767420257466,8.05853658536585,0,0.764285714285714,748.527718574806,16.6601951821043,21.7017422127578,9.31532261440935,"FERN_03_13_3.CSV",6.55602693993297,6.32422428968431,1.0837689659569,98.9162310340431,26.874,7.4,0.889840322295907
