"","plot","mean.height","transect.length","mode.el","height.2","max.el","mode.2","max.can.ht","mean.max.ht","mean.vai","max.vai","deep.gaps","porosity","std.std","mean.std","rugosity","top.rugosity","plot","mean.return.ht","sd.return.ht","sky.fraction","cover.fraction","max.ht","rumple","clumping.index"
"1","FERN_W3_06_1.CSV",13.2287072562181,20,12.8,6.27550329702784,24,8.38212383587835,27.978,24.6301,7.27874198929829,8.02067183462532,0,0.722413793103448,1544.4895826984,33.4308328735038,20.660808214643,1.88674007079323,"FERN_W3_06_1.CSV",11.2181633738602,8.03758743687129,1.22591943957968,98.7740805604203,27.978,2.55,0.808950554475189
