"","plot","mean.height","transect.length","mode.el","height.2","max.el","mode.2","max.can.ht","mean.max.ht","mean.vai","max.vai","deep.gaps","porosity","std.std","mean.std","rugosity","top.rugosity","plot","mean.return.ht","sd.return.ht","sky.fraction","cover.fraction","max.ht","rumple","clumping.index"
"1","FERN_W7_06_4.CSV",17.5407780578552,20,18.05,4.59953185786515,27,8.10231448414587,26.715,24.4166,7.84272721792727,8.01834862385321,0,0.605357142857143,2040.65852004428,37.1934577199091,25.6379644839761,1.53673078832614,"FERN_W7_06_4.CSV",13.8566617456006,7.49841686865787,0.188612519155962,99.811387480844,26.715,1.7,0.857783857150886
