"","plot","mean.height","transect.length","mode.el","height.2","max.el","mode.2","max.can.ht","mean.max.ht","mean.vai","max.vai","deep.gaps","porosity","std.std","mean.std","rugosity","top.rugosity","plot","mean.return.ht","sd.return.ht","sky.fraction","cover.fraction","max.ht","rumple","clumping.index"
"1","FERN_W4_04_up.CSV",13.6388565713959,40,11.25,6.67467737287802,27,7.39509972887452,34.068,25.549875,7.85413906919913,8.04923076923077,0,0.717857142857143,2476.53003866662,34.597747341351,35.7704615230313,9.06838053895837,"FERN_W4_04_up.CSV",12.9243550007387,8.75857482384024,0.184325001843255,99.8156749981568,34.068,5.575,0.949481321283259
