"","plot","mean.height","transect.length","mode.el","height.2","max.el","mode.2","max.can.ht","mean.max.ht","mean.vai","max.vai","deep.gaps","porosity","std.std","mean.std","rugosity","top.rugosity","plot","mean.return.ht","sd.return.ht","sky.fraction","cover.fraction","max.ht","rumple","clumping.index"
"1","FERN_W7_13upslope1.CSV",4.94990451588015,20,3.75,1.68473381698695,11,2.64338797757726,16.953,11.41285,6.49986943736593,8.01433691756272,0,0.655555555555556,120.881205010987,8.2739857593066,7.24032904402681,4.61980487483822,"FERN_W7_13upslope1.CSV",4.47350715990453,3.24995931599514,12.0948284905067,87.9051715094933,16.953,3.85,0.826434841622494
