"","plot","mean.height","transect.length","mode.el","height.2","max.el","mode.2","max.can.ht","mean.max.ht","mean.vai","max.vai","deep.gaps","porosity","std.std","mean.std","rugosity","top.rugosity","plot","mean.return.ht","sd.return.ht","sky.fraction","cover.fraction","max.ht","rumple","clumping.index"
"1","FERN_W3_062_4.CSV",10.3486015417346,20,9.9,7.32969286648668,27,8.66544863235597,30.015,21.13875,7.961505393831,8.16744186046512,0,0.738709677419355,959.608402547307,23.3322660893613,20.3767946861754,9.0856427161643,"FERN_W3_062_4.CSV",9.66272366805794,8.62750424717655,0.0490797546012223,99.9509202453988,30.015,6.35,0.936531650142841
