"","plot","mean.height","transect.length","mode.el","height.2","max.el","mode.2","max.can.ht","mean.max.ht","mean.vai","max.vai","deep.gaps","porosity","std.std","mean.std","rugosity","top.rugosity","plot","mean.return.ht","sd.return.ht","sky.fraction","cover.fraction","max.ht","rumple","clumping.index"
"1","FERN_07_08_2.CSV",10.9736061992944,20,9.5,4.20947451651164,20,4.73814309619285,23.317,17.9232,7.77920510853972,8.0390243902439,0,0.670833333333333,272.905350984817,11.136659520046,12.2016460249995,4.80799232200105,"FERN_07_08_2.CSV",10.3252366462929,5.06748088984798,0.357473851449752,99.6425261485502,23.317,4.15,0.89395390605499
