"","plot","mean.height","transect.length","mode.el","height.2","max.el","mode.2","max.can.ht","mean.max.ht","mean.vai","max.vai","deep.gaps","porosity","std.std","mean.std","rugosity","top.rugosity","plot","mean.return.ht","sd.return.ht","sky.fraction","cover.fraction","max.ht","rumple","clumping.index"
"1","FERN_W7_10_2.CSV",11.7374215281644,20,11.2,6.08711696103273,24,7.64591394144611,25.403,18.0162,6.97498437646224,8.09638554216868,0,0.642307692307692,455.918761212838,15.1150262410217,15.0816027976493,6.20669589700468,"FERN_W7_10_2.CSV",10.8635364109233,6.89563932440839,3.92303848075962,96.0769615192404,25.403,3.15,0.915825200210574
