"","plot","mean.height","transect.length","mode.el","height.2","max.el","mode.2","max.can.ht","mean.max.ht","mean.vai","max.vai","deep.gaps","porosity","std.std","mean.std","rugosity","top.rugosity","plot","mean.return.ht","sd.return.ht","sky.fraction","cover.fraction","max.ht","rumple","clumping.index"
"1","FERN_W7_13upslope4.CSV",8.80377791807418,20,7.85,4.7700068648707,26,6.7622111768267,28.494,17.26815,7.56684411059745,8.03864734299517,0,0.670689655172414,414.340025639279,13.7062237376627,15.0492344154914,8.28874477370876,"FERN_W7_13upslope4.CSV",8.15008044433594,5.88140888399608,0.690992847617888,99.3090071523821,28.494,4.15,0.917492082549162
