"","plot","mean.height","transect.length","mode.el","height.2","max.el","mode.2","max.can.ht","mean.max.ht","mean.vai","max.vai","deep.gaps","porosity","std.std","mean.std","rugosity","top.rugosity","plot","mean.return.ht","sd.return.ht","sky.fraction","cover.fraction","max.ht","rumple","clumping.index"
"1","GRSM_60W.CSV",14.8957275558452,40,14.85,6.42380296085334,32,8.48395544542756,31.686,22.241275,6.7147859036868,8.16608996539792,0,0.676515151515152,546.34248583085,19.0880573418965,13.490313293001,5.28517504252491,"GRSM_60W.CSV",13.004028200579,6.24169489563081,5.05784830887894,94.9421516911211,31.686,3.65,0.888417473709998
