"","plot","mean.height","transect.length","mode.el","height.2","max.el","mode.2","max.can.ht","mean.max.ht","mean.vai","max.vai","deep.gaps","porosity","std.std","mean.std","rugosity","top.rugosity","plot","mean.return.ht","sd.return.ht","sky.fraction","cover.fraction","max.ht","rumple","clumping.index"
"1","GRSM_64E.CSV",7.0513860415391,40,5.9,4.91101465428767,25,6.56810474946921,34.085,18.80255,7.80563305763102,15.3897180762852,0,0.742142857142857,1255.18232129537,22.6061031756671,27.2790472800364,9.79461583375118,"GRSM_64E.CSV",6.1950336056599,6.50110891146094,0.926234979973295,99.0737650200267,34.085,9.325,0.840271268812719
