"","plot","mean.height","transect.length","mode.el","height.2","max.el","mode.2","max.can.ht","mean.max.ht","mean.vai","max.vai","deep.gaps","porosity","std.std","mean.std","rugosity","top.rugosity","plot","mean.return.ht","sd.return.ht","sky.fraction","cover.fraction","max.ht","rumple","clumping.index"
"1","GRSM_50W.CSV",11.064858984562,40,10.9,6.23591143602857,35,8.5609578903298,34.889,18.5203,5.11671144049785,8.00854700854701,0,0.784027777777778,1881.17052416133,23.0601646992964,36.734171124481,7.87017759614558,"GRSM_50W.CSV",7.57875353696243,5.23367219717922,23.7670083211314,76.2329916788686,34.889,5.15,0.921097332263121
