"","plot","mean.height","transect.length","mode.el","height.2","max.el","mode.2","max.can.ht","mean.max.ht","mean.vai","max.vai","deep.gaps","porosity","std.std","mean.std","rugosity","top.rugosity","plot","mean.return.ht","sd.return.ht","sky.fraction","cover.fraction","max.ht","rumple","clumping.index"
"1","GRSM_55E.CSV",8.74253905652869,40,7.65,5.73157160004537,36,7.55165544764855,37.18,18.34715,7.86898400519428,8.0534223706177,0,0.821710526315789,2411.92569298794,23.5929403727837,43.0731802581864,10.0468480311757,"GRSM_55E.CSV",7.16791327458386,5.95739573242732,0.209380234505863,99.7906197654941,37.18,9.925,0.933748877938295
