"","plot","mean.height","transect.length","mode.el","height.2","max.el","mode.2","max.can.ht","mean.max.ht","mean.vai","max.vai","deep.gaps","porosity","std.std","mean.std","rugosity","top.rugosity","plot","mean.return.ht","sd.return.ht","sky.fraction","cover.fraction","max.ht","rumple","clumping.index"
"1","GRSM_57W.CSV",7.99116428124878,40,6.225,5.8272202297641,32,6.6913657051457,38.287,19.549825,7.6590910290955,8.01286173633441,0,0.80448717948718,2137.45595458915,26.8131020344366,37.6631585754572,12.3275025043287,"GRSM_57W.CSV",6.81426311696629,7.05489909877493,1.00529819318027,98.9947018068197,38.287,12.75,0.894215230315017
