"","plot","mean.height","transect.length","mode.el","height.2","max.el","mode.2","max.can.ht","mean.max.ht","mean.vai","max.vai","deep.gaps","porosity","std.std","mean.std","rugosity","top.rugosity","plot","mean.return.ht","sd.return.ht","sky.fraction","cover.fraction","max.ht","rumple","clumping.index"
"1","GRSM_57C.CSV",12.1611367196312,40,9.5,6.60375308646401,33,8.00624756049924,39.584,27.2969,7.18206249156475,8.03399433427762,0,0.701219512195122,2902.74461143711,36.8579848352939,39.2967373368115,10.2326767403156,"GRSM_57C.CSV",11.4818109614491,8.74209474098563,2.13294171124865,97.8670582887514,39.584,6.75,0.96196548211562
