"","plot","mean.height","transect.length","mode.el","height.2","max.el","mode.2","max.can.ht","mean.max.ht","mean.vai","max.vai","deep.gaps","porosity","std.std","mean.std","rugosity","top.rugosity","plot","mean.return.ht","sd.return.ht","sky.fraction","cover.fraction","max.ht","rumple","clumping.index"
"1","GRSM_57E.CSV",14.3475919028949,40,12.85,7.54211666919785,33,9.824840965634,32.988,24.027875,6.28501352995895,8.02735042735043,0,0.727941176470588,2251.25015582428,33.8663774765545,33.2312899605146,7.45001468657131,"GRSM_57E.CSV",12.1612173976466,8.5287453076911,12.5818243645329,87.4181756354672,32.988,5.025,0.958391617210813
