"","plot","mean.height","transect.length","mode.el","height.2","max.el","mode.2","max.can.ht","mean.max.ht","mean.vai","max.vai","deep.gaps","porosity","std.std","mean.std","rugosity","top.rugosity","plot","mean.return.ht","sd.return.ht","sky.fraction","cover.fraction","max.ht","rumple","clumping.index"
"1","GRSM_66W.CSV",6.44028828918158,40,5.125,3.43000947170317,15,3.50847188958384,29.693,15.540075,7.76481825715234,8.17518248175183,0,0.792741935483871,555.344870989284,13.337771895349,19.428039320964,7.80759746488751,"GRSM_66W.CSV",5.80089333714612,4.93469094103027,0.574320482201751,99.4256795177982,29.693,6.15,0.903923308334324
