"","plot","mean.height","transect.length","mode.el","height.2","max.el","mode.2","max.can.ht","mean.max.ht","mean.vai","max.vai","deep.gaps","porosity","std.std","mean.std","rugosity","top.rugosity","plot","mean.return.ht","sd.return.ht","sky.fraction","cover.fraction","max.ht","rumple","clumping.index"
"1","GRSM_50.CSV",7.72528392899198,40,5.85,4.60643195114545,20,4.67733898707374,29.589,15.0614,7.09715890765236,8.01538461538462,0,0.775806451612903,582.169408604843,13.8861519235299,19.7318066421068,8.67395079534119,"GRSM_50.CSV",7.16424625352609,5.87357522753438,5.21390374331551,94.7860962566845,29.589,4.525,0.938219489237039
