"","plot","mean.height","transect.length","mode.el","height.2","max.el","mode.2","max.can.ht","mean.max.ht","mean.vai","max.vai","deep.gaps","porosity","std.std","mean.std","rugosity","top.rugosity","plot","mean.return.ht","sd.return.ht","sky.fraction","cover.fraction","max.ht","rumple","clumping.index"
"1","GRSM_64C.CSV",8.51105572774589,40,7.4,5.4296103658462,24,5.96154342431555,33.542,19.747225,7.36533541081925,8.09621993127148,0,0.735,873.992008482257,18.3242954641284,23.1994009454033,8.82331502760057,"GRSM_64C.CSV",7.70127738193112,6.65018392395778,1.93496371943026,98.0650362805697,33.542,8.175,0.90550383079725
