"","plot","mean.height","transect.length","mode.el","height.2","max.el","mode.2","max.can.ht","mean.max.ht","mean.vai","max.vai","deep.gaps","porosity","std.std","mean.std","rugosity","top.rugosity","plot","mean.return.ht","sd.return.ht","sky.fraction","cover.fraction","max.ht","rumple","clumping.index"
"1","GRSM_66E.CSV",11.7871696818909,40,9.35,7.05460613453922,24,7.85350240338666,33.836,22.40395,6.88658352309096,8.1469387755102,0,0.74,1592.30064278223,25.5308993571257,30.6671456252217,9.87074516437336,"GRSM_66E.CSV",10.5250167747308,8.33829819813393,3.20147405999884,96.7985259400012,33.836,8.525,0.907685182172085
