"","plot","mean.height","transect.length","mode.el","height.2","max.el","mode.2","max.can.ht","mean.max.ht","mean.vai","max.vai","deep.gaps","porosity","std.std","mean.std","rugosity","top.rugosity","plot","mean.return.ht","sd.return.ht","sky.fraction","cover.fraction","max.ht","rumple","clumping.index"
"1","GRSM_53W.CSV",7.84512132555818,40,5.5,5.85424365804006,29,5.90338885725818,39.191,18.001375,7.85537433974852,8.05087440381558,0,0.813125,2722.31836278362,31.2258800655773,41.8002724502342,12.7272455591316,"GRSM_53W.CSV",7.24862249428225,7.87776990816509,0.277268458476809,99.7227315415232,39.191,9.9,0.917635806210042
