"","plot","mean.height","transect.length","mode.el","height.2","max.el","mode.2","max.can.ht","mean.max.ht","mean.vai","max.vai","deep.gaps","porosity","std.std","mean.std","rugosity","top.rugosity","plot","mean.return.ht","sd.return.ht","sky.fraction","cover.fraction","max.ht","rumple","clumping.index"
"1","GRSM_53E.CSV",11.1553564008072,40,9.3,7.08111687573216,38,8.78122998218359,37.973,21.758625,7.40196564819823,9.09158878504673,0,0.773717948717949,2900.74405262988,31.5935388739408,43.6187156396273,11.9663458888958,"GRSM_53E.CSV",10.1230348593228,8.47194523704873,1.63242330424993,98.3675766957501,37.973,11,0.958401631229719
