"","plot","mean.height","transect.length","mode.el","height.2","max.el","mode.2","max.can.ht","mean.max.ht","mean.vai","max.vai","deep.gaps","porosity","std.std","mean.std","rugosity","top.rugosity","plot","mean.return.ht","sd.return.ht","sky.fraction","cover.fraction","max.ht","rumple","clumping.index"
"1","GRSM_66C.CSV",8.08410873659944,40,6.825,5.4807995131737,31,7.37186373992357,33.987,19.495375,7.07721768275852,8.01975308641975,0,0.801428571428571,1506.03719562574,24.2862031025078,30.2690854584257,10.4030283773463,"GRSM_66C.CSV",6.39905059405941,5.9460951046655,3.15466487678588,96.8453351232141,33.987,10.1,0.929730172372302
