"","plot","mean.height","transect.length","mode.el","height.2","max.el","mode.2","max.can.ht","mean.max.ht","mean.vai","max.vai","deep.gaps","porosity","std.std","mean.std","rugosity","top.rugosity","plot","mean.return.ht","sd.return.ht","sky.fraction","cover.fraction","max.ht","rumple","clumping.index"
"1","GRSM_64W.CSV",6.5193607674225,40,4.525,3.47657960094741,14,3.05767477014806,33.393,17.12955,7.83421802715093,8.01388888888889,0,0.751470588235294,1900.32303479031,22.2782016681892,37.4700515775172,10.9776483725936,"GRSM_64W.CSV",5.79821163279608,5.73839570436885,0.325960419091964,99.674039580908,33.393,12.55,0.874181468926974
