"","plot","mean.height","transect.length","mode.el","height.2","max.el","mode.2","max.can.ht","mean.max.ht","mean.vai","max.vai","deep.gaps","porosity","std.std","mean.std","rugosity","top.rugosity","plot","mean.return.ht","sd.return.ht","sky.fraction","cover.fraction","max.ht","rumple","clumping.index"
"1","GRSM_65W.CSV",6.61267802973418,40,5.3,3.18166254907163,18,3.6,28.297,17.096175,7.50209028532608,8.09946714031972,0,0.692241379310345,383.877358215412,12.4431244459016,15.1342661612389,6.63667050787729,"GRSM_65W.CSV",5.88770447220873,4.63625733150802,1.78215245858989,98.2178475414101,28.297,6.975,0.885382201135081
