"","plot","mean.height","transect.length","mode.el","height.2","max.el","mode.2","max.can.ht","mean.max.ht","mean.vai","max.vai","deep.gaps","porosity","std.std","mean.std","rugosity","top.rugosity","plot","mean.return.ht","sd.return.ht","sky.fraction","cover.fraction","max.ht","rumple","clumping.index"
"1","GRSM_55C.CSV",9.35180908980889,40,6.725,6.14753116535543,29,5.98743475956106,34.883,21.1925,6.8920006279083,10.3104325699746,0,0.776388888888889,1840.00234876112,27.1557071730399,33.204968253158,11.1161206870115,"GRSM_55C.CSV",7.49849575643936,7.03724582558251,2.81494269409678,97.1850573059032,34.883,9.25,0.947965428836864
