"","plot","mean.height","transect.length","mode.el","height.2","max.el","mode.2","max.can.ht","mean.max.ht","mean.vai","max.vai","deep.gaps","porosity","std.std","mean.std","rugosity","top.rugosity","plot","mean.return.ht","sd.return.ht","sky.fraction","cover.fraction","max.ht","rumple","clumping.index"
"1","GRSM_61C_XXX.CSV",9.97533493120371,50,8.06,3.9577939337471,26,5.63705596920946,35.684,22.23512,6.98525927364587,8.58091286307054,0,0.628108108108108,668.55144779591,22.0322004870377,13.5326859674968,5.88476517534724,"GRSM_61C_XXX.CSV",8.77807826239887,5.55967855634269,3.93647575603987,96.0635242439601,35.684,5.42,0.838683998682623
