"","plot","mean.height","transect.length","mode.el","height.2","max.el","mode.2","max.can.ht","mean.max.ht","mean.vai","max.vai","deep.gaps","porosity","std.std","mean.std","rugosity","top.rugosity","plot","mean.return.ht","sd.return.ht","sky.fraction","cover.fraction","max.ht","rumple","clumping.index"
"1","GRSM_55W.CSV",11.1334106674684,40,9.625,6.64212965941438,32,8.48730669882973,37.986,25.014725,7.31260220453813,8.0365296803653,0,0.715384615384615,2128.00867939694,35.2334721232861,29.7760158774568,9.32071238882825,"GRSM_55W.CSV",10.1045332311622,8.2622705456328,3.41918294849023,96.5808170515098,37.986,7.7,0.923320631376112
