"","plot","mean.height","transect.length","mode.el","height.2","max.el","mode.2","max.can.ht","mean.max.ht","mean.vai","max.vai","deep.gaps","porosity","std.std","mean.std","rugosity","top.rugosity","plot","mean.return.ht","sd.return.ht","sky.fraction","cover.fraction","max.ht","rumple","clumping.index"
"1","GRSM_50_W2.CSV",9.24806399805473,40,8.35,5.67358913204008,22,6.48671719747362,31.142,19.987375,6.56414446350563,8.0466472303207,0,0.7578125,594.215089818058,15.4028568492137,18.8935727352105,8.84178807675409,"GRSM_50_W2.CSV",8.76231627296588,6.79450996185386,6.56612102262277,93.4338789773772,31.142,6.875,0.934070920065979
