"","plot","mean.height","transect.length","mode.el","height.2","max.el","mode.2","max.can.ht","mean.max.ht","mean.vai","max.vai","deep.gaps","porosity","std.std","mean.std","rugosity","top.rugosity","plot","mean.return.ht","sd.return.ht","sky.fraction","cover.fraction","max.ht","rumple","clumping.index"
"1","GRSM_61E.CSV",12.2155211172501,40,10.25,5.63121908980726,24,6.98122482090356,28.492,21.806925,5.50830427870702,8.00884955752212,0,0.676724137931034,1529.11573178835,24.8000545831116,30.2336406088158,6.23517993237585,"GRSM_61E.CSV",10.5002294855821,7.51477974985745,18.9526454358567,81.0473545641433,28.492,5.075,0.951461493419616
