"","plot","mean.height","transect.length","mode.el","height.2","max.el","mode.2","max.can.ht","mean.max.ht","mean.vai","max.vai","deep.gaps","porosity","std.std","mean.std","rugosity","top.rugosity","plot","mean.return.ht","sd.return.ht","sky.fraction","cover.fraction","max.ht","rumple","clumping.index"
"1","HARV_38E.CSV",4.7693520161865,40,3.95,3.23161560092771,27,4.27755771439732,28.08,9.760275,7.83135969157965,8.05031446540881,0,0.789655172413793,114.790628718042,5.01216333432707,9.46936362318342,7.5911220210072,"HARV_38E.CSV",3.96153545991817,3.01359674016556,0.226791654067127,99.7732083459329,28.08,4.65,0.730120671625216
