"","plot","mean.height","transect.length","mode.el","height.2","max.el","mode.2","max.can.ht","mean.max.ht","mean.vai","max.vai","deep.gaps","porosity","std.std","mean.std","rugosity","top.rugosity","plot","mean.return.ht","sd.return.ht","sky.fraction","cover.fraction","max.ht","rumple","clumping.index"
"1","HARV_45W.CSV",10.1158104173398,40,7.5,5.6389364982564,22,6.3718129288296,25.983,18.118375,6.68086140380231,8.09661835748792,0,0.694444444444444,935.06431283251,19.5707397786679,23.495754028083,7.19499321176245,"HARV_45W.CSV",9.46808110505639,6.94631633303434,3.90891378470531,96.0910862152947,25.983,7.525,0.96408423176411
