"","plot","mean.height","transect.length","mode.el","height.2","max.el","mode.2","max.can.ht","mean.max.ht","mean.vai","max.vai","deep.gaps","porosity","std.std","mean.std","rugosity","top.rugosity","plot","mean.return.ht","sd.return.ht","sky.fraction","cover.fraction","max.ht","rumple","clumping.index"
"1","HARV_37C.CSV",5.82304115622032,40,4.725,3.4096566320986,19,4.11088494122616,21.031,12.923775,7.33789095234879,8.10738255033557,0,0.65,183.759975191154,8.86271823887124,10.2572998693386,5.73953834240824,"HARV_37C.CSV",5.15800198363501,4.35912254475839,2.34078618128986,97.6592138187101,21.031,4.55,0.862696018831042
