"","plot","mean.height","transect.length","mode.el","height.2","max.el","mode.2","max.can.ht","mean.max.ht","mean.vai","max.vai","deep.gaps","porosity","std.std","mean.std","rugosity","top.rugosity","plot","mean.return.ht","sd.return.ht","sky.fraction","cover.fraction","max.ht","rumple","clumping.index"
"1","HARV_38C.CSV",4.85309392336269,40,3.775,2.02635053298137,10,2.03085573096663,20.64,9.582,7.82524247839031,8.26865671641791,0,0.739772727272727,127.115917495387,5.78766281056352,9.67568481744869,4.80691861425826,"HARV_38C.CSV",4.30539508440479,3.06402526788417,0.339958158995812,99.6600418410042,20.64,4.675,0.767201480117773
