"","plot","mean.height","transect.length","mode.el","height.2","max.el","mode.2","max.can.ht","mean.max.ht","mean.vai","max.vai","deep.gaps","porosity","std.std","mean.std","rugosity","top.rugosity","plot","mean.return.ht","sd.return.ht","sky.fraction","cover.fraction","max.ht","rumple","clumping.index"
"1","HARV_48E.CSV",9.61126553592069,40,8.725,3.2376466346075,14,4.00616712082759,23.621,14.685075,7.53231627832598,10.6518105849582,0,0.687,289.0572617084,9.63082135484664,14.0108722690427,4.22609237213534,"HARV_48E.CSV",9.17599214901478,4.49100300524999,1.01333333333333,98.9866666666667,23.621,4.125,0.878286288650271
