"","plot","mean.height","transect.length","mode.el","height.2","max.el","mode.2","max.can.ht","mean.max.ht","mean.vai","max.vai","deep.gaps","porosity","std.std","mean.std","rugosity","top.rugosity","plot","mean.return.ht","sd.return.ht","sky.fraction","cover.fraction","max.ht","rumple","clumping.index"
"1","HARV_37E.CSV",6.7361447062546,40,5.125,3.01912434354402,14,3.78277345343334,23.024,14.10455,7.5940164381819,8.02228412256267,0,0.628125,176.599720383912,9.62777534324759,9.16000340195713,4.47684862232123,"HARV_37E.CSV",6.17425841355123,4.24964127587148,0.725979702200164,99.2740202977998,23.024,4.65,0.861319371123194
