"","plot","mean.height","transect.length","mode.el","height.2","max.el","mode.2","max.can.ht","mean.max.ht","mean.vai","max.vai","deep.gaps","porosity","std.std","mean.std","rugosity","top.rugosity","plot","mean.return.ht","sd.return.ht","sky.fraction","cover.fraction","max.ht","rumple","clumping.index"
"1","HARV_50E.CSV",6.23808002515141,40,4.975,3.34606963725462,24,3.64340156996179,27.866,11.80385,7.58580662332891,8.02962962962963,0,0.764655172413793,361.329258089613,8.621791047145,16.9408965886987,6.69414998931807,"HARV_50E.CSV",5.70514753564155,4.59574083089256,1.5795381654907,98.4204618345093,27.866,6.35,0.739159844139877
