"","plot","mean.height","transect.length","mode.el","height.2","max.el","mode.2","max.can.ht","mean.max.ht","mean.vai","max.vai","deep.gaps","porosity","std.std","mean.std","rugosity","top.rugosity","plot","mean.return.ht","sd.return.ht","sky.fraction","cover.fraction","max.ht","rumple","clumping.index"
"1","HARV_35E.CSV",6.98240218694247,40,5.85,2.5049791352789,16,3.53942085658092,16.94,12.336825,7.47322351110502,8.05853658536585,0,0.538888888888889,76.4232734195573,6.94795731220003,5.30557844230047,2.91552189889713,"HARV_35E.CSV",6.25599467905974,3.40978878582853,1.98059021588434,98.0194097841157,16.94,3.65,0.803219836490025
