"","plot","mean.height","transect.length","mode.el","height.2","max.el","mode.2","max.can.ht","mean.max.ht","mean.vai","max.vai","deep.gaps","porosity","std.std","mean.std","rugosity","top.rugosity","plot","mean.return.ht","sd.return.ht","sky.fraction","cover.fraction","max.ht","rumple","clumping.index"
"1","HARV_52E.CSV",7.36198285105048,40,6.775,2.28821636760095,16,2.68781974842064,20.973,11.97105,7.99023876271093,8.1399416909621,0,0.639772727272727,37.4015223302994,4.56424951881521,4.07052191497534,3.35035467659386,"HARV_52E.CSV",6.85498092481259,3.1254412839985,0.0148423005565834,99.9851576994434,20.973,2.475,0.762683407869767
