"","plot","mean.height","transect.length","mode.el","height.2","max.el","mode.2","max.can.ht","mean.max.ht","mean.vai","max.vai","deep.gaps","porosity","std.std","mean.std","rugosity","top.rugosity","plot","mean.return.ht","sd.return.ht","sky.fraction","cover.fraction","max.ht","rumple","clumping.index"
"1","HARV_47E.CSV",5.5890643308518,40,4.95,3.29778839954013,22,4.81118488524397,21.858,9.9714,7.93222653425774,8.21894736842105,0,0.775,249.530723721186,7.50891394252615,13.8977312941689,6.38280149809647,"HARV_47E.CSV",4.72320329838135,3.51289394687727,0.0915378356387331,99.9084621643613,21.858,4.875,0.840830886198775
