"","plot","mean.height","transect.length","mode.el","height.2","max.el","mode.2","max.can.ht","mean.max.ht","mean.vai","max.vai","deep.gaps","porosity","std.std","mean.std","rugosity","top.rugosity","plot","mean.return.ht","sd.return.ht","sky.fraction","cover.fraction","max.ht","rumple","clumping.index"
"1","HARV_41E.CSV",9.53359515258535,40,8.675,5.09107386232326,21,6.3379314448801,21.271,15.551925,6.36602330629866,15.5471698113208,0,0.720454545454545,382.897679477585,12.6762154571388,14.9067515294842,5.99640873030662,"HARV_41E.CSV",8.54035014700478,5.92806858974196,9.81854337559036,90.1814566244096,21.271,4.35,0.943464743237111
