"","plot","mean.height","transect.length","mode.el","height.2","max.el","mode.2","max.can.ht","mean.max.ht","mean.vai","max.vai","deep.gaps","porosity","std.std","mean.std","rugosity","top.rugosity","plot","mean.return.ht","sd.return.ht","sky.fraction","cover.fraction","max.ht","rumple","clumping.index"
"1","HARV_43E.CSV",7.116415472696,40,6.5,3.19904324625324,18,3.8405728739343,20.443,12.454075,8.01096050417929,8.87671232876712,0,0.667857142857143,63.3491867428594,5.24543210723159,5.98620319996602,4.91894844082163,"HARV_43E.CSV",6.3800535174795,3.74306066928272,0.00863110650785037,99.9913688934922,20.443,5.4,0.906906150925145
