"","plot","mean.height","transect.length","mode.el","height.2","max.el","mode.2","max.can.ht","mean.max.ht","mean.vai","max.vai","deep.gaps","porosity","std.std","mean.std","rugosity","top.rugosity","plot","mean.return.ht","sd.return.ht","sky.fraction","cover.fraction","max.ht","rumple","clumping.index"
"1","HARV_41W.CSV",6.46744419374508,40,5.825,2.64585605671732,14,3.22403086213516,19.781,11.633125,7.48349435475376,8.19875776397516,0,0.673809523809524,104.45482240233,6.28484098246892,8.05950347275865,3.95848389254827,"HARV_41W.CSV",5.88778426866336,3.6427711439742,1.28796194657885,98.7120380534212,19.781,3.75,0.880585433296365
