"","plot","mean.height","transect.length","mode.el","height.2","max.el","mode.2","max.can.ht","mean.max.ht","mean.vai","max.vai","deep.gaps","porosity","std.std","mean.std","rugosity","top.rugosity","plot","mean.return.ht","sd.return.ht","sky.fraction","cover.fraction","max.ht","rumple","clumping.index"
"1","HARV_52C.CSV",9.62790444009871,40,9.15,3.05514818410336,15,3.46806862677197,23.979,13.83465,8.01206097267416,8.81911262798635,0,0.67,42.8268633698024,5.18554264473562,3.99211859160405,4.31473227948036,"HARV_52C.CSV",9.09995327453556,3.82276831416924,0.00938174312787865,99.9906182568721,23.979,3.5,0.806507340299178
