"","plot","mean.height","transect.length","mode.el","height.2","max.el","mode.2","max.can.ht","mean.max.ht","mean.vai","max.vai","deep.gaps","porosity","std.std","mean.std","rugosity","top.rugosity","plot","mean.return.ht","sd.return.ht","sky.fraction","cover.fraction","max.ht","rumple","clumping.index"
"1","HARV_34E.CSV",6.54658712675245,40,5.175,4.78515127468152,25,4.54910705523623,27.663,14.9771,6.67219059591515,8.03076923076923,0,0.776724137931034,341.810522994568,11.5040702363261,14.4729710492436,7.6816465676145,"HARV_34E.CSV",5.60544478944304,5.21543751596908,7.36179775280899,92.638202247191,27.663,6.4,0.844955417114508
