"","plot","mean.height","transect.length","mode.el","height.2","max.el","mode.2","max.can.ht","mean.max.ht","mean.vai","max.vai","deep.gaps","porosity","std.std","mean.std","rugosity","top.rugosity","plot","mean.return.ht","sd.return.ht","sky.fraction","cover.fraction","max.ht","rumple","clumping.index"
"1","HARV_48C.CSV",6.44709622443079,40,5.575,3.13625704051619,15,3.23177582762171,21.334,9.72515,8.09670148053755,15.668202764977,0,0.778409090909091,66.8232632166337,4.67710671492736,6.70432218750077,4.62682504836796,"HARV_48C.CSV",5.95518923108723,3.78806721463411,0.19597730789066,99.8040226921093,21.334,4.3,0.899995858143648
