"","plot","mean.height","transect.length","mode.el","height.2","max.el","mode.2","max.can.ht","mean.max.ht","mean.vai","max.vai","deep.gaps","porosity","std.std","mean.std","rugosity","top.rugosity","plot","mean.return.ht","sd.return.ht","sky.fraction","cover.fraction","max.ht","rumple","clumping.index"
"1","HARV_43C.CSV",10.5975431147742,40,10.175,3.03643021785499,19,3.85283986171239,20.724,15.845875,6.8156521025685,8.1285140562249,0,0.656818181818182,119.25843472313,7.72304461738604,7.72094661042249,3.35322385395661,"HARV_43C.CSV",9.82949342468781,3.88293473047335,7.61613067891782,92.3838693210822,20.724,3.375,0.887097617686645
