"","plot","mean.height","transect.length","mode.el","height.2","max.el","mode.2","max.can.ht","mean.max.ht","mean.vai","max.vai","deep.gaps","porosity","std.std","mean.std","rugosity","top.rugosity","plot","mean.return.ht","sd.return.ht","sky.fraction","cover.fraction","max.ht","rumple","clumping.index"
"1","HARV_37W.CSV",9.35050366209721,40,8.6,5.12022735908219,18,5.94894948709434,20.937,14.13845,7.30681334741112,8.6046511627907,0,0.655681818181818,81.7930852578653,6.02179819446253,6.74766861686562,4.93478587564461,"HARV_37W.CSV",8.91468640350877,5.65594810108083,1.40217533743939,98.5978246625606,20.937,3.475,0.942912129428487
