"","plot","mean.height","transect.length","mode.el","height.2","max.el","mode.2","max.can.ht","mean.max.ht","mean.vai","max.vai","deep.gaps","porosity","std.std","mean.std","rugosity","top.rugosity","plot","mean.return.ht","sd.return.ht","sky.fraction","cover.fraction","max.ht","rumple","clumping.index"
"1","HARV_41C.CSV",9.23655989505421,40,7.45,3.99170993884231,19,4.341370751272,22.872,14.541625,7.56528249510955,8.03305785123967,0,0.692708333333333,236.883700415243,10.1569763988417,11.563716134903,5.02674628764817,"HARV_41C.CSV",8.52745006358212,5.0151293708112,1.55046224961479,98.4495377503852,22.872,4.85,0.928275231657328
