"","plot","mean.height","transect.length","mode.el","height.2","max.el","mode.2","max.can.ht","mean.max.ht","mean.vai","max.vai","deep.gaps","porosity","std.std","mean.std","rugosity","top.rugosity","plot","mean.return.ht","sd.return.ht","sky.fraction","cover.fraction","max.ht","rumple","clumping.index"
"1","HARV_43W.CSV",7.82738409816109,40,7.3,2.38844473125378,13,2.93428015022424,18.502,12.87645,7.88487159386618,8.31884057971014,0,0.65375,31.3728126579622,4.62685561160508,3.15674196083886,3.0803125544875,"HARV_43W.CSV",7.28051454199511,3.18791430500681,0.171852387843707,99.8281476121563,18.502,3.325,0.867736884693643
