"","plot","mean.height","transect.length","mode.el","height.2","max.el","mode.2","max.can.ht","mean.max.ht","mean.vai","max.vai","deep.gaps","porosity","std.std","mean.std","rugosity","top.rugosity","plot","mean.return.ht","sd.return.ht","sky.fraction","cover.fraction","max.ht","rumple","clumping.index"
"1","HARV_44W.CSV",5.66796171296288,40,4.55,2.35089836489863,14,3.13009584517791,20.891,11.9857,7.47570214937969,8.40764331210191,0,0.671590909090909,116.083497825661,7.56619801947474,7.67047230330428,4.50207088075972,"HARV_44W.CSV",5.04174514086045,3.48408941836813,0.987458555571574,99.0125414444284,20.891,4.725,0.823323969009779
