"","plot","mean.height","transect.length","mode.el","height.2","max.el","mode.2","max.can.ht","mean.max.ht","mean.vai","max.vai","deep.gaps","porosity","std.std","mean.std","rugosity","top.rugosity","plot","mean.return.ht","sd.return.ht","sky.fraction","cover.fraction","max.ht","rumple","clumping.index"
"1","HARV_38W.CSV",6.08248723961465,40,5.475,2.47107433369932,20,3.06584001539545,20.374,10.509175,7.71808589387605,9.38019169329073,0,0.689285714285714,119.940722205007,5.09331064340012,9.69530344521685,4.35669481218715,"HARV_38W.CSV",5.25845795435044,2.83806918828433,0.943476413089672,99.0565235869103,20.374,3.45,0.780491564837367
