"","plot","mean.height","transect.length","mode.el","height.2","max.el","mode.2","max.can.ht","mean.max.ht","mean.vai","max.vai","deep.gaps","porosity","std.std","mean.std","rugosity","top.rugosity","plot","mean.return.ht","sd.return.ht","sky.fraction","cover.fraction","max.ht","rumple","clumping.index"
"1","HARV_33C.CSV",13.86328375162,40,12.375,4.35388455011444,26,6.93428979780914,26.844,22.951625,7.30800979961041,8.02930402930403,0,0.6375,1492.31953701098,28.490145912451,26.088908043424,3.73857955123299,"HARV_33C.CSV",13.3038242882562,6.77667027264567,2.34578627280626,97.6542137271937,26.844,3.6,0.933445698109449
