"","plot","mean.height","transect.length","mode.el","height.2","max.el","mode.2","max.can.ht","mean.max.ht","mean.vai","max.vai","deep.gaps","porosity","std.std","mean.std","rugosity","top.rugosity","plot","mean.return.ht","sd.return.ht","sky.fraction","cover.fraction","max.ht","rumple","clumping.index"
"1","HARV_39W.CSV",6.01900007981695,40,5.05,3.78696841950665,19,4.52189119727576,25.284,13.0241,7.20249237088336,8.07843137254902,0,0.724038461538462,423.942261650563,12.5266251116762,16.3409279100695,7.54540307601172,"HARV_39W.CSV",5.27622103736564,4.93166194087184,2.31666666666667,97.6833333333333,25.284,6,0.891554244123794
