"","plot","mean.height","transect.length","mode.el","height.2","max.el","mode.2","max.can.ht","mean.max.ht","mean.vai","max.vai","deep.gaps","porosity","std.std","mean.std","rugosity","top.rugosity","plot","mean.return.ht","sd.return.ht","sky.fraction","cover.fraction","max.ht","rumple","clumping.index"
"1","HARV_34W.CSV",5.26737435124555,40,4.325,4.59503685203465,27,6.01409802048487,28.766,11.354675,7.3671801775242,8.04494382022472,0,0.766666666666667,1280.95607391056,15.6495345350655,32.1877017313499,9.54473724339821,"HARV_34W.CSV",4.42288118264714,5.53629630754612,1.47689375893283,98.5231062410672,28.766,5.575,0.637075523099288
