"","plot","mean.height","transect.length","mode.el","height.2","max.el","mode.2","max.can.ht","mean.max.ht","mean.vai","max.vai","deep.gaps","porosity","std.std","mean.std","rugosity","top.rugosity","plot","mean.return.ht","sd.return.ht","sky.fraction","cover.fraction","max.ht","rumple","clumping.index"
"1","HARV_45C.CSV",9.15036177910595,40,7.825,4.76919636127977,21,6.18420366740941,25.001,17.007125,7.50496352913789,9.05263157894737,0,0.701923076923077,758.853904876763,20.3964425973799,18.5159130006746,6.38077760387621,"HARV_45C.CSV",8.65044967088233,6.45313919310301,1.52938606073848,98.4706139392615,25.001,5.3,0.950705434686276
