"","plot","mean.height","transect.length","mode.el","height.2","max.el","mode.2","max.can.ht","mean.max.ht","mean.vai","max.vai","deep.gaps","porosity","std.std","mean.std","rugosity","top.rugosity","plot","mean.return.ht","sd.return.ht","sky.fraction","cover.fraction","max.ht","rumple","clumping.index"
"1","HARV_51W.CSV",4.97408912815748,40,4.125,2.01293670691631,15,2.24930544835511,22.709,9.781275,7.73554683876298,8.38636363636364,0,0.748958333333333,210.672204943813,6.30658279049297,13.0728427838198,5.8087858080206,"HARV_51W.CSV",4.41624546544147,3.11679870189727,0.611499364675983,99.388500635324,22.709,3.65,0.681118451935732
