"","plot","mean.height","transect.length","mode.el","height.2","max.el","mode.2","max.can.ht","mean.max.ht","mean.vai","max.vai","deep.gaps","porosity","std.std","mean.std","rugosity","top.rugosity","plot","mean.return.ht","sd.return.ht","sky.fraction","cover.fraction","max.ht","rumple","clumping.index"
"1","HARV_50W.CSV",5.63743426777789,40,4.675,3.3762729919964,21,4.36684955087761,22.869,11.931625,7.81259881722362,8.11627906976744,0,0.751041666666667,211.532242331019,7.93848502880543,12.1865785919778,5.64960846243757,"HARV_50W.CSV",5.1570589755282,4.26990002818367,0.295521709479429,99.7044782905206,22.869,5.95,0.868580040484095
