"","plot","mean.height","transect.length","mode.el","height.2","max.el","mode.2","max.can.ht","mean.max.ht","mean.vai","max.vai","deep.gaps","porosity","std.std","mean.std","rugosity","top.rugosity","plot","mean.return.ht","sd.return.ht","sky.fraction","cover.fraction","max.ht","rumple","clumping.index"
"1","HARV_36E.CSV",9.78172911211436,40,7.725,4.60404238423012,21,5.45888037971158,28.747,18.856675,7.00232552221895,8.19219219219219,0,0.726666666666667,1123.90085977186,23.4620596169876,23.9464531465681,7.44259550256116,"HARV_36E.CSV",8.71520194142537,6.4823319749476,2.23069435431538,97.7693056456846,28.747,6.6,0.963833628032667
