"","plot","mean.height","transect.length","mode.el","height.2","max.el","mode.2","max.can.ht","mean.max.ht","mean.vai","max.vai","deep.gaps","porosity","std.std","mean.std","rugosity","top.rugosity","plot","mean.return.ht","sd.return.ht","sky.fraction","cover.fraction","max.ht","rumple","clumping.index"
"1","HARV_52W.CSV",10.8130455306859,40,10.65,2.42289336773215,17,2.87706447616316,22.457,15.0524,7.31460766186958,8.09039548022599,0,0.63695652173913,103.819860984284,7.38979121459793,7.0150443183871,3.33736288338332,"HARV_52W.CSV",9.96893273444347,3.70385147826774,3.19570135746606,96.8042986425339,22.457,3.25,0.759210984029425
