"","plot","mean.height","transect.length","mode.el","height.2","max.el","mode.2","max.can.ht","mean.max.ht","mean.vai","max.vai","deep.gaps","porosity","std.std","mean.std","rugosity","top.rugosity","plot","mean.return.ht","sd.return.ht","sky.fraction","cover.fraction","max.ht","rumple","clumping.index"
"1","HARV_49E.CSV",8.71647999172703,40,8.075,2.98354157080683,18,3.76422302739888,20.197,13.79595,7.67924880023639,8.02693602693603,0,0.626190476190476,83.2208716601491,6.73438967536749,6.15376854947054,3.2700807011919,"HARV_49E.CSV",8.05567857760858,3.92017857377254,0.678869124344761,99.3211308756552,20.197,3.425,0.860211466301306
