"","plot","mean.height","transect.length","mode.el","height.2","max.el","mode.2","max.can.ht","mean.max.ht","mean.vai","max.vai","deep.gaps","porosity","std.std","mean.std","rugosity","top.rugosity","plot","mean.return.ht","sd.return.ht","sky.fraction","cover.fraction","max.ht","rumple","clumping.index"
"1","HARV_49C.CSV",6.26433899550376,40,5.4,2.21057948811245,13,2.8,21.223,10.929725,7.99745902046596,8.29411764705882,0,0.714772727272727,57.2780177617942,4.90879938895673,5.76035644042729,4.72701221289912,"HARV_49C.CSV",5.73153438843298,3.09287819554478,0.00976848686138343,99.9902315131386,21.223,3.9,0.821287231173324
