"","plot","mean.height","transect.length","mode.el","height.2","max.el","mode.2","max.can.ht","mean.max.ht","mean.vai","max.vai","deep.gaps","porosity","std.std","mean.std","rugosity","top.rugosity","plot","mean.return.ht","sd.return.ht","sky.fraction","cover.fraction","max.ht","rumple","clumping.index"
"1","HARV_40W.CSV",6.00152145895639,40,5.175,2.90070464934098,18,3.89799628014189,24.011,11.229725,7.87812177983072,8.07940446650124,0,0.724,186.556064577036,7.64135474225509,11.3210318558006,5.29187313542287,"HARV_40W.CSV",5.58680087762875,4.07410994063799,0.173568063476315,99.8264319365237,24.011,4.525,0.800397152270596
