"","plot","mean.height","transect.length","mode.el","height.2","max.el","mode.2","max.can.ht","mean.max.ht","mean.vai","max.vai","deep.gaps","porosity","std.std","mean.std","rugosity","top.rugosity","plot","mean.return.ht","sd.return.ht","sky.fraction","cover.fraction","max.ht","rumple","clumping.index"
"1","HARV_51C.CSV",6.36026776987531,40,4.475,3.07790175611437,13,2.93246909617135,21.379,15.08295,7.79197370525367,8.11469534050179,0,0.685227272727273,293.356800863898,11.2088407285843,12.9506250963083,5.99936625691542,"HARV_51C.CSV",5.74059006622517,4.41748473401158,0.273610717992268,99.7263892820077,21.379,5.325,0.873974822638949
