"","plot","mean.height","transect.length","mode.el","height.2","max.el","mode.2","max.can.ht","mean.max.ht","mean.vai","max.vai","deep.gaps","porosity","std.std","mean.std","rugosity","top.rugosity","plot","mean.return.ht","sd.return.ht","sky.fraction","cover.fraction","max.ht","rumple","clumping.index"
"1","HARV_44C.CSV",7.17322349254905,40,6.225,3.01471268317132,13,3.21315654769574,19.529,12.58815,7.86399766681024,8.04733727810651,0,0.651190476190476,30.2786352396669,4.43061615623675,3.26316958121406,4.13752830682082,"HARV_44C.CSV",6.6414161537813,3.62973559568632,0.18513843305562,99.8148615669444,19.529,4.375,0.892594381722698
