"","plot","mean.height","transect.length","mode.el","height.2","max.el","mode.2","max.can.ht","mean.max.ht","mean.vai","max.vai","deep.gaps","porosity","std.std","mean.std","rugosity","top.rugosity","plot","mean.return.ht","sd.return.ht","sky.fraction","cover.fraction","max.ht","rumple","clumping.index"
"1","HARV_50C.CSV",5.62034666511633,40,4.375,2.27198011403413,13,2.44629822384762,23.388,11.770025,7.86377848226906,8.7030303030303,0,0.7375,164.775974187595,7.52349363156155,10.4006258351817,6.27717587359769,"HARV_50C.CSV",5.10269772670497,3.51722613275713,0.389847378898478,99.6101526211015,23.388,5.85,0.808574369167094
