"","plot","mean.height","transect.length","mode.el","height.2","max.el","mode.2","max.can.ht","mean.max.ht","mean.vai","max.vai","deep.gaps","porosity","std.std","mean.std","rugosity","top.rugosity","plot","mean.return.ht","sd.return.ht","sky.fraction","cover.fraction","max.ht","rumple","clumping.index"
"1","HARV_33E.CSV",8.27555913776614,40,7.075,4.06189743163016,24,5.5108415872714,25.394,15.98785,7.94077831485786,8.8298755186722,0,0.695192307692308,444.032218779791,13.984466671901,15.7628332060668,7.20913085038333,"HARV_33E.CSV",7.61118629224179,5.49749920029096,0.0856001521780447,99.914399847822,25.394,6.025,0.917615406171315
