"","plot","mean.height","transect.length","mode.el","height.2","max.el","mode.2","max.can.ht","mean.max.ht","mean.vai","max.vai","deep.gaps","porosity","std.std","mean.std","rugosity","top.rugosity","plot","mean.return.ht","sd.return.ht","sky.fraction","cover.fraction","max.ht","rumple","clumping.index"
"1","HARV_44E.CSV",8.09118414805118,40,6.525,4.67253209918886,21,5.24398464910034,22.897,15.206475,7.51605370037072,8.45901639344262,0,0.683333333333333,466.524084824017,14.7892033729492,15.7417771683367,6.11546199687778,"HARV_44E.CSV",7.55821872870632,5.904832532091,1.06895223420647,98.9310477657935,22.897,5.35,0.899324923793838
