"","plot","mean.height","transect.length","mode.el","height.2","max.el","mode.2","max.can.ht","mean.max.ht","mean.vai","max.vai","deep.gaps","porosity","std.std","mean.std","rugosity","top.rugosity","plot","mean.return.ht","sd.return.ht","sky.fraction","cover.fraction","max.ht","rumple","clumping.index"
"1","HARV_51E.CSV",7.20646622408058,40,6.1,4.04856391957752,15,4.1821047332653,21.673,13.123975,7.31887114385674,8.03174603174603,0,0.689130434782609,53.1961273899955,4.88352226794636,5.41731830784085,6.0619917962515,"HARV_51E.CSV",6.45950821995465,4.39585967815767,1.52586527726088,98.4741347227391,21.673,4.975,0.908518838480916
