"","plot","mean.height","transect.length","mode.el","height.2","max.el","mode.2","max.can.ht","mean.max.ht","mean.vai","max.vai","deep.gaps","porosity","std.std","mean.std","rugosity","top.rugosity","plot","mean.return.ht","sd.return.ht","sky.fraction","cover.fraction","max.ht","rumple","clumping.index"
"1","HARV_33W.CSV",9.8351378152292,40,8.05,3.86561824653262,21,4.62033548565469,26.184,19.6368,7.46099143829923,8.05095541401274,0,0.686111111111111,354.274640241201,13.1963550242821,13.4212836313933,5.6935269912419,"HARV_33W.CSV",9.25940251419303,5.24716086536297,1.3678905687545,98.6321094312455,26.184,5.075,0.920697745926268
