"","plot","mean.height","transect.length","mode.el","height.2","max.el","mode.2","max.can.ht","mean.max.ht","mean.vai","max.vai","deep.gaps","porosity","std.std","mean.std","rugosity","top.rugosity","plot","mean.return.ht","sd.return.ht","sky.fraction","cover.fraction","max.ht","rumple","clumping.index"
"1","HARV_48W.CSV",7.35012840011211,40,6.725,3.20062712296812,17,3.95592909441006,20.396,11.910075,7.76261039428424,8.58278145695364,0,0.694047619047619,77.9585108309285,5.97692834039825,6.49883362186421,4.78134657777439,"HARV_48W.CSV",6.88960511015912,3.97178072595606,0.547778454047476,99.4522215459525,20.396,4.525,0.886376747446171
