"","plot","mean.height","transect.length","mode.el","height.2","max.el","mode.2","max.can.ht","mean.max.ht","mean.vai","max.vai","deep.gaps","porosity","std.std","mean.std","rugosity","top.rugosity","plot","mean.return.ht","sd.return.ht","sky.fraction","cover.fraction","max.ht","rumple","clumping.index"
"1","HARV_45E.CSV",9.14881699236679,40,7.475,4.50577848817456,21,5.07438419909254,23.31,16.443125,7.0693524101961,8.26740947075209,0,0.666666666666667,216.32914936389,9.80454470470786,10.9635784530998,4.92281870053462,"HARV_45E.CSV",8.6307188731572,5.39427278993888,3.13184870979144,96.8681512902086,23.31,5.15,0.924756091804584
