"","plot","mean.height","transect.length","mode.el","height.2","max.el","mode.2","max.can.ht","mean.max.ht","mean.vai","max.vai","deep.gaps","porosity","std.std","mean.std","rugosity","top.rugosity","plot","mean.return.ht","sd.return.ht","sky.fraction","cover.fraction","max.ht","rumple","clumping.index"
"1","HARV_42W.CSV",4.81706535921653,40,3.6,1.69402439642825,9,1.94679223339318,22.959,11.996275,7.23469582087839,8.16064257028112,0,0.690625,85.7705749863546,5.84406983253292,7.18452662176384,6.4464319050969,"HARV_42W.CSV",4.34127344601963,2.96781535660995,2.49867091972356,97.5013290802764,22.959,5.6,0.751937276220666
