"","plot","mean.height","transect.length","mode.el","height.2","max.el","mode.2","max.can.ht","mean.max.ht","mean.vai","max.vai","deep.gaps","porosity","std.std","mean.std","rugosity","top.rugosity","plot","mean.return.ht","sd.return.ht","sky.fraction","cover.fraction","max.ht","rumple","clumping.index"
"1","HARV_36W.CSV",9.99830603545272,40,8.2,4.42946788566212,19,4.99099188538711,25.474,17.000325,7.35849158380073,8.02240896358543,0,0.705769230769231,396.66057644545,12.9712231793085,15.1131712647618,5.80195606002285,"HARV_36W.CSV",9.25576414757725,5.40730249739004,2.18483875471172,97.8151612452883,25.474,5.25,0.946126223933329
