"","plot","mean.height","transect.length","mode.el","height.2","max.el","mode.2","max.can.ht","mean.max.ht","mean.vai","max.vai","deep.gaps","porosity","std.std","mean.std","rugosity","top.rugosity","plot","mean.return.ht","sd.return.ht","sky.fraction","cover.fraction","max.ht","rumple","clumping.index"
"1","MLBS_71C.CSV",9.49856130852427,40,8.125,3.71225787540742,15,4.45638586749397,20.076,14.3932,6.87231060550225,8.88409703504043,0,0.629761904761905,113.651956279233,7.08549622550314,7.96540642513703,3.26246436821096,"MLBS_71C.CSV",8.97325144207381,4.51583817693323,3.13699091215079,96.8630090878492,20.076,2.875,0.910295332253269
