"","plot","mean.height","transect.length","mode.el","height.2","max.el","mode.2","max.can.ht","mean.max.ht","mean.vai","max.vai","deep.gaps","porosity","std.std","mean.std","rugosity","top.rugosity","plot","mean.return.ht","sd.return.ht","sky.fraction","cover.fraction","max.ht","rumple","clumping.index"
"1","MLBS_74E.CSV",9.86964251625663,40,8.5,3.77408250753179,18,5.22015325445528,21.85,16.380575,6.76405699802603,8.02168021680217,0,0.660869565217391,319.345585192892,13.6348065256311,11.5515209475419,3.4788038976541,"MLBS_74E.CSV",9.1576676853671,5.32736211697734,3.47661188369153,96.5233881163085,21.85,3.1,0.877289356017242
