"","plot","mean.height","transect.length","mode.el","height.2","max.el","mode.2","max.can.ht","mean.max.ht","mean.vai","max.vai","deep.gaps","porosity","std.std","mean.std","rugosity","top.rugosity","plot","mean.return.ht","sd.return.ht","sky.fraction","cover.fraction","max.ht","rumple","clumping.index"
"1","MLBS_74C.CSV",9.41034446506755,50,8.64,3.1630371089541,16,4.00879034123761,16.974,13.2752,6.93224411630167,8.0233918128655,0,0.695555555555556,71.1379413920822,6.24851618937319,5.66515549859167,3.17504277329376,"MLBS_74C.CSV",8.46189678101859,4.43749857223119,4.45455201790485,95.5454479820952,16.974,2.4,0.95225293239125
