"","plot","mean.height","transect.length","mode.el","height.2","max.el","mode.2","max.can.ht","mean.max.ht","mean.vai","max.vai","deep.gaps","porosity","std.std","mean.std","rugosity","top.rugosity","plot","mean.return.ht","sd.return.ht","sky.fraction","cover.fraction","max.ht","rumple","clumping.index"
"1","MLBS_72C.CSV",9.87757401686982,40,9.125,5.24986832771556,18,5.39067481861038,19.678,13.5386,4.36102224584748,8.02461538461539,6,0.679761904761905,57.4602125595524,5.44579770186258,5.27290242181103,6.36948038697035,"MLBS_72C.CSV",10.5313941985063,4.40566765971464,27.7130115014475,72.2869884985525,19.678,2.575,0.913629141030958
