"","plot","mean.height","transect.length","mode.el","height.2","max.el","mode.2","max.can.ht","mean.max.ht","mean.vai","max.vai","deep.gaps","porosity","std.std","mean.std","rugosity","top.rugosity","plot","mean.return.ht","sd.return.ht","sky.fraction","cover.fraction","max.ht","rumple","clumping.index"
"1","MLBS_69E.CSV",8.46410982134877,40,7.775,4.02364172070657,19,4.74598514536234,19.093,14.634825,7.25414903914762,8.19148936170213,0,0.65125,147.59837944966,8.50500414641953,8.67544142502538,4.73076999688862,"MLBS_69E.CSV",7.92107828614937,4.851358798357,3.06629092860977,96.9337090713902,19.093,3.6,0.948428344210005
