"","plot","mean.height","transect.length","mode.el","height.2","max.el","mode.2","max.can.ht","mean.max.ht","mean.vai","max.vai","deep.gaps","porosity","std.std","mean.std","rugosity","top.rugosity","plot","mean.return.ht","sd.return.ht","sky.fraction","cover.fraction","max.ht","rumple","clumping.index"
"1","MLBS_75E.CSV",10.2206979682744,40,8.875,2.91015620353068,18,4.22011551974588,19.709,15.89105,7.33681856762318,8.83623693379791,0,0.626190476190476,289.926908834669,11.9736826565991,12.1061072386514,3.39115243969226,"MLBS_75E.CSV",9.61288562271062,4.47522652661566,1.63048374020358,98.3695162597964,19.709,2.825,0.899699384917506
