"","plot","mean.height","transect.length","mode.el","height.2","max.el","mode.2","max.can.ht","mean.max.ht","mean.vai","max.vai","deep.gaps","porosity","std.std","mean.std","rugosity","top.rugosity","plot","mean.return.ht","sd.return.ht","sky.fraction","cover.fraction","max.ht","rumple","clumping.index"
"1","MLBS_60W.CSV",8.6816111015366,40,7.55,3.35719577690446,16,4.29505529650085,16.947,12.6738,6.96562420076071,8.13422818791946,0,0.654166666666667,50.3013445143917,5.43152021700183,4.56069431629572,2.69143680244186,"MLBS_60W.CSV",7.5387560149102,3.64504759394931,3.38844328040596,96.611556719594,16.947,2.825,0.889904314579752
