"","plot","mean.height","transect.length","mode.el","height.2","max.el","mode.2","max.can.ht","mean.max.ht","mean.vai","max.vai","deep.gaps","porosity","std.std","mean.std","rugosity","top.rugosity","plot","mean.return.ht","sd.return.ht","sky.fraction","cover.fraction","max.ht","rumple","clumping.index"
"1","MLBS_62C.CSV",5.59663317654402,40,4.475,2.53480518929753,12,2.65506591255283,19.26,9.610825,8.01003939053203,8.93732970027248,0,0.67125,39.5345005566123,3.55252399885151,5.18787758087991,4.73755534106098,"MLBS_62C.CSV",5.11448694457169,3.16490770347175,0.0152671755725198,99.9847328244275,19.26,3.15,0.799256431267546
