"","plot","mean.height","transect.length","mode.el","height.2","max.el","mode.2","max.can.ht","mean.max.ht","mean.vai","max.vai","deep.gaps","porosity","std.std","mean.std","rugosity","top.rugosity","plot","mean.return.ht","sd.return.ht","sky.fraction","cover.fraction","max.ht","rumple","clumping.index"
"1","MLBS_76W.CSV",7.78239397102342,40,7.15,3.85788620338431,16,4.29272640637625,18.239,12.33395,7.26110192376865,8.13793103448276,0,0.689473684210526,23.4898321363908,3.46065266022011,3.3931865998943,4.04127621344215,"MLBS_76W.CSV",7.24872070281444,4.18285735025863,3.82321455880104,96.176785441199,18.239,3.475,0.938958071363438
