"","plot","mean.height","transect.length","mode.el","height.2","max.el","mode.2","max.can.ht","mean.max.ht","mean.vai","max.vai","deep.gaps","porosity","std.std","mean.std","rugosity","top.rugosity","plot","mean.return.ht","sd.return.ht","sky.fraction","cover.fraction","max.ht","rumple","clumping.index"
"1","MLBS_62W.CSV",7.95227036431889,40,7.075,3.89836280526912,17,5.56051931028029,21.65,15.940125,6.85785999054409,8.87774294670846,0,0.675,551.37317803773,18.1857005190051,14.8544092669749,4.47019918782666,"MLBS_62W.CSV",7.47220754429995,5.69076911469076,3.42269555637165,96.5773044436283,21.65,4.175,0.857763203515331
