"","plot","mean.height","transect.length","mode.el","height.2","max.el","mode.2","max.can.ht","mean.max.ht","mean.vai","max.vai","deep.gaps","porosity","std.std","mean.std","rugosity","top.rugosity","plot","mean.return.ht","sd.return.ht","sky.fraction","cover.fraction","max.ht","rumple","clumping.index"
"1","MLBS_72W.CSV",10.4993976222925,40,9.725,4.13357850353828,20,4.90401621122932,21.369,15.63735,6.47924213702401,8.15141955835962,0,0.703409090909091,121.247294987247,7.29861053609957,8.24485168026587,5.68244664509566,"MLBS_72W.CSV",9.15521187446989,4.66089960363553,8.04149442321192,91.9585055767881,21.369,4.275,0.92286038296162
