"","plot","mean.height","transect.length","mode.el","height.2","max.el","mode.2","max.can.ht","mean.max.ht","mean.vai","max.vai","deep.gaps","porosity","std.std","mean.std","rugosity","top.rugosity","plot","mean.return.ht","sd.return.ht","sky.fraction","cover.fraction","max.ht","rumple","clumping.index"
"1","MLBS_75W.CSV",6.50422271581265,40,4.675,3.30272853358069,18,4.08281459290034,21.253,16.6955,7.53330765112003,8.02640264026403,0,0.685227272727273,578.914584360628,16.0760494482041,17.9018216531034,4.03678897525858,"MLBS_75W.CSV",5.96622126306224,5.13589970444675,1.24878486502654,98.7512151349735,21.253,3.875,0.776756515780728
