"","plot","mean.height","transect.length","mode.el","height.2","max.el","mode.2","max.can.ht","mean.max.ht","mean.vai","max.vai","deep.gaps","porosity","std.std","mean.std","rugosity","top.rugosity","plot","mean.return.ht","sd.return.ht","sky.fraction","cover.fraction","max.ht","rumple","clumping.index"
"1","MLBS_69W.CSV",7.45462049213934,40,5.6,3.18781538113843,12,3.51994318135961,19.581,14.184475,7.40350442297759,8.05206073752711,0,0.651190476190476,168.221812246727,8.20334386070589,10.0462411751732,4.32138026968889,"MLBS_69W.CSV",6.81958573270305,4.23139712396917,1.18895966029724,98.8110403397028,19.581,3.275,0.923046435891963
