"","plot","mean.height","transect.length","mode.el","height.2","max.el","mode.2","max.can.ht","mean.max.ht","mean.vai","max.vai","deep.gaps","porosity","std.std","mean.std","rugosity","top.rugosity","plot","mean.return.ht","sd.return.ht","sky.fraction","cover.fraction","max.ht","rumple","clumping.index"
"1","MLBS_74W.CSV",8.74263856692409,40,7.95,3.069475615293,17,4.20089276225899,18.648,14.80795,7.34336990067503,8.25225225225225,0,0.61125,156.384461190189,9.52706666041376,8.1005840553766,3.05009933381748,"MLBS_74W.CSV",7.91254446156939,4.20010273869953,1.30943720653396,98.690562793466,18.648,3.075,0.902897491170143
