"","plot","mean.height","transect.length","mode.el","height.2","max.el","mode.2","max.can.ht","mean.max.ht","mean.vai","max.vai","deep.gaps","porosity","std.std","mean.std","rugosity","top.rugosity","plot","mean.return.ht","sd.return.ht","sky.fraction","cover.fraction","max.ht","rumple","clumping.index"
"1","MLBS_76C.CSV",9.25190238393831,40,8.075,4.05534454570537,17,4.88562943744202,20.382,13.5263,6.42055350545107,8.02453987730061,0,0.667857142857143,98.1415897819806,6.57789305816708,7.40762530756638,4.71269347667851,"MLBS_76C.CSV",8.20907566133312,4.36762304740869,6.6571600120084,93.3428399879916,20.382,3.95,0.918649814381812
