"","plot","mean.height","transect.length","mode.el","height.2","max.el","mode.2","max.can.ht","mean.max.ht","mean.vai","max.vai","deep.gaps","porosity","std.std","mean.std","rugosity","top.rugosity","plot","mean.return.ht","sd.return.ht","sky.fraction","cover.fraction","max.ht","rumple","clumping.index"
"1","MLBS_65W.CSV",16.2222370830675,40,16.325,4.1770802271372,23,4.6335056922378,23.769,19.962975,4.05606585995251,8.98969072164948,0,0.739,196.782707730304,8.7419347496101,10.9709290656655,2.87782531398633,"MLBS_65W.CSV",14.8792711080664,5.27382302007176,18.8182134167536,81.1817865832464,23.769,2.475,0.861818549194933
