"","plot","mean.height","transect.length","mode.el","height.2","max.el","mode.2","max.can.ht","mean.max.ht","mean.vai","max.vai","deep.gaps","porosity","std.std","mean.std","rugosity","top.rugosity","plot","mean.return.ht","sd.return.ht","sky.fraction","cover.fraction","max.ht","rumple","clumping.index"
"1","MLBS_69C.CSV",6.96125923944634,40,6.35,4.13092717741552,20,5.38771751301049,20.277,13.0847,7.53195648200028,8.60335195530726,0,0.713095238095238,192.565486431344,8.7022132557854,10.8091151757291,5.06657926476571,"MLBS_69C.CSV",5.73091596467391,4.20539965913181,1.15498254096159,98.8450174590384,20.277,3.925,0.859382316965714
