"","plot","mean.height","transect.length","mode.el","height.2","max.el","mode.2","max.can.ht","mean.max.ht","mean.vai","max.vai","deep.gaps","porosity","std.std","mean.std","rugosity","top.rugosity","plot","mean.return.ht","sd.return.ht","sky.fraction","cover.fraction","max.ht","rumple","clumping.index"
"1","MLBS_75C.CSV",9.39142158608237,40,8.225,4.26844831923586,16,5.14532554849545,20.067,15.765025,7.33142293164995,8.04776119402985,0,0.667857142857143,249.300076882538,10.3062600721245,11.9616503965076,4.47600124588959,"MLBS_75C.CSV",8.45569330471394,5.12382533907229,1.85545292497165,98.1445470750284,20.067,3.75,0.925231791603614
