"","plot","mean.height","transect.length","mode.el","height.2","max.el","mode.2","max.can.ht","mean.max.ht","mean.vai","max.vai","deep.gaps","porosity","std.std","mean.std","rugosity","top.rugosity","plot","mean.return.ht","sd.return.ht","sky.fraction","cover.fraction","max.ht","rumple","clumping.index"
"1","OSBS_35W.CSV",5.2990498484345,40,5.3,6.61773626000521,18,6.53146231712317,17.52,5.370775,0.684956016313771,11.064406779661,23,0.923684210526316,1.74839978123352,0.517341398219328,1.21686386211523,6.67959881141153,"OSBS_35W.CSV",10.1738484459286,3.14126014428702,84.1709360006506,15.8290639993494,17.52,4.9,0.967223144834152
