"","plot","mean.height","transect.length","mode.el","height.2","max.el","mode.2","max.can.ht","mean.max.ht","mean.vai","max.vai","deep.gaps","porosity","std.std","mean.std","rugosity","top.rugosity","plot","mean.return.ht","sd.return.ht","sky.fraction","cover.fraction","max.ht","rumple","clumping.index"
"1","OSBS_34_C.CSV",6.27442059759886,40,5.275,5.24290795595464,15,4.72222140522869,20.863,8.081775,4.03557754892272,8.38260869565217,13,0.848863636363636,24.256294329912,2.29393178290049,4.35823029512105,6.47539191760147,"OSBS_34_C.CSV",8.58773725362437,3.81226240193971,40.8858931150698,59.1141068849302,20.863,3.35,0.954340806827036
