"","plot","mean.height","transect.length","mode.el","height.2","max.el","mode.2","max.can.ht","mean.max.ht","mean.vai","max.vai","deep.gaps","porosity","std.std","mean.std","rugosity","top.rugosity","plot","mean.return.ht","sd.return.ht","sky.fraction","cover.fraction","max.ht","rumple","clumping.index"
"1","OSBS_D4_B.CSV",6.08440228689553,40,5.65,4.43802049739129,12,4.28106295211832,14.433,7.6578,3.56165776167348,8.03571428571429,12,0.773333333333333,10.6711278501126,1.83099991212922,2.70528504448152,5.3316005351739,"OSBS_D4_B.CSV",8.07759796526925,2.8297910373084,41.4681724845996,58.5318275154004,14.433,2.675,0.934102201361758
