"","plot","mean.height","transect.length","mode.el","height.2","max.el","mode.2","max.can.ht","mean.max.ht","mean.vai","max.vai","deep.gaps","porosity","std.std","mean.std","rugosity","top.rugosity","plot","mean.return.ht","sd.return.ht","sky.fraction","cover.fraction","max.ht","rumple","clumping.index"
"1","OSBS_D8_C.CSV",8.27675917694529,40,8.1,6.67826032248569,16,6.47996913572897,18.003,9.057575,2.97284453856747,8.10909090909091,15,0.864473684210526,6.76650476933311,0.964531049224701,2.41581965891799,7.38301622709956,"OSBS_D8_C.CSV",12.9565827076223,2.32684447168743,54.7606793618116,45.2393206381884,18.003,3,0.917546927201408
