"","plot","mean.height","transect.length","mode.el","height.2","max.el","mode.2","max.can.ht","mean.max.ht","mean.vai","max.vai","deep.gaps","porosity","std.std","mean.std","rugosity","top.rugosity","plot","mean.return.ht","sd.return.ht","sky.fraction","cover.fraction","max.ht","rumple","clumping.index"
"1","OSBS_38_C.CSV",7.13471530436442,40,6.675,4.11699273465271,12,3.9012017379264,12.801,8.03865,3.47780054196584,8.03478260869565,9,0.783928571428571,1.03780271832106,0.69984051006613,0.740287767554912,4.59222997363691,"OSBS_38_C.CSV",8.50309362084456,1.74241573497777,42.0372877825227,57.9627122174773,12.801,3.5,0.834867954502075
