"","plot","mean.height","transect.length","mode.el","height.2","max.el","mode.2","max.can.ht","mean.max.ht","mean.vai","max.vai","deep.gaps","porosity","std.std","mean.std","rugosity","top.rugosity","plot","mean.return.ht","sd.return.ht","sky.fraction","cover.fraction","max.ht","rumple","clumping.index"
"1","OSBS_34_W.CSV",6.596803870551,40,6.35,5.73852885447424,17,5.61048126277951,17.884,7.418275,2.3648929321252,8.04494382022472,15,0.853947368421053,7.54413210200388,1.37336941478365,2.37865267589463,6.55536102386475,"OSBS_34_W.CSV",10.0338147531891,3.31399051566761,58.9994314951677,41.0005685048323,17.884,4.075,0.961286453192392
