"","plot","mean.height","transect.length","mode.el","height.2","max.el","mode.2","max.can.ht","mean.max.ht","mean.vai","max.vai","deep.gaps","porosity","std.std","mean.std","rugosity","top.rugosity","plot","mean.return.ht","sd.return.ht","sky.fraction","cover.fraction","max.ht","rumple","clumping.index"
"1","OSBS_D4_C.CSV",7.99150832686488,40,7.725,6.79012883984216,17,6.55357726741663,17.761,8.4943,2.12245534716221,8.03603603603604,15,0.886842105263158,5.27961371659363,0.940253803005286,2.09655348191448,7.32346927105607,"OSBS_D4_C.CSV",12.7243949986556,3.13915955861862,60.4066858298733,39.5933141701267,17.761,3.15,0.951746715881202
