"","plot","mean.height","transect.length","mode.el","height.2","max.el","mode.2","max.can.ht","mean.max.ht","mean.vai","max.vai","deep.gaps","porosity","std.std","mean.std","rugosity","top.rugosity","plot","mean.return.ht","sd.return.ht","sky.fraction","cover.fraction","max.ht","rumple","clumping.index"
"1","OSBS_34_E.CSV",12.0505562589771,40,11.425,5.14658901718884,21,5.25779183688362,21.646,14.727325,5.80159549922007,8.0531561461794,2,0.81304347826087,12.9675535659415,2.18805036149545,2.86006803791469,5.31547867631254,"OSBS_34_E.CSV",11.9343765532145,4.46803465478112,18.59442343214,81.40557656786,21.646,4.075,0.944735715583673
