"","plot","mean.height","transect.length","mode.el","height.2","max.el","mode.2","max.can.ht","mean.max.ht","mean.vai","max.vai","deep.gaps","porosity","std.std","mean.std","rugosity","top.rugosity","plot","mean.return.ht","sd.return.ht","sky.fraction","cover.fraction","max.ht","rumple","clumping.index"
"1","OSBS_D1_D.CSV",7.77711988680452,40,7.2,4.82200675442427,13,4.59456200306406,16.565,9.704975,3.76636251036632,8.14883720930233,8,0.793055555555556,18.9831212106849,2.4497834702384,3.60301015258514,5.69835384456077,"OSBS_D1_D.CSV",9.20446434042553,3.39121553233271,35.5952641964481,64.4047358035519,16.565,3,0.923836705914173
