"","plot","mean.height","transect.length","mode.el","height.2","max.el","mode.2","max.can.ht","mean.max.ht","mean.vai","max.vai","deep.gaps","porosity","std.std","mean.std","rugosity","top.rugosity","plot","mean.return.ht","sd.return.ht","sky.fraction","cover.fraction","max.ht","rumple","clumping.index"
"1","OSBS_44_E.CSV",6.32538050291109,40,5.7,3.61689640540356,12,3.47994252826106,13.778,7.7503,3.80985084361191,8.289592760181,6,0.773333333333333,3.24966677013373,1.12453787160808,1.40892914848579,4.25932477012917,"OSBS_44_E.CSV",6.50098929440389,2.5124937246942,38.3438343834383,61.6561656165617,13.778,2.95,0.920132098039651
