"","plot","mean.height","transect.length","mode.el","height.2","max.el","mode.2","max.can.ht","mean.max.ht","mean.vai","max.vai","deep.gaps","porosity","std.std","mean.std","rugosity","top.rugosity","plot","mean.return.ht","sd.return.ht","sky.fraction","cover.fraction","max.ht","rumple","clumping.index"
"1","OSBS_40_W.CSV",8.45411574588787,40,8.025,4.80051916922339,15,4.70365549333707,16.266,9.331125,3.44328784498793,8.06451612903226,8,0.813235294117647,5.06912166293124,1.06290507587474,1.9847807089477,5.38174536166665,"OSBS_40_W.CSV",10.0467056338028,2.60579670058216,41.0971689308307,58.9028310691693,16.266,3.875,0.91214171146958
