"","plot","mean.height","transect.length","mode.el","height.2","max.el","mode.2","max.can.ht","mean.max.ht","mean.vai","max.vai","deep.gaps","porosity","std.std","mean.std","rugosity","top.rugosity","plot","mean.return.ht","sd.return.ht","sky.fraction","cover.fraction","max.ht","rumple","clumping.index"
"1","OSBS_D5_A.CSV",7.76520421282576,40,7.275,6.8260746332362,17,6.34423951313315,20.558,8.7396,2.65655360547086,8.55474452554745,16,0.897727272727273,3.63050559594561,0.893306300824366,1.68300607510879,7.88547112814577,"OSBS_D5_A.CSV",12.4963695042095,3.00663890259027,57.2827172827173,42.7172827172827,20.558,4.35,0.948064411868142
