"","plot","mean.height","transect.length","mode.el","height.2","max.el","mode.2","max.can.ht","mean.max.ht","mean.vai","max.vai","deep.gaps","porosity","std.std","mean.std","rugosity","top.rugosity","plot","mean.return.ht","sd.return.ht","sky.fraction","cover.fraction","max.ht","rumple","clumping.index"
"1","OSBS_44_W.CSV",10.9285828571646,40,10.275,6.07611093653645,18,5.77056106457596,20.273,12.647275,4.95804975723804,11.1505791505791,7,0.830952380952381,3.65923795110589,1.17143670579497,1.51227444447829,6.75753563405424,"OSBS_44_W.CSV",12.5870354282612,3.78190278417972,28.133840600917,71.866159399083,20.273,3.175,0.941155240324623
