"","plot","mean.height","transect.length","mode.el","height.2","max.el","mode.2","max.can.ht","mean.max.ht","mean.vai","max.vai","deep.gaps","porosity","std.std","mean.std","rugosity","top.rugosity","plot","mean.return.ht","sd.return.ht","sky.fraction","cover.fraction","max.ht","rumple","clumping.index"
"1","OSBS_D8_A.CSV",3.97840998946183,40,3.775,4.54233068079841,12,4.33870660450785,11.69,4.341475,1.70963603155076,8.13559322033898,21,0.876923076923077,3.95176501460585,0.740529130829431,1.84482563430771,4.8084290946559,"OSBS_D8_A.CSV",7.15484831460674,2.6968309374613,68.4034666388222,31.5965333611778,11.69,3.7,0.97068097508561
