"","plot","mean.height","transect.length","mode.el","height.2","max.el","mode.2","max.can.ht","mean.max.ht","mean.vai","max.vai","deep.gaps","porosity","std.std","mean.std","rugosity","top.rugosity","plot","mean.return.ht","sd.return.ht","sky.fraction","cover.fraction","max.ht","rumple","clumping.index"
"1","OSBS_37C.CSV",7.31999023750538,30,7.26666666666667,7.19341523089138,17,7.10836752629525,17.942,7.87753333333333,1.77296698185584,8.34972677595628,14,0.866666666666667,9.23228840460735,1.30222697276812,2.74526743979572,7.70103692853843,"OSBS_37C.CSV",11.5590258749069,2.90524980054008,69.8253103409538,30.1746896590462,17.942,4.03333333333333,0.935099797508703
