"","plot","mean.height","transect.length","mode.el","height.2","max.el","mode.2","max.can.ht","mean.max.ht","mean.vai","max.vai","deep.gaps","porosity","std.std","mean.std","rugosity","top.rugosity","plot","mean.return.ht","sd.return.ht","sky.fraction","cover.fraction","max.ht","rumple","clumping.index"
"1","OSBS_31_E.CSV",2.89795077226876,40,2.525,4.18164550891975,11,3.75491344773751,13.023,3.53405,1.60333052400222,8.90434782608696,26,0.876785714285714,6.00482479426761,0.934743623496259,2.26518854681033,5.0006976690181,"OSBS_31_E.CSV",7.36222768222768,2.7527085304754,71.9922009404748,28.0077990595252,13.023,1.85,0.977637343571293
