"","plot","mean.height","transect.length","mode.el","height.2","max.el","mode.2","max.can.ht","mean.max.ht","mean.vai","max.vai","deep.gaps","porosity","std.std","mean.std","rugosity","top.rugosity","plot","mean.return.ht","sd.return.ht","sky.fraction","cover.fraction","max.ht","rumple","clumping.index"
"1","OSBS_28C.CSV",3.50898490041708,40,3.375,4.04284237949728,10,3.85154189903213,10.124,3.5385,0.924167804518257,9.47280334728034,22,0.904545454545455,0.231569408386927,0.183729139678435,0.444761747028619,4.06360500553703,"OSBS_28C.CSV",6.59133233756535,1.62443541014269,82.9636540989864,17.0363459010136,10.124,3,0.954588448863514
