"","plot","mean.height","transect.length","mode.el","height.2","max.el","mode.2","max.can.ht","mean.max.ht","mean.vai","max.vai","deep.gaps","porosity","std.std","mean.std","rugosity","top.rugosity","plot","mean.return.ht","sd.return.ht","sky.fraction","cover.fraction","max.ht","rumple","clumping.index"
"1","OSBS_39_C.CSV",3.75002720183424,40,3.575,4.51100802026783,11,4.29469149066612,13.285,4.28865,1.77733745205773,15.4642857142857,23,0.905357142857143,1.08078881355498,0.403969760974881,0.957912963568651,5.18609235112131,"OSBS_39_C.CSV",8.14206980742778,1.78938121772753,71.0445086129643,28.9554913870357,13.285,2.725,0.927230899859699
