"","plot","mean.height","transect.length","mode.el","height.2","max.el","mode.2","max.can.ht","mean.max.ht","mean.vai","max.vai","deep.gaps","porosity","std.std","mean.std","rugosity","top.rugosity","plot","mean.return.ht","sd.return.ht","sky.fraction","cover.fraction","max.ht","rumple","clumping.index"
"1","OSBS_38_E.CSV",5.27923215077715,40,5.025,4.42047798204646,12,4.22780971662633,13.87,5.786025,1.72660546092154,8.97478991596639,15,0.856666666666667,1.20082370244807,0.592295866851778,0.921959493990039,4.92957885800681,"OSBS_38_E.CSV",7.50673721629751,2.27693296849414,63.54301664839,36.45698335161,13.87,3.15,0.938272711569838
