"","plot","mean.height","transect.length","mode.el","height.2","max.el","mode.2","max.can.ht","mean.max.ht","mean.vai","max.vai","deep.gaps","porosity","std.std","mean.std","rugosity","top.rugosity","plot","mean.return.ht","sd.return.ht","sky.fraction","cover.fraction","max.ht","rumple","clumping.index"
"1","OSBS_25_W.CSV",3.04513299318295,40,2.875,4.08185453664457,10,3.80911735182837,10.78,3.1924,0.628589675816579,8.3921568627451,25,0.90625,0.463282235285056,0.261519885598515,0.628402406680302,4.31587499403105,"OSBS_25_W.CSV",7.45626742301459,1.58337651516232,86.5504087193461,13.4495912806539,10.78,2.5,0.958540357273274
