"","plot","mean.height","transect.length","mode.el","height.2","max.el","mode.2","max.can.ht","mean.max.ht","mean.vai","max.vai","deep.gaps","porosity","std.std","mean.std","rugosity","top.rugosity","plot","mean.return.ht","sd.return.ht","sky.fraction","cover.fraction","max.ht","rumple","clumping.index"
"1","OSBS_41W.CSV",1.60355605143725,40,1.55,3.32114276199371,11,3.20117166050182,10.789,1.5843,0.169236476371725,1.93710795808741,32,0.954166666666667,0.0587286266278909,0.0656205119036898,0.233286465628396,3.29059435205003,"OSBS_41W.CSV",7.12420229885057,1.39643671830049,93.6981637753069,6.30183622469306,10.789,2.7,0.978112959780598
