"","plot","mean.height","transect.length","mode.el","height.2","max.el","mode.2","max.can.ht","mean.max.ht","mean.vai","max.vai","deep.gaps","porosity","std.std","mean.std","rugosity","top.rugosity","plot","mean.return.ht","sd.return.ht","sky.fraction","cover.fraction","max.ht","rumple","clumping.index"
"1","OSBS_33_W.CSV",7.54251276942226,60,7.4,4.73281456283326,17,4.64112055434892,18.632,8.83633333333333,5.18515443551452,8.03319502074689,10,0.835,5.51935782468206,1.32606052111166,1.93930949542128,5.35013180786996,"OSBS_33_W.CSV",9.45996184397163,3.95925084098469,39.2869445401309,60.7130554598691,18.632,2.95,0.955754489345673
