"","plot","mean.height","transect.length","mode.el","height.2","max.el","mode.2","max.can.ht","mean.max.ht","mean.vai","max.vai","deep.gaps","porosity","std.std","mean.std","rugosity","top.rugosity","plot","mean.return.ht","sd.return.ht","sky.fraction","cover.fraction","max.ht","rumple","clumping.index"
"1","OSBS_38_W.CSV",5.09960821727092,40,4.775,4.84691019656571,15,4.59612608617301,15.759,5.856,2.26188178817869,8.10909090909091,17,0.866176470588235,0.888475452205392,0.542584771313655,0.770764048294873,5.55700880155078,"OSBS_38_W.CSV",8.53510719794344,2.95606228930325,57.4258509357557,42.5741490642443,15.759,2.875,0.925444212342201
