"","plot","mean.height","transect.length","mode.el","height.2","max.el","mode.2","max.can.ht","mean.max.ht","mean.vai","max.vai","deep.gaps","porosity","std.std","mean.std","rugosity","top.rugosity","plot","mean.return.ht","sd.return.ht","sky.fraction","cover.fraction","max.ht","rumple","clumping.index"
"1","OSBS_43_W.CSV",3.65310861172118,40,3.275,3.90159118286375,11,3.54250970358586,10.73,3.84645,1.87493420581325,9.84293193717278,20,0.883333333333333,0.883458531904997,0.381577315211375,0.85898619571043,4.11117780210402,"OSBS_43_W.CSV",6.47857231675393,2.00278329801173,68.2493506493506,31.7506493506494,10.73,2.85,0.957093287617086
