"","plot","mean.height","transect.length","mode.el","height.2","max.el","mode.2","max.can.ht","mean.max.ht","mean.vai","max.vai","deep.gaps","porosity","std.std","mean.std","rugosity","top.rugosity","plot","mean.return.ht","sd.return.ht","sky.fraction","cover.fraction","max.ht","rumple","clumping.index"
"1","OSBS_42_C.CSV",6.98192841171933,40,6.675,5.39958068165446,14,5.24589124934934,16.996,7.965225,2.18390788993603,10.1818181818182,14,0.843055555555556,4.29048805991907,1.1200778470628,1.74238734971252,6.23449612829441,"OSBS_42_C.CSV",10.4315266200915,2.39858635740508,58.9091269055632,41.0908730944368,16.996,3.1,0.916095742516997
