"","plot","mean.height","transect.length","mode.el","height.2","max.el","mode.2","max.can.ht","mean.max.ht","mean.vai","max.vai","deep.gaps","porosity","std.std","mean.std","rugosity","top.rugosity","plot","mean.return.ht","sd.return.ht","sky.fraction","cover.fraction","max.ht","rumple","clumping.index"
"1","OSBS_37W.CSV",4.58835005030384,40,4.375,6.17259751181182,16,5.84674054495323,16.327,4.996675,0.919415095955058,8.71080139372822,25,0.922058823529412,1.03320783658977,0.355987998159391,0.952092632970256,6.7571716560335,"OSBS_37W.CSV",11.5483690379951,2.06676050496106,82.7258762742634,17.2741237257366,16.327,4.05,0.954957180843741
