"","plot","mean.height","transect.length","mode.el","height.2","max.el","mode.2","max.can.ht","mean.max.ht","mean.vai","max.vai","deep.gaps","porosity","std.std","mean.std","rugosity","top.rugosity","plot","mean.return.ht","sd.return.ht","sky.fraction","cover.fraction","max.ht","rumple","clumping.index"
"1","OSBS_30_C.CSV",5.68968184673005,40,5.275,4.43884468487459,16,4.3759998857404,16.07,6.97975,2.57840604940586,8.30188679245283,12,0.842647058823529,7.34318034120674,1.36431273861451,2.34133105144508,5.26891071674456,"OSBS_30_C.CSV",7.52604962440246,2.8236317604417,52.1251089799477,47.8748910200523,16.07,3.6,0.929927906240943
