"","plot","mean.height","transect.length","mode.el","height.2","max.el","mode.2","max.can.ht","mean.max.ht","mean.vai","max.vai","deep.gaps","porosity","std.std","mean.std","rugosity","top.rugosity","plot","mean.return.ht","sd.return.ht","sky.fraction","cover.fraction","max.ht","rumple","clumping.index"
"1","OSBS_39_E.CSV",1.9357710763027,40,1.725,3.18459299296546,10,2.87217252267339,11.09,2.1521,1.25217410841535,8.26016260162602,27,0.929166666666667,0.151641550104363,0.143543777558046,0.361989963988961,3.57775794139004,"OSBS_39_E.CSV",5.69730659448819,2.45426532782334,78.6172787540777,21.3827212459223,11.09,2.2,0.982855950440915
