"","plot","mean.height","transect.length","mode.el","height.2","max.el","mode.2","max.can.ht","mean.max.ht","mean.vai","max.vai","deep.gaps","porosity","std.std","mean.std","rugosity","top.rugosity","plot","mean.return.ht","sd.return.ht","sky.fraction","cover.fraction","max.ht","rumple","clumping.index"
"1","OSBS_26_E.CSV",4.9716915946834,40,4.575,5.06141450893148,14,4.80045570753444,14.245,5.8127,2.35066546011664,8.03703703703704,19,0.856666666666667,7.46398206467576,1.20258207786862,2.45311606139313,5.86336692983188,"OSBS_26_E.CSV",8.65613969795038,2.70988901997413,62.8791670837922,37.1208329162078,14.245,3,0.955468193955713
