"","plot","mean.height","transect.length","mode.el","height.2","max.el","mode.2","max.can.ht","mean.max.ht","mean.vai","max.vai","deep.gaps","porosity","std.std","mean.std","rugosity","top.rugosity","plot","mean.return.ht","sd.return.ht","sky.fraction","cover.fraction","max.ht","rumple","clumping.index"
"1","OSBS_42_W.CSV",7.15691786207039,40,6.85,5.58085840034271,17,5.51611276171907,19.629,8.26845,1.90621945093861,8.22145328719723,13,0.861904761904762,8.19368639103721,1.33745552927294,2.53079021221721,6.73199867433751,"OSBS_42_W.CSV",10.6100933468252,3.19835694100956,60.2313883299799,39.7686116700201,19.629,2.975,0.944885552574667
