"","plot","mean.height","transect.length","mode.el","height.2","max.el","mode.2","max.can.ht","mean.max.ht","mean.vai","max.vai","deep.gaps","porosity","std.std","mean.std","rugosity","top.rugosity","plot","mean.return.ht","sd.return.ht","sky.fraction","cover.fraction","max.ht","rumple","clumping.index"
"1","OSBS_29_W.CSV",5.53705095423206,40,5.175,3.24924005420647,10,3.19286313518134,13.029,6.616,3.86250497621681,8.64406779661017,8,0.776785714285714,3.60121472740355,0.942439463835894,1.64712555210836,3.91225861711358,"OSBS_29_W.CSV",6.40377470035633,2.2468805644256,36.1728522692029,63.8271477307971,13.029,2.725,0.905529327937521
