"","plot","mean.height","transect.length","mode.el","height.2","max.el","mode.2","max.can.ht","mean.max.ht","mean.vai","max.vai","deep.gaps","porosity","std.std","mean.std","rugosity","top.rugosity","plot","mean.return.ht","sd.return.ht","sky.fraction","cover.fraction","max.ht","rumple","clumping.index"
"1","OSBS_29_C.CSV",5.5512776699585,40,5,3.33325509716218,10,3.13049516849971,11.138,6.081825,2.63963991213148,8.75213675213675,9,0.791666666666667,1.92146129646984,0.675968081343846,1.21017703228667,3.64374550806778,"OSBS_29_C.CSV",6.41404107360716,1.70744409624876,48.4216046145779,51.5783953854221,11.138,3,0.896260941451783
