"","plot","mean.height","transect.length","mode.el","height.2","max.el","mode.2","max.can.ht","mean.max.ht","mean.vai","max.vai","deep.gaps","porosity","std.std","mean.std","rugosity","top.rugosity","plot","mean.return.ht","sd.return.ht","sky.fraction","cover.fraction","max.ht","rumple","clumping.index"
"1","OSBS_D4_A.CSV",4.45201672445523,40,3.95,5.14331533244071,16,4.90382503766193,15.929,5.4015,2.07535302572845,8.57142857142857,19,0.873529411764706,6.42810684949382,1.23681598881245,2.21323136145133,5.75612852888342,"OSBS_D4_A.CSV",7.61707993920973,3.99389207578725,65.9772492244054,34.0227507755946,15.929,2.775,0.950614875795637
