"","plot","mean.height","transect.length","mode.el","height.2","max.el","mode.2","max.can.ht","mean.max.ht","mean.vai","max.vai","deep.gaps","porosity","std.std","mean.std","rugosity","top.rugosity","plot","mean.return.ht","sd.return.ht","sky.fraction","cover.fraction","max.ht","rumple","clumping.index"
"1","OSBS_27_W.CSV",4.32187278126253,40,4.075,5.8062069717089,15,5.49266556418648,14.977,4.5266,1.50878513699611,8.07017543859649,24,0.93125,0.454763389690721,0.243209908046379,0.628977209697452,5.93169749475062,"OSBS_27_W.CSV",10.4993489780469,3.64989575345275,73.3508170264273,26.6491829735727,14.977,2.175,0.983021171775052
