"","plot","mean.height","transect.length","mode.el","height.2","max.el","mode.2","max.can.ht","mean.max.ht","mean.vai","max.vai","deep.gaps","porosity","std.std","mean.std","rugosity","top.rugosity","plot","mean.return.ht","sd.return.ht","sky.fraction","cover.fraction","max.ht","rumple","clumping.index"
"1","OSBS_42_E.CSV",10.0579496964317,40,9.5,4.68408134168701,16,4.69574275274956,17.97,12.332425,4.65506584773443,8.03478260869565,6,0.727631578947368,17.9444119998946,2.37312388218681,3.50894500379946,5.64826306810673,"OSBS_42_E.CSV",11.3205403180011,2.61611742455033,27.8500460923896,72.1499539076104,17.97,2.55,0.82609168959459
