"","plot","mean.height","transect.length","mode.el","height.2","max.el","mode.2","max.can.ht","mean.max.ht","mean.vai","max.vai","deep.gaps","porosity","std.std","mean.std","rugosity","top.rugosity","plot","mean.return.ht","sd.return.ht","sky.fraction","cover.fraction","max.ht","rumple","clumping.index"
"1","OSBS_36_C.CSV",2.56678108937341,40,2.525,4.56773029303215,13,4.47765284496241,12.775,2.625875,0.330688378015335,1.90856154808459,30,0.948214285714286,0.152746964602912,0.151176760352056,0.360406092806946,4.69211324752122,"OSBS_36_C.CSV",9.28114873417721,1.38754875087523,86.760238818477,13.239761181523,12.775,1.75,0.959642284058191
