"","plot","mean.height","transect.length","mode.el","height.2","max.el","mode.2","max.can.ht","mean.max.ht","mean.vai","max.vai","deep.gaps","porosity","std.std","mean.std","rugosity","top.rugosity","plot","mean.return.ht","sd.return.ht","sky.fraction","cover.fraction","max.ht","rumple","clumping.index"
"1","OSBS_D1_C.CSV",9.3621758300931,40,9.05,5.24638544904128,16,5.22470094837972,17.765,10.91005,3.6092803972426,8.06694560669456,7,0.803947368421053,26.2788147926199,2.3342321325655,4.56400867044735,5.84095925977565,"OSBS_D1_C.CSV",10.7699462190352,3.37600180719148,36.963221697144,63.036778302856,17.765,4.05,0.893104760471241
