"","plot","mean.height","transect.length","mode.el","height.2","max.el","mode.2","max.can.ht","mean.max.ht","mean.vai","max.vai","deep.gaps","porosity","std.std","mean.std","rugosity","top.rugosity","plot","mean.return.ht","sd.return.ht","sky.fraction","cover.fraction","max.ht","rumple","clumping.index"
"1","OSBS_33_C.CSV",8.6709390552596,40,8.225,4.82755753484998,15,4.66094142850991,16.897,10.175975,4.06208231885814,8.15748031496063,7,0.815277777777778,4.31295211742405,1.11686162831983,1.75087755728687,5.33078420404805,"OSBS_33_C.CSV",10.157286850243,2.96954388416846,35.6608242539081,64.3391757460919,16.897,4,0.925376614066865
