"","plot","mean.height","transect.length","mode.el","height.2","max.el","mode.2","max.can.ht","mean.max.ht","mean.vai","max.vai","deep.gaps","porosity","std.std","mean.std","rugosity","top.rugosity","plot","mean.return.ht","sd.return.ht","sky.fraction","cover.fraction","max.ht","rumple","clumping.index"
"1","OSBS_D8_B.CSV",10.1275880653202,40,9.275,4.26230823200722,15,4.60970443737991,16.464,12.1589,5.01086643730435,9.17857142857143,5,0.738235294117647,154.168069795933,5.14360295263806,11.3009476797986,5.03481765412179,"OSBS_D8_B.CSV",10.9589158707314,3.14362877962241,22.1214591400041,77.8785408599959,16.464,3.15,0.811357163591565
