"","plot","mean.height","transect.length","mode.el","height.2","max.el","mode.2","max.can.ht","mean.max.ht","mean.vai","max.vai","deep.gaps","porosity","std.std","mean.std","rugosity","top.rugosity","plot","mean.return.ht","sd.return.ht","sky.fraction","cover.fraction","max.ht","rumple","clumping.index"
"1","OSBS_40_E.CSV",5.37134512157761,40,4.85,5.46029057219173,17,5.3364313918573,17.656,6.429125,2.58834508657822,8.43321299638989,15,0.889473684210526,76.4056427488041,2.98651312736029,8.21500956109661,6.56880352523998,"OSBS_40_E.CSV",8.36683030743161,5.00687038820384,57.5262183837138,42.4737816162862,17.656,3.4,0.976137211205247
