"","plot","mean.height","transect.length","mode.el","height.2","max.el","mode.2","max.can.ht","mean.max.ht","mean.vai","max.vai","deep.gaps","porosity","std.std","mean.std","rugosity","top.rugosity","plot","mean.return.ht","sd.return.ht","sky.fraction","cover.fraction","max.ht","rumple","clumping.index"
"1","OSBS_D8_D.CSV",7.95513203965568,30,7.43333333333333,5.39628889964724,14,5.03112534352129,14.925,8.8322,3.05017159979688,8.03555555555556,9,0.829166666666667,1.64397515328069,0.758631855156362,1.03365993519276,5.99856637700295,"OSBS_D8_D.CSV",10.5791837912088,1.69599008608312,49.0909090909091,50.9090909090909,14.925,3.3,0.807994110993363
