"","plot","mean.height","transect.length","mode.el","height.2","max.el","mode.2","max.can.ht","mean.max.ht","mean.vai","max.vai","deep.gaps","porosity","std.std","mean.std","rugosity","top.rugosity","plot","mean.return.ht","sd.return.ht","sky.fraction","cover.fraction","max.ht","rumple","clumping.index"
"1","OSBS_40_C.CSV",9.96661487037237,40,9.125,4.39062498829848,18,4.50659239337218,21.052,13.30445,5.402533399906,8.81777777777778,1,0.760227272727273,45.5459806116062,4.53140419269026,5.00123551275835,4.88294641479339,"OSBS_40_C.CSV",9.90117014113686,4.60849857289816,15.6877729257642,84.3122270742358,21.052,3.05,0.9518934056844
