"","plot","mean.height","transect.length","mode.el","height.2","max.el","mode.2","max.can.ht","mean.max.ht","mean.vai","max.vai","deep.gaps","porosity","std.std","mean.std","rugosity","top.rugosity","plot","mean.return.ht","sd.return.ht","sky.fraction","cover.fraction","max.ht","rumple","clumping.index"
"1","OSBS_44_C.CSV",7.00741758652404,40,6.6,6.35385758512279,17,6.2080592780675,17.17,7.4354,2.21740025150194,11.3454545454545,15,0.909722222222222,12.5482846802459,0.881221111755681,3.43099607001261,6.50930986455711,"OSBS_44_C.CSV",10.031318622449,4.04432838005092,60.9989055815342,39.0010944184658,17.17,2.9,0.974853343088822
