"","plot","mean.height","transect.length","mode.el","height.2","max.el","mode.2","max.can.ht","mean.max.ht","mean.vai","max.vai","deep.gaps","porosity","std.std","mean.std","rugosity","top.rugosity","plot","mean.return.ht","sd.return.ht","sky.fraction","cover.fraction","max.ht","rumple","clumping.index"
"1","OSBS_43_C.CSV",5.29941672064261,40,4.975,4.57597488606208,12,4.35595856270466,13.276,5.83515,2.56347727949808,8.03162055335968,15,0.8625,1.35214178190299,0.595393779937078,0.99882332207214,5.12723818569223,"OSBS_43_C.CSV",8.20860965012577,2.28741182716056,55.2954406051932,44.7045593948068,13.276,3.25,0.933958183180062
