"","plot","mean.height","transect.length","mode.el","height.2","max.el","mode.2","max.can.ht","mean.max.ht","mean.vai","max.vai","deep.gaps","porosity","std.std","mean.std","rugosity","top.rugosity","plot","mean.return.ht","sd.return.ht","sky.fraction","cover.fraction","max.ht","rumple","clumping.index"
"1","OSBS_26_W.CSV",5.60224216932828,40,5.25,5.32260236380106,14,4.9434299833213,16.845,5.95005,2.01714479484211,8.33179723502304,17,0.905555555555556,0.439537041243861,0.325299120937348,0.577682891525488,5.93240304122956,"OSBS_26_W.CSV",9.51247588235294,3.06975970810362,63.3817985998923,36.6182014001077,16.845,2.225,0.972829014969331
