"","plot","mean.height","transect.length","mode.el","height.2","max.el","mode.2","max.can.ht","mean.max.ht","mean.vai","max.vai","deep.gaps","porosity","std.std","mean.std","rugosity","top.rugosity","plot","mean.return.ht","sd.return.ht","sky.fraction","cover.fraction","max.ht","rumple","clumping.index"
"1","OSBS_41C.CSV",5.56878566997009,40,5.45,7.06440890697558,16,6.82623615178965,16.425,5.5438,0.751441575397726,10.4444444444444,24,0.944117647058824,0.35991048180367,0.212092622076133,0.561183750178621,7.02354379906866,"OSBS_41C.CSV",12.9932030075188,2.6065079544501,84.1754580788451,15.8245419211549,16.425,3.875,0.969311419815443
