"","plot","mean.height","transect.length","mode.el","height.2","max.el","mode.2","max.can.ht","mean.max.ht","mean.vai","max.vai","deep.gaps","porosity","std.std","mean.std","rugosity","top.rugosity","plot","mean.return.ht","sd.return.ht","sky.fraction","cover.fraction","max.ht","rumple","clumping.index"
"1","OSBS_29_E.CSV",4.83176064261119,40,4.325,2.68183411129111,8,2.53364855494996,9.714,5.5902,3.77924810012489,8.07407407407407,7,0.731818181818182,1.15120407759471,0.629790810235143,0.868658513420593,2.95039359564631,"OSBS_29_E.CSV",4.95345679430701,1.88775802412499,37.6439513998943,62.3560486001057,9.714,3.4,0.890782527817771
