"","plot","mean.height","transect.length","mode.el","height.2","max.el","mode.2","max.can.ht","mean.max.ht","mean.vai","max.vai","deep.gaps","porosity","std.std","mean.std","rugosity","top.rugosity","plot","mean.return.ht","sd.return.ht","sky.fraction","cover.fraction","max.ht","rumple","clumping.index"
"1","OSBS_37E.CSV",5.19175363179973,40,5.15,7.01090168456552,17,6.89401914705783,19.309,5.377,1.08263399417839,8.06349206349206,25,0.9475,0.773660844430769,0.323233148057069,0.81803494817024,7.33169423173746,"OSBS_37E.CSV",13.1133531344101,1.81833292091877,83.2868188680972,16.7131811319028,19.309,2.55,0.9438850318622
