"","plot","mean.height","transect.length","mode.el","height.2","max.el","mode.2","max.can.ht","mean.max.ht","mean.vai","max.vai","deep.gaps","porosity","std.std","mean.std","rugosity","top.rugosity","plot","mean.return.ht","sd.return.ht","sky.fraction","cover.fraction","max.ht","rumple","clumping.index"
"1","OSBS_25_C.CSV",4.40610635164563,40,4.1,5.48147821573849,16,5.11761663276959,17.574,5.049225,1.72653412733116,8.67326732673267,23,0.917105263157895,3.51093437455117,0.684308280266932,1.74432122962179,6.36680579450952,"OSBS_25_C.CSV",9.55751624266145,2.68515920193425,69.6375519904932,30.3624480095068,17.574,2.875,0.956065585570317
