"","plot","mean.height","transect.length","mode.el","height.2","max.el","mode.2","max.can.ht","mean.max.ht","mean.vai","max.vai","deep.gaps","porosity","std.std","mean.std","rugosity","top.rugosity","plot","mean.return.ht","sd.return.ht","sky.fraction","cover.fraction","max.ht","rumple","clumping.index"
"1","OSBS_D4_D.CSV",3.06014153319426,40,2.725,3.6996440539765,10,3.36888334615492,12.388,3.759175,1.82427765438136,12.2125603864734,23,0.863461538461539,2.60609964804317,0.638581034591521,1.48267120775416,4.60849599965609,"OSBS_D4_D.CSV",6.53124046076314,1.84629842040067,71.5776550030694,28.4223449969306,12.388,2.35,0.950752104774605
