"","plot","mean.height","transect.length","mode.el","height.2","max.el","mode.2","max.can.ht","mean.max.ht","mean.vai","max.vai","deep.gaps","porosity","std.std","mean.std","rugosity","top.rugosity","plot","mean.return.ht","sd.return.ht","sky.fraction","cover.fraction","max.ht","rumple","clumping.index"
"1","OSBS_41E.CSV",8.00794380190117,40,7.775,7.79041581689221,20,7.54813718741253,21.898,8.63395,1.6985776250126,8.02666666666667,18,0.91195652173913,3.59860441866748,0.827077858154366,1.70720433317698,8.63741181839287,"OSBS_41E.CSV",14.2532174787662,3.41584660003138,75.9034846771153,24.0965153228847,21.898,3.475,0.954987988722398
