"","plot","mean.height","transect.length","mode.el","height.2","max.el","mode.2","max.can.ht","mean.max.ht","mean.vai","max.vai","deep.gaps","porosity","std.std","mean.std","rugosity","top.rugosity","plot","mean.return.ht","sd.return.ht","sky.fraction","cover.fraction","max.ht","rumple","clumping.index"
"1","OSBS_D5_D.CSV",7.01129645204876,40,6.65,5.39498407163613,13,5.23712707502883,15.175,7.835775,2.66573690973985,8.47244094488189,13,0.8328125,2.91769992332088,0.874150657593118,1.46750146546789,6.08273266224849,"OSBS_D5_D.CSV",10.4597336204942,1.96772475987196,55.0860401181142,44.9139598818858,15.175,3.075,0.888762408169604
