"","plot","mean.height","transect.length","mode.el","height.2","max.el","mode.2","max.can.ht","mean.max.ht","mean.vai","max.vai","deep.gaps","porosity","std.std","mean.std","rugosity","top.rugosity","plot","mean.return.ht","sd.return.ht","sky.fraction","cover.fraction","max.ht","rumple","clumping.index"
"1","OSBS_27_C.CSV",8.21112474168343,40,8.075,6.61270938736207,18,6.58174558912755,18.799,8.5745,2.87448171338385,9.5304347826087,13,0.87875,3.73805706846166,0.848770407814501,1.73713726092099,7.15475624125622,"OSBS_27_C.CSV",12.7077365579788,3.77415332546305,49.5698573450942,50.4301426549058,18.799,2.875,0.935132649300579
