"","plot","mean.height","transect.length","mode.el","height.2","max.el","mode.2","max.can.ht","mean.max.ht","mean.vai","max.vai","deep.gaps","porosity","std.std","mean.std","rugosity","top.rugosity","plot","mean.return.ht","sd.return.ht","sky.fraction","cover.fraction","max.ht","rumple","clumping.index"
"1","OSBS_25_E.CSV",9.24613207487391,40,8.975,6.49494948548715,18,6.32252916165675,18.935,10.2883,3.18802575428674,8.45217391304348,12,0.86375,3.7459769556563,0.832336823742041,1.74733865278008,7.19908243512271,"OSBS_25_E.CSV",12.4127680638723,2.4430207367768,48.2224059528731,51.7775940471269,18.935,2.575,0.911387492531806
