"","plot","mean.height","transect.length","mode.el","height.2","max.el","mode.2","max.can.ht","mean.max.ht","mean.vai","max.vai","deep.gaps","porosity","std.std","mean.std","rugosity","top.rugosity","plot","mean.return.ht","sd.return.ht","sky.fraction","cover.fraction","max.ht","rumple","clumping.index"
"1","RICE-C1-W.CSV",12.8267858808157,60,12.2833333333333,6.68316155393758,22,6.77025766783576,25.884,17.8514666666667,7.15549966588149,8.26168224299065,0,0.783950617283951,280.796270568199,9.52688769031539,13.785306725072,7.45691282162924,"RICE-C1-W.CSV",11.7707192818528,7.23693705698159,2.91582971554462,97.0841702844554,25.884,4.26666666666667,0.93856490647978
