"","plot","mean.height","transect.length","mode.el","height.2","max.el","mode.2","max.can.ht","mean.max.ht","mean.vai","max.vai","deep.gaps","porosity","std.std","mean.std","rugosity","top.rugosity","plot","mean.return.ht","sd.return.ht","sky.fraction","cover.fraction","max.ht","rumple","clumping.index"
"1","RICE-C1-E.CSV",8.84803576646433,60,7.2,5.30286370396162,22,5.54015643581779,45.2,15.6443,7.39299004434811,10.0988593155894,0,0.882971014492754,396.847138338715,11.753391349701,16.0843069517928,7.96275526861127,"RICE-C1-E.CSV",8.02204296378214,6.27364499377688,2.16920913123445,97.8307908687655,45.2,6.46666666666667,0.91848320965291
