"","plot","mean.height","transect.length","mode.el","height.2","max.el","mode.2","max.can.ht","mean.max.ht","mean.vai","max.vai","deep.gaps","porosity","std.std","mean.std","rugosity","top.rugosity","plot","mean.return.ht","sd.return.ht","sky.fraction","cover.fraction","max.ht","rumple","clumping.index"
"1","SCBI_47C.CSV",11.6754076751808,40,9,5.52050558450496,24,6.82275604136627,30.861,21.4145,7.10463018951952,8.17204301075269,0,0.7484375,1083.05631046952,22.7504517058757,23.7796816136832,7.30522296470837,"SCBI_47C.CSV",10.8892145414252,7.26272134421785,2.87275436708336,97.1272456329166,30.861,5.725,0.936748065350245
