"","plot","mean.height","transect.length","mode.el","height.2","max.el","mode.2","max.can.ht","mean.max.ht","mean.vai","max.vai","deep.gaps","porosity","std.std","mean.std","rugosity","top.rugosity","plot","mean.return.ht","sd.return.ht","sky.fraction","cover.fraction","max.ht","rumple","clumping.index"
"1","SCBI_55W.CSV",8.67393446186573,40,7.175,5.97066205506946,31,5.91137674319612,31.808,14.337825,6.30267984762642,8.04359673024523,3,0.811363636363636,177.221959460015,7.65946546644558,10.8882757233798,8.58292262961898,"SCBI_55W.CSV",9.10811894580679,6.25656905717153,13.1564986737401,86.8435013262599,31.808,4.775,0.941018857641299
