"","plot","mean.height","transect.length","mode.el","height.2","max.el","mode.2","max.can.ht","mean.max.ht","mean.vai","max.vai","deep.gaps","porosity","std.std","mean.std","rugosity","top.rugosity","plot","mean.return.ht","sd.return.ht","sky.fraction","cover.fraction","max.ht","rumple","clumping.index"
"1","SCBI_63W.CSV",12.2022914432893,40,9.975,6.36108070905307,31,7.93563954574551,34.613,23.3197,6.70092246080343,8.40888888888889,0,0.746527777777778,2385.08310742344,33.8623772801195,35.1912277757155,6.66017473860243,"SCBI_63W.CSV",11.3616071014829,8.2358270151181,5.18453427065027,94.8154657293497,34.613,4.625,0.915213783827199
