"","plot","mean.height","transect.length","mode.el","height.2","max.el","mode.2","max.can.ht","mean.max.ht","mean.vai","max.vai","deep.gaps","porosity","std.std","mean.std","rugosity","top.rugosity","plot","mean.return.ht","sd.return.ht","sky.fraction","cover.fraction","max.ht","rumple","clumping.index"
"1","SERC_47W.CSV",10.3230405211477,40,9.6,5.88356559772248,23,7.17216843081644,35.831,20.83675,7.64827353408627,8.96385542168675,0,0.77027027027027,766.632851822517,17.3302007892268,21.5939110035121,8.53223482838269,"SERC_47W.CSV",10.1328106756201,7.36145289502577,0.660268191409707,99.3397318085903,35.831,6.1,0.943600648172282
