"","plot","mean.height","transect.length","mode.el","height.2","max.el","mode.2","max.can.ht","mean.max.ht","mean.vai","max.vai","deep.gaps","porosity","std.std","mean.std","rugosity","top.rugosity","plot","mean.return.ht","sd.return.ht","sky.fraction","cover.fraction","max.ht","rumple","clumping.index"
"1","SERC_58W.CSV",5.56571734732122,40,4.25,2.19141456139976,21,3.20741328799392,32.479,13.693725,7.53508124111434,8.07017543859649,0,0.776515151515151,345.976010960223,10.4484782976643,15.3884798542111,7.71509185344227,"SERC_58W.CSV",4.94158152958153,3.69335516818777,1.01767541510445,98.9823245848956,32.479,6.85,0.695508785932411
