"","plot","mean.height","transect.length","mode.el","height.2","max.el","mode.2","max.can.ht","mean.max.ht","mean.vai","max.vai","deep.gaps","porosity","std.std","mean.std","rugosity","top.rugosity","plot","mean.return.ht","sd.return.ht","sky.fraction","cover.fraction","max.ht","rumple","clumping.index"
"1","SERC_52C.CSV",4.83467016581396,40,4.025,1.13003609336398,7,1.557040461902,29.103,10.616475,7.80115134239542,8.03836930455635,0,0.809166666666667,35.8253081640083,3.77298843206807,4.64648969174459,6.30994442654019,"SERC_52C.CSV",4.29876880222841,2.23028160736016,0.326999012833173,99.6730009871668,29.103,5.925,0.667768706378992
