"","plot","mean.height","transect.length","mode.el","height.2","max.el","mode.2","max.can.ht","mean.max.ht","mean.vai","max.vai","deep.gaps","porosity","std.std","mean.std","rugosity","top.rugosity","plot","mean.return.ht","sd.return.ht","sky.fraction","cover.fraction","max.ht","rumple","clumping.index"
"1","SERC_54E.CSV",7.72690305270186,40,6.175,5.02323783950805,17,4.75861061655606,30.048,17.627125,7.64875927182685,8.45528455284553,0,0.746774193548387,401.920797184926,13.0027394961765,15.2594089918154,9.3094264583794,"SERC_54E.CSV",7.1069156573442,6.07450926832637,0.822655794991267,99.1773442050087,30.048,5.6,0.934939746066022
