"","plot","mean.height","transect.length","mode.el","height.2","max.el","mode.2","max.can.ht","mean.max.ht","mean.vai","max.vai","deep.gaps","porosity","std.std","mean.std","rugosity","top.rugosity","plot","mean.return.ht","sd.return.ht","sky.fraction","cover.fraction","max.ht","rumple","clumping.index"
"1","SERC_60W.CSV",6.66184142720016,40,5.3,3.05216999551498,14,3.24191301548947,32.218,16.831775,7.02203276129475,8.08583690987124,0,0.784848484848485,552.456433414025,12.6774697752277,19.7923771566786,7.73251446975691,"SERC_60W.CSV",6.15480261256923,4.74294495465859,2.39717978848414,97.6028202115159,32.218,6.325,0.839812501154134
