"","plot","mean.height","transect.length","mode.el","height.2","max.el","mode.2","max.can.ht","mean.max.ht","mean.vai","max.vai","deep.gaps","porosity","std.std","mean.std","rugosity","top.rugosity","plot","mean.return.ht","sd.return.ht","sky.fraction","cover.fraction","max.ht","rumple","clumping.index"
"1","SERC_61C_X30.CSV",7.3671403434232,30,5.8,4.33802394877166,19,4.59274790657329,29.062,15.9017666666667,6.24069777714473,8.01632653061225,0,0.786666666666667,1161.13835392705,19.4275254938357,27.9948139324664,8.89325540908752,"SERC_61C_X30.CSV",5.95848943445857,5.58334425480764,7.36679662118258,92.6332033788174,29.062,7.76666666666667,0.899056692178474
