"","plot","mean.height","transect.length","mode.el","height.2","max.el","mode.2","max.can.ht","mean.max.ht","mean.vai","max.vai","deep.gaps","porosity","std.std","mean.std","rugosity","top.rugosity","plot","mean.return.ht","sd.return.ht","sky.fraction","cover.fraction","max.ht","rumple","clumping.index"
"1","SERC_56C.CSV",8.91894375040487,40,7.325,4.61763696344214,29,5.30277050229406,35.099,18.79425,7.58785839056423,8.02185792349727,0,0.778472222222222,1159.8155070093,21.0313154056413,26.786177019458,8.92581414730935,"SERC_56C.CSV",8.1078628863751,6.30387296713661,0.750858123569798,99.2491418764302,35.099,8.325,0.926477892133762
