"","plot","mean.height","transect.length","mode.el","height.2","max.el","mode.2","max.can.ht","mean.max.ht","mean.vai","max.vai","deep.gaps","porosity","std.std","mean.std","rugosity","top.rugosity","plot","mean.return.ht","sd.return.ht","sky.fraction","cover.fraction","max.ht","rumple","clumping.index"
"1","SERC_56W.CSV",9.96360995057369,40,7.375,7.05487541359102,27,6.69584759384501,33.47,21.398125,6.98044193082557,8.12213740458015,0,0.746323529411765,3134.1706921231,33.0207819994079,45.2083913479641,11.7511196110064,"SERC_56W.CSV",9.44996069694753,9.04220932848577,2.31908535793166,97.6809146420683,33.47,8.55,0.945083275446601
