"","plot","mean.height","transect.length","mode.el","height.2","max.el","mode.2","max.can.ht","mean.max.ht","mean.vai","max.vai","deep.gaps","porosity","std.std","mean.std","rugosity","top.rugosity","plot","mean.return.ht","sd.return.ht","sky.fraction","cover.fraction","max.ht","rumple","clumping.index"
"1","SERC_47E.CSV",6.68979812281589,40,5.25,4.45889950803746,31,5.02866781563467,33.7,15.373725,7.4516225340377,8.01955990220049,0,0.817857142857143,1518.59345806506,20.3233687795543,33.2498742781878,9.78898848389457,"SERC_47E.CSV",5.85334094966084,5.80203162576339,1.17837990403613,98.8216200959639,33.7,8.925,0.845741006094067
