"","plot","mean.height","transect.length","mode.el","height.2","max.el","mode.2","max.can.ht","mean.max.ht","mean.vai","max.vai","deep.gaps","porosity","std.std","mean.std","rugosity","top.rugosity","plot","mean.return.ht","sd.return.ht","sky.fraction","cover.fraction","max.ht","rumple","clumping.index"
"1","SERC_60E.CSV",7.53137735634083,40,6.55,5.01872008206627,34,7.42276902510108,40.097,19.54285,7.69411320299156,8.01553398058252,0,0.837195121951219,2345.47461382248,24.4869234762639,41.783551697888,9.88052029033352,"SERC_60E.CSV",6.07645853896302,5.81954450974821,1.56531126304426,98.4346887369557,40.097,9.425,0.8516473267376
