"","plot","mean.height","transect.length","mode.el","height.2","max.el","mode.2","max.can.ht","mean.max.ht","mean.vai","max.vai","deep.gaps","porosity","std.std","mean.std","rugosity","top.rugosity","plot","mean.return.ht","sd.return.ht","sky.fraction","cover.fraction","max.ht","rumple","clumping.index"
"1","SERC_54W.CSV",7.12553843540077,40,6.075,4.33064803201106,24,5.0069326937757,35.362,15.5811,7.71327422259685,8.12012012012012,0,0.785416666666667,287.401551146684,9.81978069074779,13.8193146838872,8.47438308411947,"SERC_54W.CSV",6.69505111317918,5.32208983072861,0.668420678375881,99.3315793216241,35.362,6.35,0.856857393817739
