"","plot","mean.height","transect.length","mode.el","height.2","max.el","mode.2","max.can.ht","mean.max.ht","mean.vai","max.vai","deep.gaps","porosity","std.std","mean.std","rugosity","top.rugosity","plot","mean.return.ht","sd.return.ht","sky.fraction","cover.fraction","max.ht","rumple","clumping.index"
"1","SERC_58E.CSV",6.50560940757526,40,5.25,2.36087414347976,13,2.78163620914022,24.595,11.528,7.67036377725107,8.04060913705584,0,0.698076923076923,50.7924117626962,5.23758427606007,4.83323108426076,4.45474418385498,"SERC_58E.CSV",5.87282636541541,3.22103951763505,0.858369098712441,99.1416309012876,24.595,4.55,0.678996517273859
