"","plot","mean.height","transect.length","mode.el","height.2","max.el","mode.2","max.can.ht","mean.max.ht","mean.vai","max.vai","deep.gaps","porosity","std.std","mean.std","rugosity","top.rugosity","plot","mean.return.ht","sd.return.ht","sky.fraction","cover.fraction","max.ht","rumple","clumping.index"
"1","SERC_43C.CSV",4.40108296698187,40,3.325,2.2441320537695,13,1.84915521252273,35.705,10.9318,7.2413841224685,8.19555555555555,1,0.852027027027027,734.597012595998,9.36225499402864,25.4351173384906,9.27785074359966,"SERC_43C.CSV",3.90182748912209,3.61145522090836,6.66507405637841,93.3349259436216,35.705,7.9,0.536911183078786
