"","plot","mean.height","transect.length","mode.el","height.2","max.el","mode.2","max.can.ht","mean.max.ht","mean.vai","max.vai","deep.gaps","porosity","std.std","mean.std","rugosity","top.rugosity","plot","mean.return.ht","sd.return.ht","sky.fraction","cover.fraction","max.ht","rumple","clumping.index"
"1","SERC_57W.CSV",10.0901875343896,40,8.75,4.91851525096409,22,5.62916512459885,30.207,22.047075,7.44656829503922,8.04,0,0.733064516129032,1262.37439642353,25.3855148849784,24.8586007339124,7.62882724928013,"SERC_57W.CSV",9.60111793551551,6.98756579286548,1.76431625218282,98.2356837478172,30.207,5.825,0.96546235691704
