"","plot","mean.height","transect.length","mode.el","height.2","max.el","mode.2","max.can.ht","mean.max.ht","mean.vai","max.vai","deep.gaps","porosity","std.std","mean.std","rugosity","top.rugosity","plot","mean.return.ht","sd.return.ht","sky.fraction","cover.fraction","max.ht","rumple","clumping.index"
"1","SERC_54C.CSV",11.1406170012979,40,9.925,7.09828758476802,40,8.26252836606326,40.957,20.91295,7.76511679938332,8.18508997429306,0,0.786904761904762,1113.75332110346,17.276042172522,28.5533130819649,8.74470040814465,"SERC_54C.CSV",10.1189128354349,7.19836279898463,0.360801494749052,99.6391985052509,40.957,7.275,0.913042391705562
