"","plot","mean.height","transect.length","mode.el","height.2","max.el","mode.2","max.can.ht","mean.max.ht","mean.vai","max.vai","deep.gaps","porosity","std.std","mean.std","rugosity","top.rugosity","plot","mean.return.ht","sd.return.ht","sky.fraction","cover.fraction","max.ht","rumple","clumping.index"
"1","SERC_48E.CSV",5.99271276484095,40,4.95,4.06019685527668,34,5.53601842482483,34.677,15.824325,7.07989420620632,8.53333333333333,0,0.814583333333333,807.326149406222,15.0845139284092,24.0786957485211,8.86859802000207,"SERC_48E.CSV",5.00293951762523,4.70443896895998,4.7366560622128,95.2633439377872,34.677,6.375,0.81213651139019
