"","plot","mean.height","transect.length","mode.el","height.2","max.el","mode.2","max.can.ht","mean.max.ht","mean.vai","max.vai","deep.gaps","porosity","std.std","mean.std","rugosity","top.rugosity","plot","mean.return.ht","sd.return.ht","sky.fraction","cover.fraction","max.ht","rumple","clumping.index"
"1","SERC_48C.CSV",9.25727826819933,40,7.575,5.38093440401333,27,7.32764457380405,35.252,21.752025,7.05058446755924,8.11666666666667,0,0.770138888888889,3336.11822522604,37.5702082989677,43.8702367625047,9.81558075266968,"SERC_48C.CSV",8.29603290322581,7.93038961633557,2.8882902073805,97.1117097926195,35.252,7.325,0.906306629054511
