"","plot","mean.height","transect.length","mode.el","height.2","max.el","mode.2","max.can.ht","mean.max.ht","mean.vai","max.vai","deep.gaps","porosity","std.std","mean.std","rugosity","top.rugosity","plot","mean.return.ht","sd.return.ht","sky.fraction","cover.fraction","max.ht","rumple","clumping.index"
"1","SERC_43E.CSV",4.95509109622186,40,4.3,1.59709647562779,10,2.14709105535839,20.959,8.946875,7.88014666446032,8.26943005181347,0,0.738636363636364,17.1151586030668,2.44813685740501,3.33493396193716,3.72476420996978,"SERC_43E.CSV",4.44775356025289,2.2101191488095,0.305596230979821,99.6944037690202,20.959,3.325,0.758541819521922
