"","plot","mean.height","transect.length","mode.el","height.2","max.el","mode.2","max.can.ht","mean.max.ht","mean.vai","max.vai","deep.gaps","porosity","std.std","mean.std","rugosity","top.rugosity","plot","mean.return.ht","sd.return.ht","sky.fraction","cover.fraction","max.ht","rumple","clumping.index"
"1","SERC_57C.CSV",6.00830377592101,40,4.6,2.73157679530465,13,2.56709953059869,25.856,14.310175,7.6888549030633,8.56531049250535,0,0.760185185185185,97.6450184572009,6.50174527842272,7.44125841452296,6.37211314580561,"SERC_57C.CSV",5.42931925055106,3.68148157305461,0.928116469517748,99.0718835304823,25.856,5.175,0.901573946981342
