"","plot","mean.height","transect.length","mode.el","height.2","max.el","mode.2","max.can.ht","mean.max.ht","mean.vai","max.vai","deep.gaps","porosity","std.std","mean.std","rugosity","top.rugosity","plot","mean.return.ht","sd.return.ht","sky.fraction","cover.fraction","max.ht","rumple","clumping.index"
"1","SERC_52E.CSV",4.07771370170989,40,3.675,1.97803613886279,16,2.8406645349284,31.71,10.783475,7.89320567636205,8.01698513800425,0,0.827272727272727,45.6158494218452,3.48324652441146,5.78643612874287,7.03040150579555,"SERC_52E.CSV",3.40223411609788,2.32832886019321,0.180732789309379,99.8192672106906,31.71,7.95,0.650772184508166
