"","plot","mean.height","transect.length","mode.el","height.2","max.el","mode.2","max.can.ht","mean.max.ht","mean.vai","max.vai","deep.gaps","porosity","std.std","mean.std","rugosity","top.rugosity","plot","mean.return.ht","sd.return.ht","sky.fraction","cover.fraction","max.ht","rumple","clumping.index"
"1","SERC_47C.CSV",9.64134834900845,40,7.7,7.24851895973605,31,7.74661216274572,37.399,20.51825,7.47939949460231,8.13597733711048,0,0.803947368421053,1320.2240245045,22.3845946282533,28.6208656024459,10.4313757549532,"SERC_47C.CSV",9.01414741125933,8.40195129016696,1.198808637379,98.801191362621,37.399,6.625,0.90817076782271
