"","plot","mean.height","transect.length","mode.el","height.2","max.el","mode.2","max.can.ht","mean.max.ht","mean.vai","max.vai","deep.gaps","porosity","std.std","mean.std","rugosity","top.rugosity","plot","mean.return.ht","sd.return.ht","sky.fraction","cover.fraction","max.ht","rumple","clumping.index"
"1","SERC_48W_XXX.CSV",5.62785546543202,50,4.68,2.7002477144162,15,3.04263044091786,31.666,13.97382,7.52734706874503,8.05442176870748,0,0.815757575757576,399.565086858446,10.8691971996432,16.7757455599957,8.84232781173623,"SERC_48W_XXX.CSV",5.11606574958143,4.25635571933068,1.14073543884763,98.8592645611524,31.666,6.76,0.815794763800723
