"","plot","mean.height","transect.length","mode.el","height.2","max.el","mode.2","max.can.ht","mean.max.ht","mean.vai","max.vai","deep.gaps","porosity","std.std","mean.std","rugosity","top.rugosity","plot","mean.return.ht","sd.return.ht","sky.fraction","cover.fraction","max.ht","rumple","clumping.index"
"1","SERC_49W.CSV",12.5772675922953,40,11.575,8.50366609201387,33,9.6537233749471,32.677,20.79435,6.69097360580125,8.01882352941176,0,0.7875,1543.66267575674,19.3617196572716,34.1875194723156,9.17916835110615,"SERC_49W.CSV",10.5895197193652,8.16984147777492,7.14692302827146,92.8530769717285,32.677,6.2,0.927242462102076
