"","plot","mean.height","transect.length","mode.el","height.2","max.el","mode.2","max.can.ht","mean.max.ht","mean.vai","max.vai","deep.gaps","porosity","std.std","mean.std","rugosity","top.rugosity","plot","mean.return.ht","sd.return.ht","sky.fraction","cover.fraction","max.ht","rumple","clumping.index"
"1","SERC_61E.CSV",9.95438792346354,40,8.7,3.72284418938577,15,3.92555728527811,26.277,18.89615,7.15211303387059,8.36697247706422,0,0.690740740740741,201.978284363462,10.8404168051584,9.19041064664156,5.46260587082759,"SERC_61E.CSV",9.17376552431166,5.01249803166128,4.36305063379788,95.6369493662021,26.277,4.5,0.941241251646965
