"","plot","mean.height","transect.length","mode.el","height.2","max.el","mode.2","max.can.ht","mean.max.ht","mean.vai","max.vai","deep.gaps","porosity","std.std","mean.std","rugosity","top.rugosity","plot","mean.return.ht","sd.return.ht","sky.fraction","cover.fraction","max.ht","rumple","clumping.index"
"1","SERC_56E.CSV",9.84122346557816,40,8.875,6.23199200525355,31,7.46722003157802,35.233,19.83695,7.67628239458045,8.02088772845953,0,0.76875,1790.29052761015,23.0063397611893,35.5105457350752,9.15451325695664,"SERC_56E.CSV",8.9723974313447,7.25091102981219,0.506418560829114,99.4935814391709,35.233,7.25,0.926279039904974
