"","plot","mean.height","transect.length","mode.el","height.2","max.el","mode.2","max.can.ht","mean.max.ht","mean.vai","max.vai","deep.gaps","porosity","std.std","mean.std","rugosity","top.rugosity","plot","mean.return.ht","sd.return.ht","sky.fraction","cover.fraction","max.ht","rumple","clumping.index"
"1","SERC_57E.CSV",7.38494178210579,40,7.1,3.85529465611847,15,4.47101778122163,27.666,13.039525,6.34275545492873,8.01489757914339,1,0.779310344827586,228.143001207051,7.18203014611494,13.2876425368591,7.18365832444973,"SERC_57E.CSV",6.13789499419351,3.9551245080504,11.110507443225,88.889492556775,27.666,5.175,0.873592718934673
