"","plot","mean.height","transect.length","mode.el","height.2","max.el","mode.2","max.can.ht","mean.max.ht","mean.vai","max.vai","deep.gaps","porosity","std.std","mean.std","rugosity","top.rugosity","plot","mean.return.ht","sd.return.ht","sky.fraction","cover.fraction","max.ht","rumple","clumping.index"
"1","SERC_60C.CSV",6.5140383796392,40,3.95,3.63851406955794,8,1.73132896931808,42.621,19.639375,7.53064789847119,9.05627705627706,0,0.827272727272727,3209.82676350029,25.843916413377,50.4174448769339,11.0271305533391,"SERC_60C.CSV",5.95107947831903,6.18733172829643,1.12421470296484,98.8757852970352,42.621,7.325,0.86667062309578
