"","plot","mean.height","transect.length","mode.el","height.2","max.el","mode.2","max.can.ht","mean.max.ht","mean.vai","max.vai","deep.gaps","porosity","std.std","mean.std","rugosity","top.rugosity","plot","mean.return.ht","sd.return.ht","sky.fraction","cover.fraction","max.ht","rumple","clumping.index"
"1","SERC_58C.CSV",4.81788558091457,40,3.975,1.27021814221519,8,1.604485898972,32.71,10.5851,7.56583920099296,8.05095541401274,0,0.805147058823529,15.1615756014967,2.77355225350544,2.73294410820486,6.88694223317409,"SERC_58C.CSV",4.28099640223062,2.03655167983777,1.76131008482564,98.2386899151744,32.71,5.35,0.533503486633278
