"","plot","mean.height","transect.length","mode.el","height.2","max.el","mode.2","max.can.ht","mean.max.ht","mean.vai","max.vai","deep.gaps","porosity","std.std","mean.std","rugosity","top.rugosity","plot","mean.return.ht","sd.return.ht","sky.fraction","cover.fraction","max.ht","rumple","clumping.index"
"1","SERC_55E.CSV",4.75899550754521,40,3.95,1.22137118518972,8,1.32193040664023,14.425,8.393025,7.81419927296704,9.23478260869565,0,0.545,9.10187177367703,2.25746145848652,2.00143436992696,2.80120877285192,"SERC_55E.CSV",4.19573291806421,1.92460450299426,0.315246465418417,99.6847535345816,14.425,2.975,0.692180890799135
