"","plot","mean.height","transect.length","mode.el","height.2","max.el","mode.2","max.can.ht","mean.max.ht","mean.vai","max.vai","deep.gaps","porosity","std.std","mean.std","rugosity","top.rugosity","plot","mean.return.ht","sd.return.ht","sky.fraction","cover.fraction","max.ht","rumple","clumping.index"
"1","SERC_49C.CSV",5.97013172703124,40,4.525,4.30130114236048,33,4.94968433336915,33.178,12.5605,7.47605486623173,8.03738317757009,0,0.829411764705882,1121.08115142208,13.3488810353373,30.7064899740511,7.12815612148806,"SERC_49C.CSV",4.67383738342309,3.42185278025583,1.29651238169325,98.7034876183068,33.178,4.75,0.776699988975393
