"","plot","mean.height","transect.length","mode.el","height.2","max.el","mode.2","max.can.ht","mean.max.ht","mean.vai","max.vai","deep.gaps","porosity","std.std","mean.std","rugosity","top.rugosity","plot","mean.return.ht","sd.return.ht","sky.fraction","cover.fraction","max.ht","rumple","clumping.index"
"1","SERC_55W.CSV",5.95113442296634,40,5.05,3.92955129293642,22,4.57684389071771,22.674,11.3434,7.71380284566607,8.02015113350126,0,0.734375,70.9128418643242,5.24042817462891,6.59171862346078,6.17167148036401,"SERC_55W.CSV",5.19687925271577,4.26977135686502,0.404232552609674,99.5957674473903,22.674,3.65,0.843541399572206
