"","plot","mean.height","transect.length","mode.el","height.2","max.el","mode.2","max.can.ht","mean.max.ht","mean.vai","max.vai","deep.gaps","porosity","std.std","mean.std","rugosity","top.rugosity","plot","mean.return.ht","sd.return.ht","sky.fraction","cover.fraction","max.ht","rumple","clumping.index"
"1","SERC_43W.CSV",3.67298118777182,40,2.95,0.872764029058663,5,0.94736476607482,33.211,9.174225,7.70888742643796,8.08617594254937,0,0.855882352941176,133.020301981009,3.73083471706219,10.9133484455951,8.8163046549328,"SERC_43W.CSV",3.17077652690831,2.1917165786589,0.601338632085335,99.3986613679147,33.211,7.325,0.454457882221842
