"","plot","mean.height","transect.length","mode.el","height.2","max.el","mode.2","max.can.ht","mean.max.ht","mean.vai","max.vai","deep.gaps","porosity","std.std","mean.std","rugosity","top.rugosity","plot","mean.return.ht","sd.return.ht","sky.fraction","cover.fraction","max.ht","rumple","clumping.index"
"1","SERC_53W.CSV",7.90287140799175,40,5.95,5.20872292200787,25,5.29126638906037,34.703,19.624675,7.68687535607337,10.5858585858586,0,0.775694444444444,1654.56175461373,23.6025115279587,33.1282840513406,10.8416518690945,"SERC_53W.CSV",7.10164634992744,6.76785282302285,0.626998557903313,99.3730014420967,34.703,8.125,0.891461117804441
