"","plot","mean.height","transect.length","mode.el","height.2","max.el","mode.2","max.can.ht","mean.max.ht","mean.vai","max.vai","deep.gaps","porosity","std.std","mean.std","rugosity","top.rugosity","plot","mean.return.ht","sd.return.ht","sky.fraction","cover.fraction","max.ht","rumple","clumping.index"
"1","TALL_47W.CSV",11.6674677433166,40,11.375,4.36535778680558,22,5.78224653573332,24.702,17.5406,6.09078788931207,9.07262569832402,0,0.739423076923077,307.905397428974,10.576354536828,14.0016471224028,5.01555816767519,"TALL_47W.CSV",10.37715181393,5.1684503238618,11.6336218933259,88.3663781066741,24.702,3.775,0.90379947656574
