"","plot","mean.height","transect.length","mode.el","height.2","max.el","mode.2","max.can.ht","mean.max.ht","mean.vai","max.vai","deep.gaps","porosity","std.std","mean.std","rugosity","top.rugosity","plot","mean.return.ht","sd.return.ht","sky.fraction","cover.fraction","max.ht","rumple","clumping.index"
"1","TALL_50C.CSV",14.5350850973007,40,14.55,5.94927849389226,21,6.14389941323912,22.093,17.183525,2.79750037256458,8.014440433213,4,0.759782608695652,202.866144148556,8.01778932810116,11.7720515815529,6.70090355555857,"TALL_50C.CSV",15.290012176206,4.37222930019964,61.6751872547854,38.3248127452146,22.093,5.375,0.838754890810408
