"","plot","mean.height","transect.length","mode.el","height.2","max.el","mode.2","max.can.ht","mean.max.ht","mean.vai","max.vai","deep.gaps","porosity","std.std","mean.std","rugosity","top.rugosity","plot","mean.return.ht","sd.return.ht","sky.fraction","cover.fraction","max.ht","rumple","clumping.index"
"1","TALL_45C.CSV",11.8681626567383,40,11.9,2.65097791042182,17,3.03150127824482,17.922,14.06495,3.44200023261668,8.06539509536785,1,0.618421052631579,54.1369377238723,5.07076872764978,5.33143903974915,3.19525292085073,"TALL_45C.CSV",10.6205797032721,3.09368959812903,34.2435851746258,65.7564148253742,17.922,3.275,0.809125056633741
