"","plot","mean.height","transect.length","mode.el","height.2","max.el","mode.2","max.can.ht","mean.max.ht","mean.vai","max.vai","deep.gaps","porosity","std.std","mean.std","rugosity","top.rugosity","plot","mean.return.ht","sd.return.ht","sky.fraction","cover.fraction","max.ht","rumple","clumping.index"
"1","TALL_53E.CSV",16.0357272534517,40,15.6,5.39857693010377,25,6.0613529842767,28.599,20.8982,6.14097711953361,8.03695150115474,0,0.748333333333333,100.231015743169,7.43690903373079,6.70249205648036,4.62177209437113,"TALL_53E.CSV",14.0866704205037,5.71761025755097,15.7545450296771,84.2454549703229,28.599,3.85,0.933632184504591
