"","plot","mean.height","transect.length","mode.el","height.2","max.el","mode.2","max.can.ht","mean.max.ht","mean.vai","max.vai","deep.gaps","porosity","std.std","mean.std","rugosity","top.rugosity","plot","mean.return.ht","sd.return.ht","sky.fraction","cover.fraction","max.ht","rumple","clumping.index"
"1","TALL_55W.CSV",11.2360089493199,40,10.35,5.48741416978969,26,6.66164394125054,26.15,18.5943,5.04187469443602,8.04210526315789,1,0.740740740740741,514.057850192359,15.3236212176991,16.7106098921865,5.98815653410322,"TALL_55W.CSV",10.1006693276021,5.95487346914519,22.1930243669374,77.8069756330626,26.15,4.75,0.967155511586814
