"","plot","mean.height","transect.length","mode.el","height.2","max.el","mode.2","max.can.ht","mean.max.ht","mean.vai","max.vai","deep.gaps","porosity","std.std","mean.std","rugosity","top.rugosity","plot","mean.return.ht","sd.return.ht","sky.fraction","cover.fraction","max.ht","rumple","clumping.index"
"1","TALL_47E.CSV",11.1548847928889,40,10.15,3.58109447140789,19,4.35631725199164,25.905,17.7176,6.63242605802231,8.01909307875895,0,0.716666666666667,194.303723156035,10.3011282405331,9.3909786565686,4.92716558557679,"TALL_47E.CSV",10.3766282661949,4.58780014908853,8.46465275615074,91.5353472438493,25.905,4.425,0.916657673731063
