"","plot","mean.height","transect.length","mode.el","height.2","max.el","mode.2","max.can.ht","mean.max.ht","mean.vai","max.vai","deep.gaps","porosity","std.std","mean.std","rugosity","top.rugosity","plot","mean.return.ht","sd.return.ht","sky.fraction","cover.fraction","max.ht","rumple","clumping.index"
"1","TALL_58W.CSV",8.83203321747437,50,8.14,3.26665348739133,19,4.21430895877367,26.302,14.78804,7.00104760395588,8.06629834254144,0,0.712592592592593,209.050654545897,9.24833586038926,11.1139074298527,5.73291615775399,"TALL_58W.CSV",8.18011615717681,4.54441774134784,2.9877143669267,97.0122856330733,26.302,5.8,0.903871895866584
