"","plot","mean.height","transect.length","mode.el","height.2","max.el","mode.2","max.can.ht","mean.max.ht","mean.vai","max.vai","deep.gaps","porosity","std.std","mean.std","rugosity","top.rugosity","plot","mean.return.ht","sd.return.ht","sky.fraction","cover.fraction","max.ht","rumple","clumping.index"
"1","TALL_47C.CSV",14.7185423664654,40,13.475,5.60394575791772,26,6.63320246939591,29.492,20.8184,5.39199385851042,8.07692307692308,0,0.734166666666667,316.295186485422,11.5852991341984,13.4935551452004,5.49274492025384,"TALL_47C.CSV",13.2307073235864,6.42628212702794,16.1732609547261,83.8267390452739,29.492,4.6,0.945037533450519
