"","plot","mean.height","transect.length","mode.el","height.2","max.el","mode.2","max.can.ht","mean.max.ht","mean.vai","max.vai","deep.gaps","porosity","std.std","mean.std","rugosity","top.rugosity","plot","mean.return.ht","sd.return.ht","sky.fraction","cover.fraction","max.ht","rumple","clumping.index"
"1","TALL_46E2.CSV",8.81417095760487,30,8.33333333333333,2.45160446898797,16,3.25917508308808,18.467,13.7282666666667,7.32858865114765,8.01451905626134,0,0.596491228070175,61.3282801508003,5.72873379014386,5.33946526465565,3.32141363686103,"TALL_46E2.CSV",7.8774658646847,3.31561071958039,1.34552876256708,98.6544712374329,18.467,4.8,0.889824635135002
