"","plot","mean.height","transect.length","mode.el","height.2","max.el","mode.2","max.can.ht","mean.max.ht","mean.vai","max.vai","deep.gaps","porosity","std.std","mean.std","rugosity","top.rugosity","plot","mean.return.ht","sd.return.ht","sky.fraction","cover.fraction","max.ht","rumple","clumping.index"
"1","TALL_50W.CSV",19.8052376452408,40,19.55,6.06068297216563,27,6.86276183471348,29.283,24.154475,3.90272870425342,8.02240896358543,1,0.7675,1003.22766258545,15.2498890078334,27.7609176331442,5.89047064415191,"TALL_50W.CSV",19.0717944172662,6.43577856969804,34.2802027384825,65.7197972615175,29.283,4.875,0.856278871646614
