"","plot","mean.height","transect.length","mode.el","height.2","max.el","mode.2","max.can.ht","mean.max.ht","mean.vai","max.vai","deep.gaps","porosity","std.std","mean.std","rugosity","top.rugosity","plot","mean.return.ht","sd.return.ht","sky.fraction","cover.fraction","max.ht","rumple","clumping.index"
"1","TALL_59C.CSV",17.0677200923973,40,16.075,10.9800048586476,36,12.5047740883232,36.289,25.363225,4.88694176809456,8.03712296983759,1,0.779054054054054,554.714449178568,17.6266832079933,15.6209631029465,9.13463716452734,"TALL_59C.CSV",13.4077638817112,9.31562902751041,30.763725996899,69.236274003101,36.289,6.3,0.968507184365917
