"","plot","mean.height","transect.length","mode.el","height.2","max.el","mode.2","max.can.ht","mean.max.ht","mean.vai","max.vai","deep.gaps","porosity","std.std","mean.std","rugosity","top.rugosity","plot","mean.return.ht","sd.return.ht","sky.fraction","cover.fraction","max.ht","rumple","clumping.index"
"1","TALL_51W.CSV",24.0591204648328,40,24.375,7.21062613488086,34,7.7514111618466,35.237,29.07855,3.60130686808075,8.49256900212314,0,0.797222222222222,1081.72068803125,20.5475611595331,25.681090678289,6.05084364090386,"TALL_51W.CSV",21.1580630556593,8.1059670505514,38.9565376020431,61.0434623979569,35.237,4.275,0.905757357024866
