"","plot","mean.height","transect.length","mode.el","height.2","max.el","mode.2","max.can.ht","mean.max.ht","mean.vai","max.vai","deep.gaps","porosity","std.std","mean.std","rugosity","top.rugosity","plot","mean.return.ht","sd.return.ht","sky.fraction","cover.fraction","max.ht","rumple","clumping.index"
"1","TALL_46E.CSV",8.90243624452494,30,7.96666666666667,2.63614606854759,14,3.41060437785185,17.93,13.6087,6.79251143547768,8.10762331838565,0,0.592982456140351,55.8786286815114,5.74966276649086,4.77702907183326,3.32282836679423,"TALL_46E.CSV",7.61164862270143,3.38546817797156,6.88991267276353,93.1100873272365,17.93,4.06666666666667,0.871628144514611
