"","plot","mean.height","transect.length","mode.el","height.2","max.el","mode.2","max.can.ht","mean.max.ht","mean.vai","max.vai","deep.gaps","porosity","std.std","mean.std","rugosity","top.rugosity","plot","mean.return.ht","sd.return.ht","sky.fraction","cover.fraction","max.ht","rumple","clumping.index"
"1","TALL_58C.CSV",14.1326944643901,40,11.975,5.58139915839208,30,6.39721619143827,35.687,23.97685,6.74547846340423,8.46963562753037,0,0.740540540540541,775.682495873739,19.5050394445027,19.8805415454945,7.76644931758163,"TALL_58C.CSV",13.3963596074222,7.12593168886503,5.11228597759131,94.8877140224087,35.687,4.95,0.917722979313893
