"","plot","mean.height","transect.length","mode.el","height.2","max.el","mode.2","max.can.ht","mean.max.ht","mean.vai","max.vai","deep.gaps","porosity","std.std","mean.std","rugosity","top.rugosity","plot","mean.return.ht","sd.return.ht","sky.fraction","cover.fraction","max.ht","rumple","clumping.index"
"1","TALL_60W.CSV",12.8091468293914,50,12.3,5.68935135814994,22,5.99749947894954,24.634,18.07676,4.7257434528758,8.28571428571429,3,0.735384615384615,133.648569064268,7.81769822718333,8.51658167887577,5.99133610378949,"TALL_60W.CSV",12.1914889327197,5.64316146639005,19.2675159235669,80.7324840764331,24.634,3.36,0.941589618861731
