"","plot","mean.height","transect.length","mode.el","height.2","max.el","mode.2","max.can.ht","mean.max.ht","mean.vai","max.vai","deep.gaps","porosity","std.std","mean.std","rugosity","top.rugosity","plot","mean.return.ht","sd.return.ht","sky.fraction","cover.fraction","max.ht","rumple","clumping.index"
"1","TALL_53W.CSV",13.3164179698451,40,12.525,7.59530768626441,26,7.8293917388262,27.203,18.74565,4.95701474397944,8.45190839694656,2,0.779464285714286,156.085303093121,6.97450984822803,10.3653999184832,6.64847045278374,"TALL_53W.CSV",12.0794303636733,7.34323264187359,20.0357418463913,79.9642581536087,27.203,4.6,0.97368028257307
