"","plot","mean.height","transect.length","mode.el","height.2","max.el","mode.2","max.can.ht","mean.max.ht","mean.vai","max.vai","deep.gaps","porosity","std.std","mean.std","rugosity","top.rugosity","plot","mean.return.ht","sd.return.ht","sky.fraction","cover.fraction","max.ht","rumple","clumping.index"
"1","TALL_53C.CSV",14.4053247582845,40,13.1,5.58415881659688,26,6.45677938294317,34.392,22.513725,6.60827201280385,8.0896,0,0.766428571428571,557.642225838005,17.029699837777,16.3594483181195,7.67919473939246,"TALL_53C.CSV",14.0011878689412,6.6530273007626,6.72358052131744,93.2764194786826,34.392,4.975,0.947023624516768
