"","plot","mean.height","transect.length","mode.el","height.2","max.el","mode.2","max.can.ht","mean.max.ht","mean.vai","max.vai","deep.gaps","porosity","std.std","mean.std","rugosity","top.rugosity","plot","mean.return.ht","sd.return.ht","sky.fraction","cover.fraction","max.ht","rumple","clumping.index"
"1","TALL_49W.CSV",15.4408182212246,40,15.2,9.61211845647508,26,9.52155449493411,27.085,17.418175,3.20878214812867,8.02990654205608,10,0.821428571428571,115.817537123334,5.68265590628441,9.1391990335097,10.9556031862111,"TALL_49W.CSV",19.4509884670341,3.87144699636145,58.2939599029498,41.7060400970502,27.085,3.525,0.837175564197981
