"","plot","mean.height","transect.length","mode.el","height.2","max.el","mode.2","max.can.ht","mean.max.ht","mean.vai","max.vai","deep.gaps","porosity","std.std","mean.std","rugosity","top.rugosity","plot","mean.return.ht","sd.return.ht","sky.fraction","cover.fraction","max.ht","rumple","clumping.index"
"1","TALL_55E.CSV",14.358178889936,40,13.575,5.62145429362171,23,5.80037714291062,29.095,20.3319,6.53277395420747,8.08121827411168,0,0.739166666666667,147.140516075479,8.55586452658999,8.59870329050362,5.64487390697445,"TALL_55E.CSV",13.8724874493501,6.21905991072864,8.48543221767397,91.514567782326,29.095,4.6,0.930070957655627
