"","plot","mean.height","transect.length","mode.el","height.2","max.el","mode.2","max.can.ht","mean.max.ht","mean.vai","max.vai","deep.gaps","porosity","std.std","mean.std","rugosity","top.rugosity","plot","mean.return.ht","sd.return.ht","sky.fraction","cover.fraction","max.ht","rumple","clumping.index"
"1","TALL_61W.CSV",11.8913296207477,30,11.5,7.97482908929307,23,7.82197758455835,23.002,12.8773333333333,1.12552725086507,8.13079019073569,5,0.866666666666667,28.7562433340201,2.6925861767326,4.63748024415076,8.68792756262006,"TALL_61W.CSV",14.2694468133884,5.00832564397365,73.2474701011959,26.7525298988041,23.002,5.56666666666667,0.960061824887108
