"","plot","mean.height","transect.length","mode.el","height.2","max.el","mode.2","max.can.ht","mean.max.ht","mean.vai","max.vai","deep.gaps","porosity","std.std","mean.std","rugosity","top.rugosity","plot","mean.return.ht","sd.return.ht","sky.fraction","cover.fraction","max.ht","rumple","clumping.index"
"1","TALL_51C.CSV",18.2861226215736,20,18.55,11.1634499732484,31,11.1600851251234,32.984,19.0838,1.79560071796424,7.82892158719284,5,0.833823529411765,48.2340642093181,4.30221255840719,5.45206670094943,11.8067784125989,"TALL_51C.CSV",21.5496888560158,5.13089325209347,58.8348726276261,41.1651273723739,32.984,4.45,0.863950789091697
