"","plot","mean.height","transect.length","mode.el","height.2","max.el","mode.2","max.can.ht","mean.max.ht","mean.vai","max.vai","deep.gaps","porosity","std.std","mean.std","rugosity","top.rugosity","plot","mean.return.ht","sd.return.ht","sky.fraction","cover.fraction","max.ht","rumple","clumping.index"
"1","TALL_61C.CSV",10.6249286017999,40,10.5,9.44839814192147,27,9.83361581515162,28.399,13.8866,2.6415337107538,8.05745062836625,14,0.816379310344828,216.20528424517,7.5485784318881,12.6184090876308,12.1125797201473,"TALL_61C.CSV",16.2772015315315,5.40160584385981,66.913079766305,33.086920233695,28.399,5.425,0.931232127373579
