"","plot","mean.height","transect.length","mode.el","height.2","max.el","mode.2","max.can.ht","mean.max.ht","mean.vai","max.vai","deep.gaps","porosity","std.std","mean.std","rugosity","top.rugosity","plot","mean.return.ht","sd.return.ht","sky.fraction","cover.fraction","max.ht","rumple","clumping.index"
"1","TALL_46C2.CSV",7.18745258211005,40,6.7,2.07241463887487,13,2.74043792120894,16.635,11.6201,6.43862658329959,8.1541755888651,0,0.616666666666667,20.515939328641,3.54908158736935,2.81424220969638,2.9957832056717,"TALL_46C2.CSV",6.56427394149137,2.6901299960891,10.0972289742343,89.9027710257657,16.635,3.3,0.855581156782753
