"","plot","mean.height","transect.length","mode.el","height.2","max.el","mode.2","max.can.ht","mean.max.ht","mean.vai","max.vai","deep.gaps","porosity","std.std","mean.std","rugosity","top.rugosity","plot","mean.return.ht","sd.return.ht","sky.fraction","cover.fraction","max.ht","rumple","clumping.index"
"1","TALL_55C.CSV",10.4082435252032,40,9.8,7.86102094196585,23,7.6752850109947,23.601,13.250525,3.34320270872364,8.03109815354713,10,0.832,44.6941512666284,3.13103752001727,5.90683970621114,8.94902468826374,"TALL_55C.CSV",12.1141607225567,6.14758907630409,50.6471983312855,49.3528016687145,23.601,5.175,0.956116173248155
