"","plot","mean.height","transect.length","mode.el","height.2","max.el","mode.2","max.can.ht","mean.max.ht","mean.vai","max.vai","deep.gaps","porosity","std.std","mean.std","rugosity","top.rugosity","plot","mean.return.ht","sd.return.ht","sky.fraction","cover.fraction","max.ht","rumple","clumping.index"
"1","TALL_46C.CSV",7.49074814173914,30,6.86666666666667,2.2917757360069,14,3.13829394558395,17.085,12.3414,6.65142827310842,10.5986394557823,0,0.538888888888889,47.8755088141144,4.96919012235677,4.81483731209958,3.18906790619843,"TALL_46C.CSV",6.79990208278175,2.80601919916299,6.42497316045916,93.5750268395408,17.085,3.2,0.819285649354149
