"","plot","mean.height","transect.length","mode.el","height.2","max.el","mode.2","max.can.ht","mean.max.ht","mean.vai","max.vai","deep.gaps","porosity","std.std","mean.std","rugosity","top.rugosity","plot","mean.return.ht","sd.return.ht","sky.fraction","cover.fraction","max.ht","rumple","clumping.index"
"1","TALL_59W.CSV",13.04598078798,40,11.725,5.10226421302235,27,6.42645897831769,34.691,24.6367,6.65396525666033,8.01626016260163,0,0.736111111111111,967.414936697608,22.0596437332619,21.9268569352556,6.28514563077102,"TALL_59W.CSV",12.3107638481412,6.8000828298158,4.79426355942802,95.205736440572,34.691,6.775,0.925698001021366
