"","plot","mean.height","transect.length","mode.el","height.2","max.el","mode.2","max.can.ht","mean.max.ht","mean.vai","max.vai","deep.gaps","porosity","std.std","mean.std","rugosity","top.rugosity","plot","mean.return.ht","sd.return.ht","sky.fraction","cover.fraction","max.ht","rumple","clumping.index"
"1","TREE_47W.CSV",11.8050242461568,40,10.95,6.58906349495818,19,6.58008358609524,21.891,14.751075,2.97523623471232,8.16603773584906,8,0.776086956521739,45.7424147912331,3.69477813488315,5.66489446726261,7.69164217532284,"TREE_47W.CSV",13.0519714334197,4.20803908753755,50.5651214128035,49.4348785871965,21.891,5.5,0.87050570518033
