"","plot","mean.height","transect.length","mode.el","height.2","max.el","mode.2","max.can.ht","mean.max.ht","mean.vai","max.vai","deep.gaps","porosity","std.std","mean.std","rugosity","top.rugosity","plot","mean.return.ht","sd.return.ht","sky.fraction","cover.fraction","max.ht","rumple","clumping.index"
"1","TREE_46W.CSV",8.72014413583445,40,7.8,3.99461402046486,19,4.63788745012209,23.165,13.1874,7.49306690248316,9.2962962962963,0,0.763541666666667,146.507656922859,7.13247432208718,9.77933877967349,5.3027185857822,"TREE_46W.CSV",7.97635222299009,4.55834050100737,3.9814200398142,96.0185799601858,23.165,4.775,0.928438073195237
