"","plot","mean.height","transect.length","mode.el","height.2","max.el","mode.2","max.can.ht","mean.max.ht","mean.vai","max.vai","deep.gaps","porosity","std.std","mean.std","rugosity","top.rugosity","plot","mean.return.ht","sd.return.ht","sky.fraction","cover.fraction","max.ht","rumple","clumping.index"
"1","TREE_53E.CSV",9.85994309124435,40,8.9,5.85823496522329,20,5.79568805233684,22.038,13.888025,5.94117374780935,8.86315789473684,5,0.769565217391304,67.1081190317493,4.79269348702222,6.64365924556672,7.39806468278299,"TREE_53E.CSV",10.468515609337,5.11099622574968,23.1666391593772,76.8333608406228,22.038,4.325,0.960026770331296
