"","plot","mean.height","transect.length","mode.el","height.2","max.el","mode.2","max.can.ht","mean.max.ht","mean.vai","max.vai","deep.gaps","porosity","std.std","mean.std","rugosity","top.rugosity","plot","mean.return.ht","sd.return.ht","sky.fraction","cover.fraction","max.ht","rumple","clumping.index"
"1","TREE_42E.CSV",10.769903055189,40,9.675,4.28849942698531,19,4.71904386502181,22.557,15.3615,7.0376277720942,15.3469387755102,1,0.780208333333333,264.520103440438,8.88788491424139,13.6207784355975,5.75511342756184,"TREE_42E.CSV",9.99777817082583,4.80191679563443,12.504220596511,87.495779403489,22.557,5.05,0.949312647319369
