"","plot","mean.height","transect.length","mode.el","height.2","max.el","mode.2","max.can.ht","mean.max.ht","mean.vai","max.vai","deep.gaps","porosity","std.std","mean.std","rugosity","top.rugosity","plot","mean.return.ht","sd.return.ht","sky.fraction","cover.fraction","max.ht","rumple","clumping.index"
"1","TREE_41C.CSV",13.9534010921311,40,13.25,6.64522209584547,24,6.78140840828806,54.184,17.75605,4.61145635757083,8.02298850574713,5,0.911818181818182,60.4651385510968,4.84424910943174,6.08263011507905,9.59821211169172,"TREE_41C.CSV",14.7499685837086,4.83590762324026,41.6283376142405,58.3716623857595,54.184,6.575,0.847509586858667
