"","plot","mean.height","transect.length","mode.el","height.2","max.el","mode.2","max.can.ht","mean.max.ht","mean.vai","max.vai","deep.gaps","porosity","std.std","mean.std","rugosity","top.rugosity","plot","mean.return.ht","sd.return.ht","sky.fraction","cover.fraction","max.ht","rumple","clumping.index"
"1","TREE_25E.CSV",6.23148014315495,40,5.325,5.06063924515772,16,4.72962736375711,20.503,9.15135,2.59843685296915,8.29677419354839,11,0.818181818181818,84.6613211124956,4.25895986534216,8.15613768752712,7.12809132776251,"TREE_25E.CSV",7.49965261220898,3.94459225080304,50.9977653193241,49.0022346806759,20.503,4.475,0.965971323471502
