"","plot","mean.height","transect.length","mode.el","height.2","max.el","mode.2","max.can.ht","mean.max.ht","mean.vai","max.vai","deep.gaps","porosity","std.std","mean.std","rugosity","top.rugosity","plot","mean.return.ht","sd.return.ht","sky.fraction","cover.fraction","max.ht","rumple","clumping.index"
"1","TREE_42W.CSV",11.9412536979473,40,11.025,4.60760305862509,21,5.10630737421867,23.61,17.739675,7.25689354409044,8.03611738148984,0,0.738,168.851367996349,8.21390769312283,10.0689169430087,4.21374705280229,"TREE_42W.CSV",11.0236442517515,5.22419458931752,4.66440381035804,95.335596189642,23.61,3.7,0.933133561533698
