"","plot","mean.height","transect.length","mode.el","height.2","max.el","mode.2","max.can.ht","mean.max.ht","mean.vai","max.vai","deep.gaps","porosity","std.std","mean.std","rugosity","top.rugosity","plot","mean.return.ht","sd.return.ht","sky.fraction","cover.fraction","max.ht","rumple","clumping.index"
"1","TREE_53W.CSV",7.90549105342476,40,6.725,3.93445652863853,15,3.59156999096495,23.467,13.6795,6.10546775025203,8.07158836689038,4,0.745833333333333,145.57345947533,6.77585174314052,9.98305026684276,6.72841381467716,"TREE_53W.CSV",7.94505002487032,3.81145279781705,20.9337603236137,79.0662396763863,23.467,6.6,0.881329301262123
