"","plot","mean.height","transect.length","mode.el","height.2","max.el","mode.2","max.can.ht","mean.max.ht","mean.vai","max.vai","deep.gaps","porosity","std.std","mean.std","rugosity","top.rugosity","plot","mean.return.ht","sd.return.ht","sky.fraction","cover.fraction","max.ht","rumple","clumping.index"
"1","TREE_39C_XXX.CSV",7.06269991973845,30,5.56666666666667,2.31781276376577,10,2.66687499186262,18.219,10.4577666666667,6.88676852877609,8.01574803149606,0,0.642105263157895,49.5487892356011,4.55888248540579,5.36333662190444,3.57189394061309,"TREE_39C_XXX.CSV",6.35002698391774,3.04159921365012,15.1928451648966,84.8071548351034,18.219,3.2,0.856880941146374
