"","plot","mean.height","transect.length","mode.el","height.2","max.el","mode.2","max.can.ht","mean.max.ht","mean.vai","max.vai","deep.gaps","porosity","std.std","mean.std","rugosity","top.rugosity","plot","mean.return.ht","sd.return.ht","sky.fraction","cover.fraction","max.ht","rumple","clumping.index"
"1","TREE_46E.CSV",9.94825932943426,40,9.225,4.55542656257146,19,5.23682871593105,22.06,15.113675,4.70794436640594,8.06756756756757,2,0.758695652173913,151.401675933237,8.51096367673832,8.88623504227058,4.68845549106171,"TREE_46E.CSV",9.14362121421657,4.55979215617376,27.686384319216,72.313615680784,22.06,5.5,0.934911190068093
