"","plot","mean.height","transect.length","mode.el","height.2","max.el","mode.2","max.can.ht","mean.max.ht","mean.vai","max.vai","deep.gaps","porosity","std.std","mean.std","rugosity","top.rugosity","plot","mean.return.ht","sd.return.ht","sky.fraction","cover.fraction","max.ht","rumple","clumping.index"
"1","TREE_49C.CSV",8.80525088421045,40,8.275,5.75821482308008,19,5.7183367337015,22.263,12.147575,4.65149246210259,8.03007518796992,10,0.805434782608696,41.5680736611229,3.85236050776789,5.16985417389246,7.70914787232076,"TREE_49C.CSV",10.4300588103757,3.53514334556514,50.4652193176783,49.5347806823217,22.263,3.85,0.931166835868516
