"","plot","mean.height","transect.length","mode.el","height.2","max.el","mode.2","max.can.ht","mean.max.ht","mean.vai","max.vai","deep.gaps","porosity","std.std","mean.std","rugosity","top.rugosity","plot","mean.return.ht","sd.return.ht","sky.fraction","cover.fraction","max.ht","rumple","clumping.index"
"1","TREE_45C.CSV",10.5499709505268,40,9.85,5.41231434448555,21,5.87601055138604,21.561,13.644175,2.45207379081091,8.11325611325611,5,0.776086956521739,188.233824021732,7.21156393727245,11.6716395420851,6.37633492463765,"TREE_45C.CSV",10.9486735409363,4.47850928604357,51.1452176249328,48.8547823750672,21.561,4.6,0.911682068650279
