"","plot","mean.height","transect.length","mode.el","height.2","max.el","mode.2","max.can.ht","mean.max.ht","mean.vai","max.vai","deep.gaps","porosity","std.std","mean.std","rugosity","top.rugosity","plot","mean.return.ht","sd.return.ht","sky.fraction","cover.fraction","max.ht","rumple","clumping.index"
"1","TREE_39E.CSV",6.46294628722078,40,5.45,2.63102778899139,13,2.6167728216259,18.939,9.5627,7.87201682810042,8.0381861575179,0,0.7275,40.1234436739308,3.01213229484895,5.57229779464978,4.07416266810173,"TREE_39E.CSV",6.07478989413522,3.21673747384877,0.613219726310354,99.3867802736897,18.939,2.675,0.852835086782091
