"","plot","mean.height","transect.length","mode.el","height.2","max.el","mode.2","max.can.ht","mean.max.ht","mean.vai","max.vai","deep.gaps","porosity","std.std","mean.std","rugosity","top.rugosity","plot","mean.return.ht","sd.return.ht","sky.fraction","cover.fraction","max.ht","rumple","clumping.index"
"1","TREE_56C.CSV",8.69432525474803,40,7.65,4.90918349020819,16,4.75157868502669,19.59,12.196375,4.89118276814366,8.07547169811321,3,0.775,20.2351456342217,2.92951696686644,3.41366020205049,5.78930813672265,"TREE_56C.CSV",8.07176671132946,4.21116518392162,27.3759325332468,72.6240674667532,19.59,4.55,0.959494430541909
