"","plot","mean.height","transect.length","mode.el","height.2","max.el","mode.2","max.can.ht","mean.max.ht","mean.vai","max.vai","deep.gaps","porosity","std.std","mean.std","rugosity","top.rugosity","plot","mean.return.ht","sd.return.ht","sky.fraction","cover.fraction","max.ht","rumple","clumping.index"
"1","TREE_41E.CSV",14.5974647815823,40,13.95,6.6958047685388,21,7.05673437221496,23.886,16.801075,3.69923215400587,8.02453987730061,5,0.803,100.805209646306,5.19427327337592,8.59213214562014,7.04913819568911,"TREE_41E.CSV",15.1376163543897,4.42525099925061,41.6948447172658,58.3051552827342,23.886,3.675,0.894452916269192
