"","plot","mean.height","transect.length","mode.el","height.2","max.el","mode.2","max.can.ht","mean.max.ht","mean.vai","max.vai","deep.gaps","porosity","std.std","mean.std","rugosity","top.rugosity","plot","mean.return.ht","sd.return.ht","sky.fraction","cover.fraction","max.ht","rumple","clumping.index"
"1","TREE_39W.CSV",5.29836571261547,40,4.675,4.73132793496043,20,4.77172662670443,22.381,7.50375,4.17996551645259,8.10126582278481,8,0.851086956521739,43.4666852054161,2.65903682851208,6.03292701348463,6.7874750365504,"TREE_39W.CSV",5.53190023332529,4.05243320547046,40.1444738743077,59.8555261256923,22.381,6.1,0.886413088345196
