"","plot","mean.height","transect.length","mode.el","height.2","max.el","mode.2","max.can.ht","mean.max.ht","mean.vai","max.vai","deep.gaps","porosity","std.std","mean.std","rugosity","top.rugosity","plot","mean.return.ht","sd.return.ht","sky.fraction","cover.fraction","max.ht","rumple","clumping.index"
"1","TREE_56W.CSV",8.78384126470597,40,8,6.01547960080086,19,5.95399025864168,22.012,11.985975,4.04046421384658,8.02453987730061,10,0.792391304347826,176.368940371139,6.09753126033433,11.7978410270856,7.79858940725492,"TREE_56W.CSV",10.1700685121107,4.28758654187702,49.4136180640644,50.5863819359356,22.012,3.425,0.950179009393629
