"","plot","mean.height","transect.length","mode.el","height.2","max.el","mode.2","max.can.ht","mean.max.ht","mean.vai","max.vai","deep.gaps","porosity","std.std","mean.std","rugosity","top.rugosity","plot","mean.return.ht","sd.return.ht","sky.fraction","cover.fraction","max.ht","rumple","clumping.index"
"1","TREE_25W.CSV",5.91049618474042,40,5.1,3.27395760948181,16,3.6592348927064,18.023,8.70075,6.48499574579778,8.17133443163097,1,0.730263157894737,35.1373809711605,3.25024757258246,4.95714350085634,4.16907370115245,"TREE_25W.CSV",4.93233140408481,2.85630082796422,15.9620241324478,84.0379758675521,18.023,3.675,0.82717695553628
