"","plot","mean.height","transect.length","mode.el","height.2","max.el","mode.2","max.can.ht","mean.max.ht","mean.vai","max.vai","deep.gaps","porosity","std.std","mean.std","rugosity","top.rugosity","plot","mean.return.ht","sd.return.ht","sky.fraction","cover.fraction","max.ht","rumple","clumping.index"
"1","TREE_47C.CSV",7.59418782183224,40,6.975,4.84890256658226,17,4.6394369270419,19.385,9.155125,3.5027810554107,8.02689075630252,7,0.835,14.3209081213014,1.97309798711984,3.22920926149499,6.05502204441349,"TREE_47C.CSV",7.8283152640142,3.84831059649354,44.9743631480426,55.0256368519574,19.385,3.725,0.965373585977475
