"","plot","mean.height","transect.length","mode.el","height.2","max.el","mode.2","max.can.ht","mean.max.ht","mean.vai","max.vai","deep.gaps","porosity","std.std","mean.std","rugosity","top.rugosity","plot","mean.return.ht","sd.return.ht","sky.fraction","cover.fraction","max.ht","rumple","clumping.index"
"1","TREE_25C.CSV",6.67742978457526,40,6.05,6.35024867725307,19,6.2767427858723,19.923,9.64415,3.0854771360802,8.02684563758389,15,0.783333333333333,140.351043082023,5.92068758008161,10.2614083663545,8.59297371455158,"TREE_25C.CSV",9.842163028292,5.09823575715439,52.8840615485888,47.1159384514112,19.923,3.2,0.95997659864568
