"","plot","mean.height","transect.length","mode.el","height.2","max.el","mode.2","max.can.ht","mean.max.ht","mean.vai","max.vai","deep.gaps","porosity","std.std","mean.std","rugosity","top.rugosity","plot","mean.return.ht","sd.return.ht","sky.fraction","cover.fraction","max.ht","rumple","clumping.index"
"1","UNDE_54C.CSV",15.2011189271735,40,14.65,5.29636908123883,24,6.18283915365748,25.069,22.105575,5.95159152585373,8.02707275803722,0,0.701923076923077,533.313125489962,14.1844373088416,18.2240188685565,3.07066237644717,"UNDE_54C.CSV",13.6836844681553,6.05825634964002,10.5964498205242,89.4035501794758,25.069,2.75,0.896401586969046
