"","plot","mean.height","transect.length","mode.el","height.2","max.el","mode.2","max.can.ht","mean.max.ht","mean.vai","max.vai","deep.gaps","porosity","std.std","mean.std","rugosity","top.rugosity","plot","mean.return.ht","sd.return.ht","sky.fraction","cover.fraction","max.ht","rumple","clumping.index"
"1","UNDE_49C_XXX.CSV",5.20568907981738,50,4.18,2.49111977527937,16,2.70325729445053,19.513,8.68148,7.07121205962489,9.34513274336283,0,0.735238095238095,29.4649233042963,3.33375605918706,4.28380599959077,4.43144875301658,"UNDE_49C_XXX.CSV",4.62852417708599,2.97522961108044,5.38387252535007,94.6161274746499,19.513,3.88,0.728654846490093
