"","plot","mean.height","transect.length","mode.el","height.2","max.el","mode.2","max.can.ht","mean.max.ht","mean.vai","max.vai","deep.gaps","porosity","std.std","mean.std","rugosity","top.rugosity","plot","mean.return.ht","sd.return.ht","sky.fraction","cover.fraction","max.ht","rumple","clumping.index"
"1","UNDE_47C.CSV",11.6030469898752,40,10.3,6.24427640048507,22,6.8854919940408,24.948,17.700725,7.34407695518037,8.32740213523132,0,0.758653846153846,216.359302442646,8.70491724197336,11.8568005065887,5.50800016287498,"UNDE_47C.CSV",10.9305631832094,6.57263741137632,1.85953368616794,98.1404663138321,24.948,3.85,0.890286618938891
