"","plot","mean.height","transect.length","mode.el","height.2","max.el","mode.2","max.can.ht","mean.max.ht","mean.vai","max.vai","deep.gaps","porosity","std.std","mean.std","rugosity","top.rugosity","plot","mean.return.ht","sd.return.ht","sky.fraction","cover.fraction","max.ht","rumple","clumping.index"
"1","UNDE_45W.CSV",6.95646761950371,40,5.525,2.60619459807642,14,2.8547110186497,19.835,12.918475,6.72305781695852,8.0335429769392,0,0.65952380952381,72.8996464664719,6.26991640396059,5.79549780034622,4.68733739950464,"UNDE_45W.CSV",6.51921353806655,3.57863239547247,6.37884810945734,93.6211518905427,19.835,4.35,0.935228828809126
