"","plot","mean.height","transect.length","mode.el","height.2","max.el","mode.2","max.can.ht","mean.max.ht","mean.vai","max.vai","deep.gaps","porosity","std.std","mean.std","rugosity","top.rugosity","plot","mean.return.ht","sd.return.ht","sky.fraction","cover.fraction","max.ht","rumple","clumping.index"
"1","UNDE_61W.CSV",9.95360514205822,40,9.225,5.08513502220635,22,5.89273917630842,24.486,16.235975,6.6573286144361,8.06472491909385,1,0.715,85.3630269561147,6.44949487382271,6.61566646896964,5.85212958602821,"UNDE_61W.CSV",8.68422727272727,4.7155876771528,12.9779071305728,87.0220928694272,24.486,6.2,0.901154749288405
