"","plot","mean.height","transect.length","mode.el","height.2","max.el","mode.2","max.can.ht","mean.max.ht","mean.vai","max.vai","deep.gaps","porosity","std.std","mean.std","rugosity","top.rugosity","plot","mean.return.ht","sd.return.ht","sky.fraction","cover.fraction","max.ht","rumple","clumping.index"
"1","UNDE_54W.CSV",16.7162391166737,40,15.6,3.97351460762135,24,4.88262224629348,24.819,21.540925,6.20516197284504,8.10738255033557,0,0.717307692307692,81.1272991095827,6.75888600979707,5.95355011872345,2.48105131136286,"UNDE_54W.CSV",16.0175634649764,4.76847338549024,11.2846638150622,88.7153361849378,24.819,2.925,0.795020502241991
