"","plot","mean.height","transect.length","mode.el","height.2","max.el","mode.2","max.can.ht","mean.max.ht","mean.vai","max.vai","deep.gaps","porosity","std.std","mean.std","rugosity","top.rugosity","plot","mean.return.ht","sd.return.ht","sky.fraction","cover.fraction","max.ht","rumple","clumping.index"
"1","UNDE_48E_XXX.CSV",10.3740822783362,50,10.22,5.16526310418117,19,6.13282968946636,21.195,14.69082,4.30653046455012,10.1190019193858,4,0.730909090909091,283.12754211276,11.0449813334739,12.6939327812925,6.24138619051759,"UNDE_48E_XXX.CSV",9.39254162927321,5.22446116907757,29.0753968253968,70.9246031746032,21.195,4.46,0.95975756571145
