"","plot","mean.height","transect.length","mode.el","height.2","max.el","mode.2","max.can.ht","mean.max.ht","mean.vai","max.vai","deep.gaps","porosity","std.std","mean.std","rugosity","top.rugosity","plot","mean.return.ht","sd.return.ht","sky.fraction","cover.fraction","max.ht","rumple","clumping.index"
"1","UNDE_45E.CSV",10.0824832944766,40,9.4,6.44018232929765,23,7.83198569968051,25.861,17.1045,6.50448372850899,8.015625,0,0.712962962962963,710.487395234607,18.2529349444469,19.4246688813065,7.1064291837455,"UNDE_45E.CSV",9.2258156635603,7.54290414912521,6.30337794773741,93.6966220522626,25.861,6.525,0.931767971470007
