"","plot","mean.height","transect.length","mode.el","height.2","max.el","mode.2","max.can.ht","mean.max.ht","mean.vai","max.vai","deep.gaps","porosity","std.std","mean.std","rugosity","top.rugosity","plot","mean.return.ht","sd.return.ht","sky.fraction","cover.fraction","max.ht","rumple","clumping.index"
"1","UNDE_47W.CSV",17.1754518428703,40,15.8,6.0149729660535,25,7.8108898340714,26.438,22.140825,5.76065240035601,8.13333333333333,0,0.752777777777778,686.989009452059,15.8186684088749,20.8987736296205,4.15060194514618,"UNDE_47W.CSV",16.1939833297599,6.59413886149474,20.348390402186,79.651609597814,26.438,2.925,0.859172330855989
