"","plot","mean.height","transect.length","mode.el","height.2","max.el","mode.2","max.can.ht","mean.max.ht","mean.vai","max.vai","deep.gaps","porosity","std.std","mean.std","rugosity","top.rugosity","plot","mean.return.ht","sd.return.ht","sky.fraction","cover.fraction","max.ht","rumple","clumping.index"
"1","UNDE_50W.CSV",8.76383778445314,40,8.475,5.49769696371887,24,6.73419445813677,24.35,14.515975,5.06759768087951,8.46920821114369,1,0.697,173.214066670127,9.43719415117405,9.17351803961671,5.88718292079911,"UNDE_50W.CSV",6.67384966974901,4.49139595732697,22.321648468927,77.678351531073,24.35,6.475,0.868643837154503
