"","plot","mean.height","transect.length","mode.el","height.2","max.el","mode.2","max.can.ht","mean.max.ht","mean.vai","max.vai","deep.gaps","porosity","std.std","mean.std","rugosity","top.rugosity","plot","mean.return.ht","sd.return.ht","sky.fraction","cover.fraction","max.ht","rumple","clumping.index"
"1","UVAX_A3_08_C.CSV",8.5412746381361,40,6.525,4.1633779400757,20,5.22009338996919,22.697,18.995125,6.58555236959416,8.64804469273743,0,0.654166666666667,734.464507784153,20.2270168042454,18.0369703383059,3.3521712457596,"UVAX_A3_08_C.CSV",7.94777746212121,5.97318468899242,4.99325236167342,95.0067476383266,22.697,2.775,0.932355164927756
