"","plot","mean.height","transect.length","mode.el","height.2","max.el","mode.2","max.can.ht","mean.max.ht","mean.vai","max.vai","deep.gaps","porosity","std.std","mean.std","rugosity","top.rugosity","plot","mean.return.ht","sd.return.ht","sky.fraction","cover.fraction","max.ht","rumple","clumping.index"
"1","UVAX_A4_14E.CSV",10.86429459681,40,9.475,4.11296710713181,20,4.79576636211565,24.742,18.4785,7.11274839030995,8.02555910543131,0,0.669230769230769,218.340701593944,11.5069130481287,9.26993277735875,4.68829289909369,"UVAX_A4_14E.CSV",9.86599460299288,5.0610364417971,1.97980121833922,98.0201987816608,24.742,3.725,0.923636743670865
