"","plot","mean.height","transect.length","mode.el","height.2","max.el","mode.2","max.can.ht","mean.max.ht","mean.vai","max.vai","deep.gaps","porosity","std.std","mean.std","rugosity","top.rugosity","plot","mean.return.ht","sd.return.ht","sky.fraction","cover.fraction","max.ht","rumple","clumping.index"
"1","UVAX_A4_01E.CSV",12.7652846901305,40,10.85,7.31376574718746,27,7.98608164245771,29.066,23.01775,6.85402347716007,8.07430340557276,0,0.743333333333333,1180.26604458495,24.0241100897859,24.558260911123,7.27708703960941,"UVAX_A4_01E.CSV",11.3496835047619,8.26421650684789,2.61185723825778,97.3881427617422,29.066,6.45,0.964781400656004
