"","plot","mean.height","transect.length","mode.el","height.2","max.el","mode.2","max.can.ht","mean.max.ht","mean.vai","max.vai","deep.gaps","porosity","std.std","mean.std","rugosity","top.rugosity","plot","mean.return.ht","sd.return.ht","sky.fraction","cover.fraction","max.ht","rumple","clumping.index"
"1","UVAX_A4_14C.CSV",9.7664402967041,40,8.775,5.85020223946951,23,6.38156524686538,25.11,16.55095,5.8079625431805,8.2970297029703,0,0.745192307692308,306.044751523032,9.26462054846547,14.8395268663116,5.84125146386479,"UVAX_A4_14C.CSV",8.47500105693348,6.1739512581526,11.7687286291576,88.2312713708424,25.11,5.05,0.961638697529812
