"","plot","mean.height","transect.length","mode.el","height.2","max.el","mode.2","max.can.ht","mean.max.ht","mean.vai","max.vai","deep.gaps","porosity","std.std","mean.std","rugosity","top.rugosity","plot","mean.return.ht","sd.return.ht","sky.fraction","cover.fraction","max.ht","rumple","clumping.index"
"1","UVAX_A4005E.CSV",10.6113631778702,40,7.5,3.97035732299811,20,6.00832755431992,23.339,18.64825,6.41895738842294,8.18122977346278,0,0.6875,935.286878469836,24.4277408012804,18.400335807134,3.77227814423008,"UVAX_A4005E.CSV",9.77917829457364,5.99319354356466,5.53886594066841,94.4611340593316,23.339,3.675,0.950939176866347
