"","plot","mean.height","transect.length","mode.el","height.2","max.el","mode.2","max.can.ht","mean.max.ht","mean.vai","max.vai","deep.gaps","porosity","std.std","mean.std","rugosity","top.rugosity","plot","mean.return.ht","sd.return.ht","sky.fraction","cover.fraction","max.ht","rumple","clumping.index"
"1","UVAX_B3_08C.CSV",7.73302702948748,40,6.475,3.68138954287279,19,3.85997085481225,29.192,14.04295,6.05819236198714,8.24896265560166,0,0.765833333333333,271.474954143063,9.56173141573107,13.4182057845483,7.47946947573566,"UVAX_B3_08C.CSV",6.61868606216349,4.37224039280903,9.5817658774065,90.4182341225935,29.192,5.925,0.869468695224326
