"","plot","mean.height","transect.length","mode.el","height.2","max.el","mode.2","max.can.ht","mean.max.ht","mean.vai","max.vai","deep.gaps","porosity","std.std","mean.std","rugosity","top.rugosity","plot","mean.return.ht","sd.return.ht","sky.fraction","cover.fraction","max.ht","rumple","clumping.index"
"1","UVAX_A4_14W.CSV",11.4012134029418,40,10.825,5.91633985791212,22,6.97096657573396,23.22,17.1938,5.25967995610546,8.50909090909091,0,0.736458333333333,326.009195356806,11.7159048560305,13.7385140667121,5.10404200911094,"UVAX_A4_14W.CSV",10.1107928100035,6.52312218238388,14.5253469902769,85.4746530097231,23.22,3.75,0.971420402447847
