"","plot","mean.height","transect.length","mode.el","height.2","max.el","mode.2","max.can.ht","mean.max.ht","mean.vai","max.vai","deep.gaps","porosity","std.std","mean.std","rugosity","top.rugosity","plot","mean.return.ht","sd.return.ht","sky.fraction","cover.fraction","max.ht","rumple","clumping.index"
"1","UVAX_B3_08E.CSV",10.8818918688605,40,9.775,4.40935052230761,22,4.87589735330841,26.592,17.754325,6.57895671553304,8.06896551724138,0,0.76875,205.785696510001,9.68827621853836,10.5793667307313,5.67994262515036,"UVAX_B3_08E.CSV",9.90808833990817,5.35553074935172,6.00571393836241,93.9942860616376,26.592,4.45,0.941626678786871
