"","plot","mean.height","transect.length","mode.el","height.2","max.el","mode.2","max.can.ht","mean.max.ht","mean.vai","max.vai","deep.gaps","porosity","std.std","mean.std","rugosity","top.rugosity","plot","mean.return.ht","sd.return.ht","sky.fraction","cover.fraction","max.ht","rumple","clumping.index"
"1","UVAX_A4_01C.CSV",10.3230186544008,40,8.875,5.70585798999526,29,6.95049458671827,29.962,20.514125,6.36677962660482,8.04938271604938,0,0.800806451612903,952.737052532316,21.9198736932623,21.7314562283282,6.66655376771391,"UVAX_A4_01C.CSV",9.35725480769231,7.11357444193305,5.82908885116016,94.1709111488398,29.962,5.325,0.932631791011069
