"","plot","mean.height","transect.length","mode.el","height.2","max.el","mode.2","max.can.ht","mean.max.ht","mean.vai","max.vai","deep.gaps","porosity","std.std","mean.std","rugosity","top.rugosity","plot","mean.return.ht","sd.return.ht","sky.fraction","cover.fraction","max.ht","rumple","clumping.index"
"1","UVAX_A4_01W.CSV",9.70455480638618,40,8.2,4.29056007826107,23,4.95075751779463,26.661,17.7217,7.30088239551382,8.02253521126761,0,0.742857142857143,311.357520098982,10.5099199478829,14.1738880617873,6.53910106815051,"UVAX_A4_01W.CSV",9.11378231738402,5.13440923237545,1.76706252682787,98.2329374731721,26.661,4.95,0.91992322865093
