"","plot","mean.height","transect.length","mode.el","height.2","max.el","mode.2","max.can.ht","mean.max.ht","mean.vai","max.vai","deep.gaps","porosity","std.std","mean.std","rugosity","top.rugosity","plot","mean.return.ht","sd.return.ht","sky.fraction","cover.fraction","max.ht","rumple","clumping.index"
"1","UVAX_A403E.CSV",12.8625800487699,40,10.5,5.42453338847164,23,6.85565460040104,32.443,24.329175,7.31697735627939,8.02749140893471,0,0.725,1369.64389674365,29.1544349837823,22.7961140881524,5.16438955057887,"UVAX_A403E.CSV",12.3624777291797,7.75390066624367,1.46877748460862,98.5312225153914,32.443,3.9,0.931157690058343
