"","plot","mean.height","transect.length","mode.el","height.2","max.el","mode.2","max.can.ht","mean.max.ht","mean.vai","max.vai","deep.gaps","porosity","std.std","mean.std","rugosity","top.rugosity","plot","mean.return.ht","sd.return.ht","sky.fraction","cover.fraction","max.ht","rumple","clumping.index"
"1","UVAX_B3_08W.CSV",8.89769794411778,40,7.7,4.43564491491215,23,5.99666574022598,26.354,17.944325,6.47254484853543,8.15555555555556,0,0.701851851851852,570.621556781306,17.0519871523581,16.7287564073699,5.72398416197481,"UVAX_B3_08W.CSV",7.72302669088876,5.42699659457971,8.02056555269923,91.9794344473008,26.354,4.9,0.937277682434553
