"","plot","mean.height","transect.length","mode.el","height.2","max.el","mode.2","max.can.ht","mean.max.ht","mean.vai","max.vai","deep.gaps","porosity","std.std","mean.std","rugosity","top.rugosity","plot","mean.return.ht","sd.return.ht","sky.fraction","cover.fraction","max.ht","rumple","clumping.index"
"1","UVAX_A403W.CSV",10.6558584434357,40,8.85,4.89622178528025,25,5.54774729056759,27.894,19.24675,6.61026195677276,15.5820895522388,0,0.773275862068965,651.218763712812,17.1798146345788,18.8698895819324,5.79116951896902,"UVAX_A403W.CSV",10.0923343734188,6.42318862114836,4.65546353622256,95.3445364637774,27.894,3.7,0.935374562687252
