"","plot","mean.height","transect.length","mode.el","height.2","max.el","mode.2","max.can.ht","mean.max.ht","mean.vai","max.vai","deep.gaps","porosity","std.std","mean.std","rugosity","top.rugosity","plot","mean.return.ht","sd.return.ht","sky.fraction","cover.fraction","max.ht","rumple","clumping.index"
"1","UVAX_A403C.CSV",11.7869750876516,40,10.2,6.6471548226052,29,8.47997641506154,30.723,20.742525,7.29054619227566,8.54501216545012,0,0.72265625,1310.77629297157,27.8038892654907,23.1887911432205,6.89367439884621,"UVAX_A403C.CSV",10.559034386381,7.55771866645645,1.46052411951261,98.5394758804874,30.723,5.275,0.93843904528917
