"","plot","mean.height","transect.length","mode.el","height.2","max.el","mode.2","max.can.ht","mean.max.ht","mean.vai","max.vai","deep.gaps","porosity","std.std","mean.std","rugosity","top.rugosity","plot","mean.return.ht","sd.return.ht","sky.fraction","cover.fraction","max.ht","rumple","clumping.index"
"1","UVAX_A4005C.CSV",10.5249984643627,30,8.56666666666667,3.52851170387404,20,5.80622271552015,23.4,19.3338666666667,6.43342558265038,8.20356234096692,0,0.609722222222222,789.14547758585,22.2127966920897,17.1970096441718,2.90903966537286,"UVAX_A4005C.CSV",9.5926996645668,5.63434164119519,4.7162457125039,95.2837542874961,23.4,3.23333333333333,0.930774710687839
