"","plot","mean.height","transect.length","mode.el","height.2","max.el","mode.2","max.can.ht","mean.max.ht","mean.vai","max.vai","deep.gaps","porosity","std.std","mean.std","rugosity","top.rugosity","plot","mean.return.ht","sd.return.ht","sky.fraction","cover.fraction","max.ht","rumple","clumping.index"
"1","UVAX_A4005W.CSV",8.43314794053694,40,5.725,3.97863158628277,20,4.76963048883244,24.157,17.855525,6.65523454731027,8.12749003984064,0,0.737,1175.07607203374,25.6661687986311,22.7227606428866,5.7593739554168,"UVAX_A4005W.CSV",7.88228310451727,6.36295958091849,3.37006526158126,96.6299347384187,24.157,4.625,0.916828118926186
