"","plot","mean.height","transect.length","mode.el","height.2","max.el","mode.2","max.can.ht","mean.max.ht","mean.vai","max.vai","deep.gaps","porosity","std.std","mean.std","rugosity","top.rugosity","plot","mean.return.ht","sd.return.ht","sky.fraction","cover.fraction","max.ht","rumple","clumping.index"
"1","VDGIF-T4-06072016.CSV",13.2755758046968,30,10.1666666666667,6.01598828055992,22,6.34603988501666,32.687,25.8598333333333,7.30928677018924,8.01518026565465,0,0.706862745098039,2062.40295431983,34.2244602152252,29.8511185267201,8.63180594474969,"VDGIF-T4-06072016.CSV",12.2912648057076,8.34937265416455,2.22146969183881,97.7785303081612,32.687,6.23333333333333,0.946679816511378
