"","plot","mean.height","transect.length","mode.el","height.2","max.el","mode.2","max.can.ht","mean.max.ht","mean.vai","max.vai","deep.gaps","porosity","std.std","mean.std","rugosity","top.rugosity","plot","mean.return.ht","sd.return.ht","sky.fraction","cover.fraction","max.ht","rumple","clumping.index"
"1","VDGIF-C5-06072016.CSV",5.59614335151478,30,4.73333333333333,4.55957273593667,28,5.6564613987506,28.786,11.6352666666667,7.97415882261097,8.04444444444444,0,0.795555555555556,325.236653412067,7.10027980539016,16.5777766934301,7.99527770078336,"VDGIF-C5-06072016.CSV",4.75612460063898,4.49987058114686,0.0266169816342865,99.9733830183657,28.786,6.26666666666667,0.720648655679384
