"","plot","mean.height","transect.length","mode.el","height.2","max.el","mode.2","max.can.ht","mean.max.ht","mean.vai","max.vai","deep.gaps","porosity","std.std","mean.std","rugosity","top.rugosity","plot","mean.return.ht","sd.return.ht","sky.fraction","cover.fraction","max.ht","rumple","clumping.index"
"1","VDGIF-T3-06072016.CSV",9.8070006040779,30,8.43333333333333,6.85069341505637,28,7.68844732193843,29.989,17.0224,6.89252269506792,8.10200364298725,0,0.770967741935484,886.793432403598,17.2681715716552,24.2611558458265,8.45508165746983,"VDGIF-T3-06072016.CSV",8.19733743860421,7.32925606887563,2.84879994302401,97.151200056976,29.989,6.36666666666667,0.9320858618049
