"","plot","mean.height","transect.length","mode.el","height.2","max.el","mode.2","max.can.ht","mean.max.ht","mean.vai","max.vai","deep.gaps","porosity","std.std","mean.std","rugosity","top.rugosity","plot","mean.return.ht","sd.return.ht","sky.fraction","cover.fraction","max.ht","rumple","clumping.index"
"1","VDGIF-C3-06072016.CSV",6.13287501038377,30,4.86666666666667,3.97870124908929,22,4.20898509804389,28.793,13.8716,7.99470705260215,8.05139186295503,0,0.788888888888889,403.573914371622,10.4134489043411,17.1794643772238,8.25346583667985,"VDGIF-C3-06072016.CSV",5.5303547144656,5.10111427756338,0.00740631017627225,99.9925936898237,28.793,7.13333333333333,0.847977392930629
