"","plot","mean.height","transect.length","mode.el","height.2","max.el","mode.2","max.can.ht","mean.max.ht","mean.vai","max.vai","deep.gaps","porosity","std.std","mean.std","rugosity","top.rugosity","plot","mean.return.ht","sd.return.ht","sky.fraction","cover.fraction","max.ht","rumple","clumping.index"
"1","VDGIF-C4-06072016.CSV",12.1127716591118,30,10.2,7.88397426772758,29,9.32165936587115,31.982,18.9113,7.65957004293174,8.65671641791045,0,0.792929292929293,1377.54981654585,22.6170791845845,29.4281760512623,9.34957285083674,"VDGIF-C4-06072016.CSV",11.8068027012987,9.11971000961256,0.568181818181823,99.4318181818182,31.982,4.83333333333333,0.926768183049848
