"","plot","mean.height","transect.length","mode.el","height.2","max.el","mode.2","max.can.ht","mean.max.ht","mean.vai","max.vai","deep.gaps","porosity","std.std","mean.std","rugosity","top.rugosity","plot","mean.return.ht","sd.return.ht","sky.fraction","cover.fraction","max.ht","rumple","clumping.index"
"1","VDGIF-T5-06072016.CSV",5.84198025045216,30,4.56666666666667,3.06521864028221,15,2.60362994469047,31.433,16.2004,7.48144626684013,8.04444444444444,0,0.832291666666667,575.385758882832,12.7288463361036,20.331311562088,9.92243212537927,"VDGIF-T5-06072016.CSV",4.99925609594487,4.33615594686657,1.59102764736567,98.4089723526343,31.433,7.63333333333333,0.777625945412542
