"","plot","mean.height","transect.length","mode.el","height.2","max.el","mode.2","max.can.ht","mean.max.ht","mean.vai","max.vai","deep.gaps","porosity","std.std","mean.std","rugosity","top.rugosity","plot","mean.return.ht","sd.return.ht","sky.fraction","cover.fraction","max.ht","rumple","clumping.index"
"1","HARV_37C.CSV",5.63975002951771,40,4.375,3.43839775579904,18,3.83853813319602,20.831,12.723775,7.3372198114092,8.08053691275168,0,0.65,187.865973659452,8.91755563786325,10.4088027700147,5.73953834240824,"HARV_37C.CSV",4.95800198363501,4.35912254475839,2.34078618128986,97.6592138187101,20.831,4.375,0.861340255852737
