"","plot","mean.height","transect.length","mode.el","height.2","max.el","mode.2","max.can.ht","mean.max.ht","mean.vai","max.vai","deep.gaps","porosity","std.std","mean.std","rugosity","top.rugosity","plot","mean.return.ht","sd.return.ht","sky.fraction","cover.fraction","max.ht","rumple","clumping.index"
"1","RICE-C1-W.CSV",12.6163799860371,30,10.9,6.38452572972439,20,7.1756532803641,25.684,19.1584,7.05584586515078,8.13084112149533,0,0.725925925925926,568.087205429686,14.0011337355124,19.2887391902629,6.8752122705788,"RICE-C1-W.CSV",11.5707192818528,7.23693705698159,2.91582971554462,97.0841702844554,25.684,5.43333333333333,0.922074380738695
