"","plot","mean.height","transect.length","mode.el","height.2","max.el","mode.2","max.can.ht","mean.max.ht","mean.vai","max.vai","deep.gaps","porosity","std.std","mean.std","rugosity","top.rugosity","plot","mean.return.ht","sd.return.ht","sky.fraction","cover.fraction","max.ht","rumple","clumping.index"
"1","RICE-T1-E.CSV",16.9366663272607,30,16,6.39433678166726,26,7.15075753562749,31.091,25.0414333333333,6.36197819136088,8.04199475065617,0,0.7375,1205.52941473536,24.218463102508,24.879619363805,4.58224216072658,"RICE-T1-E.CSV",16.0357527738476,7.9898373912531,8.49063032367973,91.5093696763203,31.091,3.46666666666667,0.905062129776532
