"","plot","mean.height","transect.length","mode.el","height.2","max.el","mode.2","max.can.ht","mean.max.ht","mean.vai","max.vai","deep.gaps","porosity","std.std","mean.std","rugosity","top.rugosity","plot","mean.return.ht","sd.return.ht","sky.fraction","cover.fraction","max.ht","rumple","clumping.index"
"1","RICE-T2-E.CSV",10.6292823448622,30,9.36666666666667,5.09829848041204,24,5.89623231865532,26.286,18.5614666666667,6.50092342297768,8.24295010845987,0,0.785185185185185,716.122995943603,13.3548586395504,23.1898845762809,6.29953797284089,"RICE-T2-E.CSV",9.25951658899631,5.68819097859346,12.2818791946309,87.7181208053691,26.286,6.46666666666667,0.966334357518436
