"","plot","mean.height","transect.length","mode.el","height.2","max.el","mode.2","max.can.ht","mean.max.ht","mean.vai","max.vai","deep.gaps","porosity","std.std","mean.std","rugosity","top.rugosity","plot","mean.return.ht","sd.return.ht","sky.fraction","cover.fraction","max.ht","rumple","clumping.index"
"1","RICE-C1-E.CSV",8.72420365931313,30,6.16666666666667,5.02020136589076,22,4.872257063096,27.04,16.8899666666667,7.17136786050884,8.03047619047619,0,0.73452380952381,654.941468476842,15.7840516185223,20.1446067963777,6.10922737077415,"RICE-C1-E.CSV",7.81998711568237,6.26772346038638,2.16932648093049,97.8306735190695,27.04,5.4,0.94603725406427
