"","plot","mean.height","transect.length","mode.el","height.2","max.el","mode.2","max.can.ht","mean.max.ht","mean.vai","max.vai","deep.gaps","porosity","std.std","mean.std","rugosity","top.rugosity","plot","mean.return.ht","sd.return.ht","sky.fraction","cover.fraction","max.ht","rumple","clumping.index"
"1","RICE-C2-W.CSV",10.4919898643302,35,8.77142857142857,6.39376359416653,25,7.05118313997512,30.041,18.8467428571429,6.62473119703005,8.09453471196455,0,0.759447004608295,937.925183710969,19.0153558454874,24.0071119833364,8.0753537942632,"RICE-C2-W.CSV",8.78247338028169,7.02990259054833,7.37519568620629,92.6248043137937,30.041,6.97142857142857,0.952943421817501
