"","plot","mean.height","transect.length","mode.el","height.2","max.el","mode.2","max.can.ht","mean.max.ht","mean.vai","max.vai","deep.gaps","porosity","std.std","mean.std","rugosity","top.rugosity","plot","mean.return.ht","sd.return.ht","sky.fraction","cover.fraction","max.ht","rumple","clumping.index"
"1","RICE-T1-W.CSV",9.56907837073773,30,6.56666666666667,4.23157371382919,17,4.55106825066624,27.843,18.9651333333333,6.55363922185346,8.06926406926407,0,0.747126436781609,1749.49654309216,28.1542235086073,30.9327697065675,7.99044924175465,"RICE-T1-W.CSV",8.96273087596954,6.68330507152423,7.32045109806766,92.6795489019323,27.843,7.26666666666667,0.96190268960899
