"","plot","mean.height","transect.length","mode.el","height.2","max.el","mode.2","max.can.ht","mean.max.ht","mean.vai","max.vai","deep.gaps","porosity","std.std","mean.std","rugosity","top.rugosity","plot","mean.return.ht","sd.return.ht","sky.fraction","cover.fraction","max.ht","rumple","clumping.index"
"1","RICE-C2-E.CSV",11.6286760640117,25,10.08,7.62247992331939,28,8.18740496128047,29.887,20.52384,7.02816191768387,8.21940928270042,0,0.729032258064516,581.319246707033,14.4596719550057,19.2934479464054,6.99791977233235,"RICE-C2-E.CSV",8.60269582164016,7.40214443684728,2.35461280828174,97.6453871917183,29.887,5.92,0.950592761097231
