"","plot","mean.height","transect.length","mode.el","height.2","max.el","mode.2","max.can.ht","mean.max.ht","mean.vai","max.vai","deep.gaps","porosity","std.std","mean.std","rugosity","top.rugosity","plot","mean.return.ht","sd.return.ht","sky.fraction","cover.fraction","max.ht","rumple","clumping.index"
"1","RICE-T2-W.CSV",15.4967805756651,30,13.8,7.20870421984129,28,7.95989949685296,29.391,22.9639,5.99481210700682,8.38487972508591,0,0.722222222222222,457.362514207157,13.5726226320757,16.5271421938102,6.37263700276154,"RICE-T2-W.CSV",12.643399740911,7.48401387075325,11.8340579176184,88.1659420823815,29.391,4.5,0.920093747175735
